Entity,Code,Year,Average length of stay
Albania,ALB,2018,2.43
Albania,ALB,2019,2.58
Albania,ALB,2020,2.34
Albania,ALB,2021,2.6
Algeria,DZA,2000,3.02
Algeria,DZA,2001,3.39
Algeria,DZA,2002,4.02
Algeria,DZA,2015,1.69
Algeria,DZA,2016,1.68
Algeria,DZA,2017,1.68
Algeria,DZA,2018,1.67
Algeria,DZA,2019,1.68
Algeria,DZA,2020,1.61
Andorra,AND,1999,2.77
Andorra,AND,2000,2.93
Andorra,AND,2001,2.85
Andorra,AND,2002,2.87
Andorra,AND,2003,2.68
Andorra,AND,2004,2.62
Andorra,AND,2005,2.69
Andorra,AND,2006,2.7
Andorra,AND,2007,2.87
Andorra,AND,2008,2.9
Andorra,AND,2009,2.6
Andorra,AND,2010,2.9
Andorra,AND,2011,2.91
Andorra,AND,2012,2.97
Andorra,AND,2013,2.99
Andorra,AND,2014,2.87
Andorra,AND,2015,3.05
Andorra,AND,2016,2.94
Andorra,AND,2017,2.91
Andorra,AND,2018,2.88
Andorra,AND,2019,2.88
Andorra,AND,2020,3.1
Andorra,AND,2021,2.59
Angola,AGO,2002,4
Angola,AGO,2003,4
Argentina,ARG,2005,2.4
Argentina,ARG,2007,2.35
Argentina,ARG,2008,2.34
Argentina,ARG,2009,2.29
Argentina,ARG,2010,2.38
Argentina,ARG,2011,2.35
Argentina,ARG,2012,2.37
Argentina,ARG,2013,2.36
Argentina,ARG,2014,2.4
Argentina,ARG,2015,2.39
Argentina,ARG,2016,2.37
Argentina,ARG,2017,2.3
Argentina,ARG,2018,2.35
Argentina,ARG,2019,2.33
Argentina,ARG,2020,2.73
Argentina,ARG,2021,2.53
Armenia,ARM,1995,6
Armenia,ARM,1996,6.5
Armenia,ARM,1997,6.5
Armenia,ARM,1998,6.5
Armenia,ARM,1999,6.5
Armenia,ARM,2000,6.5
Armenia,ARM,2001,6.5
Armenia,ARM,2002,7
Armenia,ARM,2003,10
Armenia,ARM,2004,10
Armenia,ARM,2005,10
Armenia,ARM,2006,10
Armenia,ARM,2007,10
Armenia,ARM,2008,10
Armenia,ARM,2009,10
Armenia,ARM,2010,12
Armenia,ARM,2011,10
Armenia,ARM,2012,10
Armenia,ARM,2013,10
Armenia,ARM,2014,10
Armenia,ARM,2015,11
Armenia,ARM,2016,11
Armenia,ARM,2017,11
Armenia,ARM,2018,11
Armenia,ARM,2019,11
Armenia,ARM,2021,11
Australia,AUS,1995,10.4
Australia,AUS,1996,2.1
Australia,AUS,1997,2
Australia,AUS,1998,2.2
Australia,AUS,1999,2.2
Australia,AUS,2000,2.3
Australia,AUS,2001,2.3
Australia,AUS,2002,2.3
Australia,AUS,2003,2.3
Australia,AUS,2004,2.3
Australia,AUS,2005,2.3
Australia,AUS,2006,2.3
Australia,AUS,2007,2.2
Australia,AUS,2008,2.3
Australia,AUS,2009,2.3
Australia,AUS,2010,2.3
Australia,AUS,2011,2.3
Australia,AUS,2012,2.3
Australia,AUS,2013,2.2
Austria,AUT,1995,4.21
Austria,AUT,1996,4.08
Austria,AUT,1997,4
Austria,AUT,1998,3.87
Austria,AUT,1999,3.83
Austria,AUT,2000,3.73
Austria,AUT,2001,3.71
Austria,AUT,2002,3.72
Austria,AUT,2003,3.66
Austria,AUT,2004,3.58
Austria,AUT,2005,3.55
Austria,AUT,2006,3.46
Austria,AUT,2007,3.41
Austria,AUT,2008,3.4
Austria,AUT,2009,3.4
Austria,AUT,2010,3.6
Austria,AUT,2011,3.64
Austria,AUT,2012,3.62
Austria,AUT,2013,3.6
Austria,AUT,2014,3.52
Austria,AUT,2015,3.43
Austria,AUT,2016,3.4
Austria,AUT,2017,3.35
Austria,AUT,2018,3.34
Austria,AUT,2019,3.31
Austria,AUT,2020,3.91
Austria,AUT,2021,3.59
Azerbaijan,AZE,2002,3
Azerbaijan,AZE,2003,3
Azerbaijan,AZE,2004,4
Azerbaijan,AZE,2005,4
Azerbaijan,AZE,2006,3.8
Azerbaijan,AZE,2007,3.7
Azerbaijan,AZE,2008,3.1
Azerbaijan,AZE,2009,3.1
Azerbaijan,AZE,2010,3.1
Azerbaijan,AZE,2011,2.9
Azerbaijan,AZE,2012,2.63
Azerbaijan,AZE,2013,2.52
Azerbaijan,AZE,2014,2.51
Azerbaijan,AZE,2015,1.96
Azerbaijan,AZE,2016,1.89
Azerbaijan,AZE,2017,1.83
Azerbaijan,AZE,2018,1.72
Azerbaijan,AZE,2019,1.74
Azerbaijan,AZE,2020,1.49
Azerbaijan,AZE,2021,1.53
Bahamas,BHS,1995,4.72
Bahamas,BHS,2000,4.37
Bahamas,BHS,2001,4.41
Bahamas,BHS,2002,4.43
Bahamas,BHS,2003,4.47
Bahamas,BHS,2004,4.88
Bahrain,BHR,2007,1.9
Bahrain,BHR,2008,2.1
Bahrain,BHR,2009,1.9
Bahrain,BHR,2010,1.8
Bahrain,BHR,2011,1.89
Bahrain,BHR,2012,1.59
Bahrain,BHR,2013,1.55
Bahrain,BHR,2014,1.47
Bahrain,BHR,2015,1.75
Bahrain,BHR,2016,1.69
Bahrain,BHR,2017,1.98
Bahrain,BHR,2018,1.95
Bahrain,BHR,2019,2.02
Bahrain,BHR,2020,2.3
Bahrain,BHR,2021,3.1
Barbados,BRB,1995,6.9
Barbados,BRB,1996,7.2
Barbados,BRB,1997,6.6
Barbados,BRB,1998,6.6
Barbados,BRB,1999,6.9
Barbados,BRB,2000,7.6
Barbados,BRB,2001,7.3
Barbados,BRB,2002,7.2
Barbados,BRB,2003,6.8
Barbados,BRB,2004,6.8
Barbados,BRB,2005,7.4
Barbados,BRB,2006,7.2
Barbados,BRB,2007,7.4
Belarus,BLR,1998,2.63
Belarus,BLR,1999,2.68
Belarus,BLR,2000,2.77
Belarus,BLR,2001,2.76
Belarus,BLR,2002,2.78
Belarus,BLR,2003,2.71
Belarus,BLR,2004,2.77
Belarus,BLR,2005,2.93
Belarus,BLR,2006,3
Belarus,BLR,2007,3.04
Belarus,BLR,2008,2.99
Belarus,BLR,2009,2.91
Belarus,BLR,2010,2.69
Belarus,BLR,2011,2.52
Belarus,BLR,2012,2.47
Belarus,BLR,2013,2.5
Belarus,BLR,2014,2.54
Belarus,BLR,2015,2.41
Belarus,BLR,2016,2.25
Belarus,BLR,2017,2.24
Belarus,BLR,2018,2.15
Belarus,BLR,2019,2.2
Belarus,BLR,2020,2.49
Belarus,BLR,2021,2.37
Belize,BLZ,1995,5
Belize,BLZ,1999,7.1
Belize,BLZ,2000,7.6
Belize,BLZ,2001,7.6
Belize,BLZ,2002,7.6
Belize,BLZ,2003,6.8
Belize,BLZ,2004,6.8
Belize,BLZ,2006,7.72
Belize,BLZ,2007,7.72
Belize,BLZ,2008,8.39
Belize,BLZ,2009,7.27
Belize,BLZ,2010,7.32
Belize,BLZ,2011,7.23
Belize,BLZ,2012,6.99
Belize,BLZ,2013,7.36
Belize,BLZ,2014,6.69
Belize,BLZ,2015,6.58
Belize,BLZ,2016,6.18
Belize,BLZ,2017,5.77
Belize,BLZ,2018,6.28
Belize,BLZ,2019,6.1
Belize,BLZ,2020,6.26
Benin,BEN,1999,2.05
Benin,BEN,2000,1.79
Benin,BEN,2006,2.55
Benin,BEN,2007,2.93
Benin,BEN,2008,3.75
Benin,BEN,2009,4.79
Benin,BEN,2010,5
Benin,BEN,2011,5.06
Benin,BEN,2012,5.51
Benin,BEN,2013,5.94
Benin,BEN,2014,5.51
Benin,BEN,2015,5.51
Benin,BEN,2016,5.51
Benin,BEN,2017,5.51
Benin,BEN,2018,5.51
Benin,BEN,2019,5.51
Benin,BEN,2020,5.51
Bermuda,BMU,1997,5.17
Bermuda,BMU,1998,5.26
Bermuda,BMU,2001,6
Bermuda,BMU,2002,6.5
Bermuda,BMU,2003,6.2
Bermuda,BMU,2004,6.4
Bermuda,BMU,2005,6.4
Bermuda,BMU,2006,6.5
Bermuda,BMU,2007,4.88
Bermuda,BMU,2008,5
Bermuda,BMU,2009,4.84
Bermuda,BMU,2010,4.94
Bermuda,BMU,2011,4.9
Bermuda,BMU,2012,4.9
Bhutan,BTN,2000,7
Bhutan,BTN,2002,8
Bhutan,BTN,2003,8
Bhutan,BTN,2004,8
Bhutan,BTN,2005,8.5
Bhutan,BTN,2006,8
Bhutan,BTN,2007,7.9
Bhutan,BTN,2008,7.8
Bhutan,BTN,2009,7.6
Bhutan,BTN,2010,7.6
Bhutan,BTN,2011,7.5
Bolivia,BOL,1995,2.8
Bolivia,BOL,1996,2.3
Bolivia,BOL,1997,2.3
Bolivia,BOL,1998,2.3
Bolivia,BOL,1999,2.2
Bolivia,BOL,2000,2.2
Bolivia,BOL,2001,2.11
Bolivia,BOL,2002,2.04
Bolivia,BOL,2003,2.11
Bolivia,BOL,2004,2.02
Bosnia and Herzegovina,BIH,1997,2.6
Bosnia and Herzegovina,BIH,1998,2.4
Bosnia and Herzegovina,BIH,1999,2.4
Bosnia and Herzegovina,BIH,2000,2.3
Botswana,BWA,1998,9.4
Botswana,BWA,1999,9.8
Botswana,BWA,2000,9.8
Botswana,BWA,2001,10.3
Botswana,BWA,2002,8.2
Botswana,BWA,2003,6
Botswana,BWA,2004,9.6
Botswana,BWA,2005,2.5
Botswana,BWA,2006,2.1
Botswana,BWA,2007,2
Botswana,BWA,2008,2.6
Botswana,BWA,2009,2.7
Botswana,BWA,2010,2.2
Botswana,BWA,2011,2.5
Botswana,BWA,2013,2.2
Botswana,BWA,2014,2.2
Botswana,BWA,2015,2.2
Botswana,BWA,2016,2.3
Botswana,BWA,2017,1.8
Botswana,BWA,2018,1.8
British Virgin Islands,VGB,1995,8.9
British Virgin Islands,VGB,1996,9.1
British Virgin Islands,VGB,1997,7.9
British Virgin Islands,VGB,1998,9.3
British Virgin Islands,VGB,1999,9.4
British Virgin Islands,VGB,2000,9.13
British Virgin Islands,VGB,2001,12
British Virgin Islands,VGB,2002,9
British Virgin Islands,VGB,2003,10
British Virgin Islands,VGB,2004,11
British Virgin Islands,VGB,2005,9
British Virgin Islands,VGB,2006,7.25
British Virgin Islands,VGB,2007,8
British Virgin Islands,VGB,2008,6.5
British Virgin Islands,VGB,2009,6.5
British Virgin Islands,VGB,2010,6.3
British Virgin Islands,VGB,2011,6.7
British Virgin Islands,VGB,2012,6.8
British Virgin Islands,VGB,2013,6.5
British Virgin Islands,VGB,2014,6.8
British Virgin Islands,VGB,2015,6.7
Brunei,BRN,1995,3
Brunei,BRN,1996,2.6
Brunei,BRN,1997,2.14
Brunei,BRN,1998,1.84
Brunei,BRN,1999,2.93
Brunei,BRN,2000,1.88
Brunei,BRN,2016,2.2
Brunei,BRN,2017,2.21
Brunei,BRN,2018,2.33
Brunei,BRN,2019,2.34
Brunei,BRN,2020,4.5
Brunei,BRN,2021,5.8
Bulgaria,BGR,1995,3.4
Bulgaria,BGR,1996,3.9
Bulgaria,BGR,1997,4.1
Bulgaria,BGR,1998,3.8
Bulgaria,BGR,1999,3.8
Bulgaria,BGR,2000,3.9
Bulgaria,BGR,2001,4.3
Bulgaria,BGR,2002,4.2
Bulgaria,BGR,2003,4.21
Bulgaria,BGR,2004,4.23
Bulgaria,BGR,2005,4.2
Bulgaria,BGR,2006,4.07
Bulgaria,BGR,2007,3.8
Bulgaria,BGR,2008,3.6
Bulgaria,BGR,2009,3.5
Bulgaria,BGR,2010,3.7
Bulgaria,BGR,2011,3.73
Bulgaria,BGR,2012,3.71
Bulgaria,BGR,2013,3.71
Bulgaria,BGR,2014,3.7
Bulgaria,BGR,2015,3.4
Bulgaria,BGR,2016,3.5
Bulgaria,BGR,2017,3.52
Bulgaria,BGR,2018,3.47
Bulgaria,BGR,2019,3.33
Bulgaria,BGR,2020,2.97
Bulgaria,BGR,2021,3.12
Burkina Faso,BFA,2007,3.2
Burkina Faso,BFA,2008,2.7
Burkina Faso,BFA,2009,2.5
Burkina Faso,BFA,2010,2.5
Burkina Faso,BFA,2011,2.5
Burkina Faso,BFA,2012,2.25
Burkina Faso,BFA,2013,2.23
Burkina Faso,BFA,2014,2.08
Burkina Faso,BFA,2015,1.97
Burkina Faso,BFA,2016,2.11
Burkina Faso,BFA,2017,2.03
Burkina Faso,BFA,2018,1.98
Burkina Faso,BFA,2019,2.16
Burkina Faso,BFA,2020,2.11
Burkina Faso,BFA,2021,2.06
Burundi,BDI,1995,1.52
Burundi,BDI,1996,1.24
Burundi,BDI,1997,1.12
Burundi,BDI,1998,1.96
Burundi,BDI,2006,2
Cameroon,CMR,2006,1.51
Cameroon,CMR,2007,1.45
Cameroon,CMR,2008,1.36
Cameroon,CMR,2009,1.42
Cameroon,CMR,2010,1.27
Cameroon,CMR,2011,1.38
Cameroon,CMR,2012,1.52
Cameroon,CMR,2013,1.57
Cameroon,CMR,2014,1.62
Cameroon,CMR,2015,1.63
Cameroon,CMR,2016,1.65
Cameroon,CMR,2017,1.86
Cameroon,CMR,2018,1.87
Cameroon,CMR,2019,1.9
Cameroon,CMR,2020,1.47
Canada,CAN,1995,5.43
Canada,CAN,1996,5.59
Canada,CAN,1997,5.5
Canada,CAN,1998,5.22
Cape Verde,CPV,1999,3.8
Cape Verde,CPV,2000,4.4
Cape Verde,CPV,2001,4.6
Cape Verde,CPV,2002,4.23
Cape Verde,CPV,2003,4.72
Cape Verde,CPV,2004,4.56
Cape Verde,CPV,2005,3.89
Cape Verde,CPV,2006,4.61
Cape Verde,CPV,2007,4.3
Cape Verde,CPV,2008,5.21
Cape Verde,CPV,2009,5.89
Cape Verde,CPV,2010,5.73
Cape Verde,CPV,2011,5.7
Cape Verde,CPV,2012,6
Cape Verde,CPV,2013,6
Cape Verde,CPV,2014,6
Cape Verde,CPV,2015,6.3
Cape Verde,CPV,2016,6.1
Cape Verde,CPV,2017,6.2
Cape Verde,CPV,2018,5.9
Cape Verde,CPV,2019,6
Cape Verde,CPV,2020,5.3
Cape Verde,CPV,2021,4.7
Cayman Islands,CYM,1995,4.7
Cayman Islands,CYM,1996,4.5
Cayman Islands,CYM,1997,4.8501844
Cayman Islands,CYM,1998,5
Cayman Islands,CYM,1999,4.7
Cayman Islands,CYM,2000,4.6
Cayman Islands,CYM,2001,4.5
Cayman Islands,CYM,2002,4.8
Cayman Islands,CYM,2003,4.7
Cayman Islands,CYM,2004,4.9
Cayman Islands,CYM,2005,4.9
Cayman Islands,CYM,2006,4.5
Cayman Islands,CYM,2007,4.7
Cayman Islands,CYM,2008,4.5
Cayman Islands,CYM,2009,4.4
Cayman Islands,CYM,2010,6.25
Cayman Islands,CYM,2011,6.25
Cayman Islands,CYM,2012,6.27
Cayman Islands,CYM,2013,6.14
Cayman Islands,CYM,2014,6.1
Cayman Islands,CYM,2015,6.26
Cayman Islands,CYM,2016,6.16
Cayman Islands,CYM,2017,6.16
Cayman Islands,CYM,2018,6.07
Cayman Islands,CYM,2019,5.9
Cayman Islands,CYM,2020,6.1
Central African Republic,CAF,2000,3.27
Central African Republic,CAF,2001,4.77
Central African Republic,CAF,2002,4.11
Central African Republic,CAF,2003,5.61
Central African Republic,CAF,2004,3.01
Central African Republic,CAF,2005,4.22
Central African Republic,CAF,2006,3.82
Central African Republic,CAF,2007,2.45
Central African Republic,CAF,2008,2.99
Central African Republic,CAF,2009,2.99
Central African Republic,CAF,2010,2.67
Central African Republic,CAF,2011,2.13
Central African Republic,CAF,2012,2.25
Central African Republic,CAF,2013,2.36
Central African Republic,CAF,2014,2.95
Central African Republic,CAF,2015,2.79
Central African Republic,CAF,2016,1.4
Central African Republic,CAF,2017,1.3
Central African Republic,CAF,2018,1.91
Central African Republic,CAF,2019,2.1
Central African Republic,CAF,2020,2.37
Central African Republic,CAF,2021,1.82
Chad,TCD,1995,2
Chad,TCD,1996,2
Chad,TCD,1997,2
Chad,TCD,1998,3
Chad,TCD,1999,3
Chad,TCD,2000,3.62
Chad,TCD,2001,3.9
Chad,TCD,2003,3
Chad,TCD,2004,3
Chad,TCD,2005,3
Chile,CHL,1995,2.2
Chile,CHL,1996,2.2
Chile,CHL,1997,2.3
Chile,CHL,1998,2.2
Chile,CHL,1999,2
Chile,CHL,2000,2.1
Chile,CHL,2001,2.1
Chile,CHL,2002,2.1
Chile,CHL,2003,2.2
Chile,CHL,2004,2.1
Chile,CHL,2005,2
Chile,CHL,2006,2.1
Chile,CHL,2007,2.1
Chile,CHL,2008,2.1
Chile,CHL,2009,2.1
Chile,CHL,2010,2.1
Chile,CHL,2011,2
Chile,CHL,2012,1.9
Chile,CHL,2013,2
Chile,CHL,2014,1.95
Chile,CHL,2015,1.91
Chile,CHL,2016,1.9
Chile,CHL,2017,2.04
Chile,CHL,2018,2.03
Chile,CHL,2019,2.01
Chile,CHL,2020,2.13
Chile,CHL,2021,2.18
China,CHN,1995,2.48
China,CHN,1996,2.43
China,CHN,1997,2.44
China,CHN,1998,2.64
China,CHN,1999,2.53
China,CHN,2000,2.52
China,CHN,2001,2.54
China,CHN,2002,2.54
China,CHN,2003,2.66
China,CHN,2004,2.6
China,CHN,2005,2.6
China,CHN,2006,2.67
China,CHN,2007,2.67
China,CHN,2008,2.64
China,CHN,2009,2.68
China,CHN,2010,2.73
China,CHN,2011,2.77
China,CHN,2012,2.84
China,CHN,2013,2.71
Colombia,COL,1995,2.65
Colombia,COL,1996,2.65
Colombia,COL,1997,2.64
Comoros,COM,1995,7
Comoros,COM,2000,7
Comoros,COM,2001,7
Comoros,COM,2002,7
Comoros,COM,2003,7
Comoros,COM,2004,7
Comoros,COM,2005,7
Comoros,COM,2006,7
Comoros,COM,2007,7
Comoros,COM,2008,8
Comoros,COM,2009,6
Comoros,COM,2010,6
Comoros,COM,2011,7
Comoros,COM,2012,7
Comoros,COM,2013,7
Comoros,COM,2014,7
Comoros,COM,2015,7
Comoros,COM,2016,7
Comoros,COM,2017,7
Comoros,COM,2018,7
Comoros,COM,2019,7
Comoros,COM,2020,7
Comoros,COM,2021,7
Congo,COG,1996,3
Congo,COG,1997,3.7
Congo,COG,1998,2.7
Congo,COG,1999,4.1
Congo,COG,2000,3.7
Congo,COG,2001,3.5
Congo,COG,2006,2.7
Congo,COG,2007,2.9
Congo,COG,2008,3
Congo,COG,2009,2.1
Congo,COG,2010,2.2
Congo,COG,2011,2.2
Congo,COG,2012,2.7
Congo,COG,2013,2.5
Congo,COG,2014,2.9
Congo,COG,2015,3.9
Congo,COG,2016,2.8
Congo,COG,2017,2.3
Congo,COG,2018,2.55
Costa Rica,CRI,2010,10.6
Costa Rica,CRI,2011,11
Costa Rica,CRI,2012,11.6
Costa Rica,CRI,2013,11.6
Costa Rica,CRI,2014,12.4
Costa Rica,CRI,2015,11.3
Costa Rica,CRI,2016,12.1
Costa Rica,CRI,2017,11.9
Costa Rica,CRI,2018,11.7
Costa Rica,CRI,2019,12.56
Costa Rica,CRI,2020,12.93
Costa Rica,CRI,2021,13.62
Cote d'Ivoire,CIV,1995,3.4
Cote d'Ivoire,CIV,1997,3.4
Cote d'Ivoire,CIV,2007,3
Cote d'Ivoire,CIV,2008,3
Cote d'Ivoire,CIV,2009,3
Cote d'Ivoire,CIV,2010,3
Cote d'Ivoire,CIV,2011,3
Cote d'Ivoire,CIV,2012,3
Cote d'Ivoire,CIV,2013,3
Cote d'Ivoire,CIV,2014,3
Cote d'Ivoire,CIV,2015,4
Cote d'Ivoire,CIV,2016,4
Cote d'Ivoire,CIV,2017,3
Cote d'Ivoire,CIV,2018,3
Cote d'Ivoire,CIV,2019,3
Cote d'Ivoire,CIV,2020,2
Cote d'Ivoire,CIV,2021,2
Croatia,HRV,1995,5.29
Croatia,HRV,1996,5.22
Croatia,HRV,1997,5.51
Croatia,HRV,1998,5.44
Croatia,HRV,1999,5.29
Croatia,HRV,2000,5.49
Croatia,HRV,2001,5.5
Croatia,HRV,2002,5.06
Croatia,HRV,2003,5.25
Croatia,HRV,2004,5.08
Croatia,HRV,2005,4.48
Croatia,HRV,2006,4.33
Croatia,HRV,2007,4.17
Croatia,HRV,2008,4.07
Croatia,HRV,2009,4
Croatia,HRV,2010,3.98
Croatia,HRV,2011,3.89
Croatia,HRV,2012,3.91
Croatia,HRV,2013,3.79
Croatia,HRV,2014,3.63
Croatia,HRV,2015,3.58
Croatia,HRV,2016,3.59
Croatia,HRV,2017,3.49
Croatia,HRV,2018,3.39
Croatia,HRV,2019,3.27
Croatia,HRV,2020,3.64
Croatia,HRV,2021,3.85
Cuba,CUB,1995,3.2
Cuba,CUB,1996,3.1
Cuba,CUB,1997,3.1
Cuba,CUB,1998,3.3
Cuba,CUB,1999,3
Curacao,CUW,1995,6.33
Curacao,CUW,1996,6.28
Curacao,CUW,1997,5.89
Curacao,CUW,1999,8.6
Curacao,CUW,2000,8.24
Curacao,CUW,2001,8.39
Curacao,CUW,2002,8.38
Curacao,CUW,2003,8.56
Curacao,CUW,2004,8.59
Curacao,CUW,2005,8.82
Curacao,CUW,2006,9.2
Curacao,CUW,2007,8.54
Curacao,CUW,2008,7.28
Curacao,CUW,2009,7.18
Curacao,CUW,2010,8.5
Curacao,CUW,2011,8.2
Curacao,CUW,2012,8.8
Curacao,CUW,2013,8.52
Curacao,CUW,2014,8.81
Curacao,CUW,2015,8.14
Curacao,CUW,2016,7.9
Curacao,CUW,2017,8.06
Curacao,CUW,2018,7.94
Curacao,CUW,2019,8.2
Curacao,CUW,2020,9.4
Curacao,CUW,2021,10.8
Cyprus,CYP,2000,6.91
Cyprus,CYP,2001,7.17
Cyprus,CYP,2002,6.68
Cyprus,CYP,2003,6.48
Cyprus,CYP,2004,6.74
Cyprus,CYP,2005,6.79
Cyprus,CYP,2006,6.32
Cyprus,CYP,2007,6.19
Cyprus,CYP,2008,6.27
Cyprus,CYP,2009,5.72
Cyprus,CYP,2010,5.68
Cyprus,CYP,2011,5.72
Cyprus,CYP,2012,5.76
Cyprus,CYP,2013,5.88
Cyprus,CYP,2014,5.78
Cyprus,CYP,2015,5.78
Cyprus,CYP,2016,5.62
Cyprus,CYP,2017,5.7
Cyprus,CYP,2018,5.4
Cyprus,CYP,2019,5.42
Cyprus,CYP,2020,3.37
Cyprus,CYP,2021,4.6
Czechia,CZE,1995,3.1
Czechia,CZE,1996,2.9
Czechia,CZE,1997,2.9
Czechia,CZE,1998,2.8
Czechia,CZE,1999,2.9
Czechia,CZE,2000,2.73
Czechia,CZE,2001,2.62
Czechia,CZE,2002,2.69
Czechia,CZE,2003,2.67
Czechia,CZE,2004,2.7
Czechia,CZE,2005,2.68
Czechia,CZE,2006,2.76
Czechia,CZE,2007,2.73
Czechia,CZE,2008,2.72
Czechia,CZE,2009,2.71
Czechia,CZE,2010,2.69
Czechia,CZE,2011,2.96
Czechia,CZE,2012,2.53
Czechia,CZE,2013,2.54
Czechia,CZE,2014,2.52
Czechia,CZE,2015,2.61
Czechia,CZE,2016,2.55
Czechia,CZE,2017,2.43
Czechia,CZE,2018,2.61
Czechia,CZE,2019,2.59
Czechia,CZE,2020,2.6
Czechia,CZE,2021,2.51
Democratic Republic of Congo,COD,1995,5
Democratic Republic of Congo,COD,1999,7
Democratic Republic of Congo,COD,2000,4
Democratic Republic of Congo,COD,2001,7
Democratic Republic of Congo,COD,2002,8
Democratic Republic of Congo,COD,2003,7
Democratic Republic of Congo,COD,2007,4
Democratic Republic of Congo,COD,2008,4
Democratic Republic of Congo,COD,2009,5
Democratic Republic of Congo,COD,2010,4
Democratic Republic of Congo,COD,2011,4
Dominica,DMA,2009,11.95
Dominica,DMA,2010,8.69
Dominica,DMA,2011,9.6
Dominica,DMA,2012,8.51
Dominica,DMA,2013,9.09
Dominica,DMA,2014,8.87
Dominica,DMA,2015,8.52
Dominican Republic,DOM,1998,10
Dominican Republic,DOM,1999,9.69
Dominican Republic,DOM,2000,10
Dominican Republic,DOM,2001,9.82
Dominican Republic,DOM,2002,9.65
Dominican Republic,DOM,2003,9.32
Dominican Republic,DOM,2004,8.97
Dominican Republic,DOM,2005,9.2
Dominican Republic,DOM,2006,9.3
Dominican Republic,DOM,2007,9.26
Dominican Republic,DOM,2008,9.23
Dominican Republic,DOM,2009,9.19
Dominican Republic,DOM,2010,9.22
Dominican Republic,DOM,2011,8.91
Dominican Republic,DOM,2012,8.52
Dominican Republic,DOM,2013,8.46
Dominican Republic,DOM,2014,8.37
Dominican Republic,DOM,2015,8.32
Dominican Republic,DOM,2016,8.54
Dominican Republic,DOM,2017,8.61
Dominican Republic,DOM,2018,8.37
Dominican Republic,DOM,2019,8.52
Dominican Republic,DOM,2020,9.06
Dominican Republic,DOM,2021,9.55
Egypt,EGY,1999,4
Egypt,EGY,2000,6
Egypt,EGY,2001,6.4
Egypt,EGY,2002,6.3
Egypt,EGY,2003,8.8
Egypt,EGY,2004,10.7
Egypt,EGY,2005,10.4
Egypt,EGY,2006,10.2
Egypt,EGY,2007,10
Egypt,EGY,2008,10
Egypt,EGY,2009,10.09
Egypt,EGY,2010,10
Egypt,EGY,2011,11.6
Egypt,EGY,2012,12
Egypt,EGY,2013,10
Egypt,EGY,2014,10
Egypt,EGY,2015,9
Egypt,EGY,2016,6.1
Egypt,EGY,2017,7.78
Egypt,EGY,2018,11.62
Egypt,EGY,2019,10.46
El Salvador,SLV,1995,2.2
El Salvador,SLV,1996,2.3
El Salvador,SLV,1997,2.5
El Salvador,SLV,1998,3
El Salvador,SLV,1999,4
El Salvador,SLV,2000,4
El Salvador,SLV,2001,4
El Salvador,SLV,2002,4
El Salvador,SLV,2003,5
El Salvador,SLV,2004,5
El Salvador,SLV,2005,6.2
El Salvador,SLV,2006,8.1
El Salvador,SLV,2007,6.7
El Salvador,SLV,2008,7.1
El Salvador,SLV,2009,6.2
El Salvador,SLV,2010,5.8
El Salvador,SLV,2011,5.4
El Salvador,SLV,2012,6
El Salvador,SLV,2013,6.5
El Salvador,SLV,2014,7.1
El Salvador,SLV,2015,6.8
El Salvador,SLV,2016,6.2
El Salvador,SLV,2017,6.2
El Salvador,SLV,2018,7.5
El Salvador,SLV,2019,8.8
El Salvador,SLV,2020,10.7
El Salvador,SLV,2021,11.2
Eritrea,ERI,2005,3
Eritrea,ERI,2006,3
Eritrea,ERI,2007,3.1
Eritrea,ERI,2008,3.4
Eritrea,ERI,2009,2.3
Eritrea,ERI,2010,2.6
Eritrea,ERI,2011,2.4
Eritrea,ERI,2012,3.8
Eritrea,ERI,2013,3.6
Eritrea,ERI,2014,3.7
Eritrea,ERI,2015,3.7
Eritrea,ERI,2016,2.9
Estonia,EST,1995,1.81
Estonia,EST,1996,1.74
Estonia,EST,1997,1.6
Estonia,EST,1998,1.6
Estonia,EST,1999,1.53
Estonia,EST,2000,1.53
Estonia,EST,2001,1.59
Estonia,EST,2002,1.99
Estonia,EST,2003,2.04
Estonia,EST,2004,1.95
Estonia,EST,2005,1.98
Estonia,EST,2006,2.01
Estonia,EST,2007,2
Estonia,EST,2008,1.91
Estonia,EST,2009,1.87
Estonia,EST,2010,1.92
Estonia,EST,2011,1.94
Estonia,EST,2012,1.9
Estonia,EST,2013,1.86
Estonia,EST,2014,1.82
Estonia,EST,2015,1.79
Estonia,EST,2016,1.79
Estonia,EST,2017,1.77
Estonia,EST,2018,1.77
Estonia,EST,2019,1.77
Estonia,EST,2020,1.75
Estonia,EST,2021,1.76
Eswatini,SWZ,1995,1
Eswatini,SWZ,1996,1.1
Eswatini,SWZ,1997,1.1
Eswatini,SWZ,1998,1
Eswatini,SWZ,1999,1
Eswatini,SWZ,2000,0.8
Eswatini,SWZ,2001,1
Eswatini,SWZ,2002,0.83
Eswatini,SWZ,2003,1
Eswatini,SWZ,2005,1.08
Eswatini,SWZ,2006,0.97
Eswatini,SWZ,2007,0.77
Eswatini,SWZ,2008,1.23
Eswatini,SWZ,2009,1.29
Eswatini,SWZ,2010,1.27
Eswatini,SWZ,2011,0.9
Eswatini,SWZ,2012,1.27
Eswatini,SWZ,2013,0.91
Eswatini,SWZ,2014,0.92
Eswatini,SWZ,2015,0.88
Eswatini,SWZ,2016,0.94
Eswatini,SWZ,2017,1.07
Eswatini,SWZ,2018,0.96
Eswatini,SWZ,2019,1.09
Eswatini,SWZ,2020,1.37
Eswatini,SWZ,2021,1.66
Ethiopia,ETH,1995,4.4
Ethiopia,ETH,1996,5.3
Ethiopia,ETH,1997,2.36
Ethiopia,ETH,1998,4.55
Ethiopia,ETH,2000,2.06
Ethiopia,ETH,2001,2.4
Ethiopia,ETH,2003,3
Finland,FIN,1995,1.84
Finland,FIN,1996,1.86
Finland,FIN,1997,1.88
Finland,FIN,1998,2
Finland,FIN,1999,1.9
Finland,FIN,2000,1.9
Finland,FIN,2001,1.88
Finland,FIN,2002,1.9
Finland,FIN,2003,1.89
Finland,FIN,2004,1.83
Finland,FIN,2005,1.84
Finland,FIN,2006,1.82
Finland,FIN,2007,1.82
Finland,FIN,2008,1.81
Finland,FIN,2009,1.8
Finland,FIN,2010,1.79
Finland,FIN,2011,1.77
Finland,FIN,2012,1.77
Finland,FIN,2013,1.76
Finland,FIN,2014,1.75
Finland,FIN,2015,1.74
Finland,FIN,2016,1.73
Finland,FIN,2017,1.74
Finland,FIN,2018,1.74
Finland,FIN,2019,1.74
Finland,FIN,2020,1.81
Finland,FIN,2021,1.81
France,FRA,1998,1.86
France,FRA,1999,1.87
France,FRA,2000,1.88
France,FRA,2001,1.89
France,FRA,2002,1.9
France,FRA,2003,1.87
France,FRA,2004,1.82
France,FRA,2005,1.81
France,FRA,2006,1.82
France,FRA,2007,1.84
France,FRA,2008,1.84
France,FRA,2009,1.81
France,FRA,2010,1.82
France,FRA,2011,1.82
France,FRA,2012,1.82
France,FRA,2013,1.81
France,FRA,2014,1.79
France,FRA,2015,1.78
France,FRA,2016,1.76
France,FRA,2017,1.76
France,FRA,2018,1.77
France,FRA,2019,1.8
France,FRA,2020,1.8
France,FRA,2021,1.8
French Guiana,GUF,2009,2.5
French Guiana,GUF,2010,3
French Guiana,GUF,2011,3.1
French Guiana,GUF,2012,2.9
French Guiana,GUF,2013,2.6
French Guiana,GUF,2014,2.8
French Guiana,GUF,2015,2.3
French Guiana,GUF,2016,2.3
French Guiana,GUF,2017,2.6
French Guiana,GUF,2018,2.5
French Guiana,GUF,2019,2.5
French Polynesia,PYF,1995,9.63
French Polynesia,PYF,1996,9.07
French Polynesia,PYF,1997,9.45
French Polynesia,PYF,1998,9.2
French Polynesia,PYF,1999,9.2
French Polynesia,PYF,2000,10.56
French Polynesia,PYF,2001,10.46
French Polynesia,PYF,2002,10.74
French Polynesia,PYF,2003,10.84
French Polynesia,PYF,2004,10.44
French Polynesia,PYF,2005,10.8
French Polynesia,PYF,2006,11.11
French Polynesia,PYF,2007,11.2
French Polynesia,PYF,2008,11.4
French Polynesia,PYF,2009,11.6
French Polynesia,PYF,2010,11.8
French Polynesia,PYF,2011,11.7
French Polynesia,PYF,2012,11.7
French Polynesia,PYF,2013,12
French Polynesia,PYF,2014,12.73
French Polynesia,PYF,2015,12.3
French Polynesia,PYF,2016,13.8
French Polynesia,PYF,2017,14
French Polynesia,PYF,2018,13.8
French Polynesia,PYF,2019,14.9
French Polynesia,PYF,2020,18.2
French Polynesia,PYF,2021,20.9
Gambia,GMB,1997,13.31
Gambia,GMB,1998,13
Gambia,GMB,1999,12.76
Gambia,GMB,2000,12.9
Gambia,GMB,2001,12.9
Gambia,GMB,2002,12.9
Gambia,GMB,2003,12.9
Gambia,GMB,2006,14
Gambia,GMB,2007,7
Gambia,GMB,2008,7
Gambia,GMB,2009,7
Georgia,GEO,2004,3
Georgia,GEO,2005,7
Georgia,GEO,2007,8
Georgia,GEO,2008,6
Georgia,GEO,2009,4
Georgia,GEO,2010,4
Georgia,GEO,2011,4
Georgia,GEO,2012,4
Georgia,GEO,2013,5
Georgia,GEO,2014,4
Georgia,GEO,2015,4
Georgia,GEO,2016,4
Germany,DEU,1995,2.39
Germany,DEU,1996,2.17
Germany,DEU,1997,2.15
Germany,DEU,1998,2.12
Germany,DEU,1999,2.13
Germany,DEU,2000,2.32
Germany,DEU,2001,2.33
Germany,DEU,2002,2.31
Germany,DEU,2003,2.29
Germany,DEU,2004,2.25
Germany,DEU,2005,2.22
Germany,DEU,2006,2.19
Germany,DEU,2007,2.18
Germany,DEU,2008,2.17
Germany,DEU,2009,2.17
Germany,DEU,2010,2.14
Germany,DEU,2011,2.12
Germany,DEU,2012,2.13
Germany,DEU,2013,2.12
Germany,DEU,2014,2.12
Germany,DEU,2015,2.1
Germany,DEU,2016,2.1
Germany,DEU,2017,2.1
Germany,DEU,2018,2.1
Germany,DEU,2019,2.1
Germany,DEU,2020,2.3
Germany,DEU,2021,2.4
Ghana,GHA,2017,12
Ghana,GHA,2018,15
Ghana,GHA,2019,10
Ghana,GHA,2020,12
Ghana,GHA,2021,14
Greece,GRC,1995,4.51
Greece,GRC,1996,4.43
Greece,GRC,1997,4.43
Greece,GRC,1998,4.01
Greece,GRC,1999,4.27
Greece,GRC,2000,4.47
Greece,GRC,2001,4.4
Greece,GRC,2002,4.41
Greece,GRC,2003,4.37
Greece,GRC,2004,4.34
Greece,GRC,2005,4.13
Greece,GRC,2006,4.15
Greece,GRC,2007,4.08
Greece,GRC,2008,4.1
Greece,GRC,2009,4.05
Greece,GRC,2010,4.11
Greece,GRC,2011,4.23
Greece,GRC,2012,4.35
Greece,GRC,2013,4.43
Greece,GRC,2014,4.44
Greece,GRC,2015,4.39
Greece,GRC,2016,4.4
Greece,GRC,2017,4.37
Greece,GRC,2018,4.26
Greece,GRC,2019,4.2
Greece,GRC,2020,4.77
Greece,GRC,2021,4.7
Grenada,GRD,1995,7.4
Grenada,GRD,1996,7.54
Grenada,GRD,1997,7.4
Grenada,GRD,1998,7.36
Grenada,GRD,1999,7.32
Grenada,GRD,2000,7.2
Grenada,GRD,2001,7.23
Grenada,GRD,2002,7.32
Grenada,GRD,2003,7.65
Grenada,GRD,2004,7.53
Grenada,GRD,2005,7.42
Grenada,GRD,2006,7.63
Grenada,GRD,2007,8.7
Grenada,GRD,2008,8.44
Grenada,GRD,2009,8.52
Grenada,GRD,2010,8.5
Grenada,GRD,2011,8.21
Grenada,GRD,2012,9.13
Grenada,GRD,2013,9.3
Grenada,GRD,2014,8.92
Grenada,GRD,2015,8.81
Grenada,GRD,2016,8.99
Grenada,GRD,2017,9.1
Grenada,GRD,2018,9.12
Grenada,GRD,2019,9.06
Grenada,GRD,2020,9.31
Grenada,GRD,2021,12.65
Guadeloupe,GLP,1995,6.06
Guadeloupe,GLP,1996,5.96
Guadeloupe,GLP,1997,5.74
Guadeloupe,GLP,1998,6.06
Guadeloupe,GLP,1999,5.8
Guadeloupe,GLP,2000,5.2
Guadeloupe,GLP,2001,5.3
Guadeloupe,GLP,2003,3.5
Guadeloupe,GLP,2004,3.9
Guadeloupe,GLP,2005,3.5
Guadeloupe,GLP,2006,3.9
Guadeloupe,GLP,2007,3.5
Guadeloupe,GLP,2008,3.2
Guadeloupe,GLP,2009,3.3
Guadeloupe,GLP,2010,3.3
Guadeloupe,GLP,2011,3.4
Guadeloupe,GLP,2012,3.4
Guadeloupe,GLP,2013,3
Guam,GUM,1995,3
Guatemala,GTM,1995,4
Guatemala,GTM,2006,7.1
Guatemala,GTM,2007,7.6
Guatemala,GTM,2008,1.16
Guinea,GIN,2001,3
Guinea,GIN,2002,3
Guinea,GIN,2006,3.8
Guinea,GIN,2007,8.06
Haiti,HTI,1995,9.6
Honduras,HND,2007,4.19
Honduras,HND,2008,6
Hungary,HUN,1995,3.18
Hungary,HUN,1996,2.82
Hungary,HUN,1997,2.87
Hungary,HUN,1998,2.86
Hungary,HUN,1999,2.87
Hungary,HUN,2000,2.86
Hungary,HUN,2001,2.85
Hungary,HUN,2002,2.81
Hungary,HUN,2003,2.79
Hungary,HUN,2004,2.71
Hungary,HUN,2005,2.66
Hungary,HUN,2006,2.63
Hungary,HUN,2007,2.58
Hungary,HUN,2008,2.5
Hungary,HUN,2009,2.5
Hungary,HUN,2010,2.62
Hungary,HUN,2011,2.47
Hungary,HUN,2012,2.6
Hungary,HUN,2013,2.59
Hungary,HUN,2014,2.53
Hungary,HUN,2015,2.39
Hungary,HUN,2016,2.39
Hungary,HUN,2017,2.41
Hungary,HUN,2018,2.37
Hungary,HUN,2019,2.34
Hungary,HUN,2020,2.43
Hungary,HUN,2021,2.46
Iceland,ISL,1997,1.66
Iceland,ISL,1998,1.86
Iceland,ISL,1999,1.85
Iceland,ISL,2000,1.86
Iceland,ISL,2001,1.85
Iceland,ISL,2002,1.8
Iceland,ISL,2003,1.8
Iceland,ISL,2004,1.8
Iceland,ISL,2005,1.8
Iceland,ISL,2006,1.8
Iceland,ISL,2007,1.8
Iceland,ISL,2008,1.8
Iceland,ISL,2009,1.8
Iceland,ISL,2010,1.8
Iceland,ISL,2011,1.74
Iceland,ISL,2012,1.78
Iceland,ISL,2013,1.77
Iceland,ISL,2014,1.74
Iceland,ISL,2015,1.71
Iceland,ISL,2016,1.72
Iceland,ISL,2017,1.68
Iceland,ISL,2018,1.64
Iceland,ISL,2019,1.62
Iceland,ISL,2020,1.7
Iceland,ISL,2021,1.65
Indonesia,IDN,1995,2.53
Indonesia,IDN,1996,2.73
Indonesia,IDN,1997,2.8
Indonesia,IDN,1998,2.62
Indonesia,IDN,1999,2.36
Indonesia,IDN,2000,2.25
Indonesia,IDN,2002,2.07
Indonesia,IDN,2003,1.99
Indonesia,IDN,2004,2
Indonesia,IDN,2005,1.99
Indonesia,IDN,2006,2.17
Indonesia,IDN,2007,2.08
Indonesia,IDN,2008,2.03
Indonesia,IDN,2009,1.95
Indonesia,IDN,2010,1.93
Indonesia,IDN,2011,1.99
Indonesia,IDN,2012,1.93
Indonesia,IDN,2013,1.98
Indonesia,IDN,2014,2.15
Indonesia,IDN,2015,1.94
Indonesia,IDN,2016,1.82
Indonesia,IDN,2017,1.91
Indonesia,IDN,2018,1.98
Indonesia,IDN,2019,1.72
Indonesia,IDN,2020,1.73
Indonesia,IDN,2021,1.66
Iran,IRN,1995,2.6
Iran,IRN,1996,2.5
Iran,IRN,1997,2.4
Iran,IRN,1998,3
Iran,IRN,1999,2.17
Iran,IRN,2000,2.18
Iran,IRN,2001,1.15
Iran,IRN,2002,2.16
Iran,IRN,2003,2.04
Israel,ISR,1995,3.2
Israel,ISR,1996,3.2
Israel,ISR,1997,3.3
Israel,ISR,1998,3.4
Israel,ISR,1999,2.6461756
Israel,ISR,2000,3.06
Israel,ISR,2001,3.6
Israel,ISR,2002,3.79
Israel,ISR,2003,2.53
Israel,ISR,2004,2.59
Israel,ISR,2005,3.5
Israel,ISR,2006,3.22
Israel,ISR,2007,2.69
Israel,ISR,2008,2.68
Israel,ISR,2009,2.69
Israel,ISR,2010,2.72
Israel,ISR,2011,2.72
Israel,ISR,2012,2.72
Israel,ISR,2013,2.6
Israel,ISR,2014,2.54
Israel,ISR,2015,2.51
Israel,ISR,2016,2.5
Israel,ISR,2017,2.4
Israel,ISR,2018,2.4
Israel,ISR,2019,2.36
Israel,ISR,2020,2.34
Israel,ISR,2021,2.18
Italy,ITA,1995,4.29
Italy,ITA,2000,4.23
Italy,ITA,2001,4.28
Italy,ITA,2002,4.21
Italy,ITA,2003,3.4
Italy,ITA,2004,3.31
Italy,ITA,2005,3.33
Italy,ITA,2006,3.27
Italy,ITA,2007,3.26
Italy,ITA,2008,3.26
Italy,ITA,2009,3.23
Italy,ITA,2010,3.16
Italy,ITA,2011,3.13
Italy,ITA,2012,3.09
Italy,ITA,2013,3.08
Italy,ITA,2014,3.03
Italy,ITA,2015,2.95
Italy,ITA,2016,2.97
Italy,ITA,2017,2.93
Italy,ITA,2018,2.89
Italy,ITA,2019,2.87
Italy,ITA,2020,3.16
Italy,ITA,2021,3.68
Jamaica,JAM,1995,7.1
Jamaica,JAM,1996,7.1
Jamaica,JAM,1997,7.1
Jamaica,JAM,1998,7
Jamaica,JAM,1999,6.9
Jamaica,JAM,2000,6.6
Jamaica,JAM,2001,6.6
Jamaica,JAM,2002,6.4
Jamaica,JAM,2003,6.4
Jamaica,JAM,2004,6.5
Jamaica,JAM,2005,6.9
Jamaica,JAM,2006,6.9
Jamaica,JAM,2007,7
Jamaica,JAM,2008,7
Jamaica,JAM,2009,7
Jamaica,JAM,2010,6.9
Jamaica,JAM,2011,6.9
Jamaica,JAM,2012,6.8
Jamaica,JAM,2013,6.85
Jamaica,JAM,2014,6.88
Jamaica,JAM,2015,6.87
Jamaica,JAM,2016,6.87
Jamaica,JAM,2017,6.6
Jamaica,JAM,2018,6.2
Jamaica,JAM,2019,6.11
Jamaica,JAM,2020,6.27
Jamaica,JAM,2021,6.23
Japan,JPN,2008,1.2734065
Japan,JPN,2009,1.2568867
Japan,JPN,2010,1.2861481
Japan,JPN,2011,1.3365208
Japan,JPN,2012,1.3249837
Japan,JPN,2013,1.33
Japan,JPN,2014,1.33
Japan,JPN,2015,1.33
Japan,JPN,2016,1.32
Japan,JPN,2017,1.32
Japan,JPN,2018,1.33
Japan,JPN,2019,1.34
Japan,JPN,2020,1.33
Japan,JPN,2021,1.33
Jordan,JOR,2003,2.6
Jordan,JOR,2004,2.5
Jordan,JOR,2005,2.4
Jordan,JOR,2006,2.3
Jordan,JOR,2007,2.34
Jordan,JOR,2008,2.2
Jordan,JOR,2009,2.07
Jordan,JOR,2010,2
Jordan,JOR,2011,2
Jordan,JOR,2012,2.4
Jordan,JOR,2013,2
Jordan,JOR,2014,2
Kenya,KEN,1995,12.5
Kenya,KEN,1996,14.2
Kenya,KEN,1997,11.8
Kenya,KEN,1998,9.6
Kenya,KEN,1999,9.4
Kenya,KEN,2000,8.7
Kenya,KEN,2001,8.4
Kenya,KEN,2002,8.5
Kenya,KEN,2003,8.4
Kenya,KEN,2004,14
Kenya,KEN,2005,14
Kenya,KEN,2006,11
Kenya,KEN,2007,12.1
Kenya,KEN,2008,10.4
Kenya,KEN,2009,11.7
Kenya,KEN,2010,13.4
Kenya,KEN,2011,13.42
Kenya,KEN,2012,13.22
Kenya,KEN,2013,13.23
Kenya,KEN,2014,12.93
Kenya,KEN,2015,13.2
Kenya,KEN,2016,13.2
Kenya,KEN,2017,13
Kiribati,KIR,1995,19
Kiribati,KIR,1996,21
Kiribati,KIR,1997,21
Kiribati,KIR,1998,18
Kiribati,KIR,1999,7
Kiribati,KIR,2000,7
Kiribati,KIR,2001,7
Kuwait,KWT,1995,3.3
Latvia,LVA,1995,4.1
Latvia,LVA,1996,3.7
Latvia,LVA,1997,3.3
Latvia,LVA,1998,3.1
Latvia,LVA,1999,3.1
Latvia,LVA,2000,2.9
Latvia,LVA,2001,2.8
Latvia,LVA,2002,2.5
Latvia,LVA,2003,2.48
Latvia,LVA,2004,2.32
Latvia,LVA,2005,2.23
Latvia,LVA,2006,2.23
Latvia,LVA,2007,2.11
Latvia,LVA,2008,2.15
Latvia,LVA,2009,2.19
Latvia,LVA,2010,2.1
Latvia,LVA,2011,2
Latvia,LVA,2012,2.2
Latvia,LVA,2013,2.1
Latvia,LVA,2014,1.89
Latvia,LVA,2015,1.81
Latvia,LVA,2016,1.92
Latvia,LVA,2017,1.8
Latvia,LVA,2018,1.77
Latvia,LVA,2019,1.8
Latvia,LVA,2020,1.8
Latvia,LVA,2021,1.8
Lebanon,LBN,2006,2.46
Lebanon,LBN,2007,2.23
Lebanon,LBN,2008,2.29
Lebanon,LBN,2009,2.54
Lebanon,LBN,2010,2.4
Lebanon,LBN,2011,2.36
Lebanon,LBN,2012,2.81
Lebanon,LBN,2013,3.82
Lebanon,LBN,2014,3.18
Lebanon,LBN,2015,3.53
Lebanon,LBN,2016,3.2
Lebanon,LBN,2017,3.22
Lebanon,LBN,2018,3.18
Lebanon,LBN,2019,3.21
Lebanon,LBN,2020,2.68
Lebanon,LBN,2021,2.66
Lesotho,LSO,2006,7.2
Lesotho,LSO,2007,7.96
Lesotho,LSO,2008,9.1
Lesotho,LSO,2009,9
Lesotho,LSO,2010,10
Lesotho,LSO,2011,9
Lesotho,LSO,2012,10
Lesotho,LSO,2013,12
Lesotho,LSO,2014,5
Liechtenstein,LIE,1999,2.06
Liechtenstein,LIE,2000,2.12
Liechtenstein,LIE,2001,2.13
Liechtenstein,LIE,2002,2.18
Liechtenstein,LIE,2003,2.1
Liechtenstein,LIE,2004,2.1
Liechtenstein,LIE,2005,2.2
Liechtenstein,LIE,2006,2.1
Liechtenstein,LIE,2007,2.2
Liechtenstein,LIE,2008,2.2
Liechtenstein,LIE,2009,2.2
Liechtenstein,LIE,2010,2.2
Liechtenstein,LIE,2011,2.1
Liechtenstein,LIE,2012,2.08
Liechtenstein,LIE,2013,2.13
Liechtenstein,LIE,2014,2.03
Liechtenstein,LIE,2015,1.86
Liechtenstein,LIE,2016,1.79
Liechtenstein,LIE,2017,1.82
Liechtenstein,LIE,2018,1.86
Liechtenstein,LIE,2019,1.76
Liechtenstein,LIE,2020,2.1
Liechtenstein,LIE,2021,2.19
Lithuania,LTU,1995,2.38
Lithuania,LTU,1996,2.32
Lithuania,LTU,1997,2.18
Lithuania,LTU,1998,2.35
Lithuania,LTU,1999,2.4
Lithuania,LTU,2000,2.24
Lithuania,LTU,2001,2.19
Lithuania,LTU,2002,2.1
Lithuania,LTU,2003,1.99
Lithuania,LTU,2004,2.13
Lithuania,LTU,2005,2.14
Lithuania,LTU,2006,2.1
Lithuania,LTU,2007,1.94
Lithuania,LTU,2008,1.87
Lithuania,LTU,2009,1.89
Lithuania,LTU,2010,1.95
Lithuania,LTU,2011,1.99
Lithuania,LTU,2012,1.99
Lithuania,LTU,2013,2.04
Lithuania,LTU,2014,1.89
Lithuania,LTU,2015,1.84
Lithuania,LTU,2016,1.84
Lithuania,LTU,2020,1.9
Luxembourg,LUX,1995,3.32
Luxembourg,LUX,1996,3.27
Luxembourg,LUX,1997,3.19
Luxembourg,LUX,1998,2.2
Luxembourg,LUX,1999,2.1
Luxembourg,LUX,2000,2.1
Luxembourg,LUX,2001,2.1
Luxembourg,LUX,2002,2
Luxembourg,LUX,2003,2
Luxembourg,LUX,2004,2
Luxembourg,LUX,2005,2
Luxembourg,LUX,2006,1.98
Luxembourg,LUX,2007,1.98
Luxembourg,LUX,2008,1.98
Luxembourg,LUX,2009,1.88
Luxembourg,LUX,2010,1.83
Luxembourg,LUX,2011,1.93
Luxembourg,LUX,2012,1.9
Luxembourg,LUX,2013,1.89
Luxembourg,LUX,2014,1.88
Luxembourg,LUX,2015,1.85
Luxembourg,LUX,2016,1.91
Luxembourg,LUX,2017,1.88
Luxembourg,LUX,2018,1.9
Luxembourg,LUX,2019,1.84
Luxembourg,LUX,2020,1.69
Luxembourg,LUX,2021,1.93
Macao,MAC,1995,1.3
Macao,MAC,1996,1.32
Macao,MAC,1997,1.34
Macao,MAC,1998,1.43
Macao,MAC,1999,1.43
Macao,MAC,2000,1.33
Macao,MAC,2001,1.35
Macao,MAC,2002,1.28
Macao,MAC,2003,1.26
Macao,MAC,2004,1.22
Macao,MAC,2005,1.22
Macao,MAC,2006,1.21
Macao,MAC,2007,1.34
Macao,MAC,2008,1.44
Macao,MAC,2009,1.5
Macao,MAC,2010,1.54
Macao,MAC,2011,1.53
Macao,MAC,2012,1.4
Macao,MAC,2013,1.4
Macao,MAC,2014,1.44
Macao,MAC,2015,1.48
Macao,MAC,2016,1.43
Macao,MAC,2017,1.48
Macao,MAC,2018,1.52
Macao,MAC,2019,1.53
Macao,MAC,2020,1.7
Macao,MAC,2021,1.8
Madagascar,MDG,1995,5.12
Madagascar,MDG,1996,4
Madagascar,MDG,1997,4
Madagascar,MDG,1998,4
Madagascar,MDG,1999,4
Madagascar,MDG,2000,4
Madagascar,MDG,2001,4
Madagascar,MDG,2002,2
Madagascar,MDG,2003,4
Madagascar,MDG,2004,4
Madagascar,MDG,2005,4
Madagascar,MDG,2006,4
Madagascar,MDG,2007,4
Madagascar,MDG,2008,4
Madagascar,MDG,2009,4
Madagascar,MDG,2010,4
Madagascar,MDG,2015,20
Madagascar,MDG,2016,20
Madagascar,MDG,2017,22
Madagascar,MDG,2018,21
Madagascar,MDG,2019,21
Madagascar,MDG,2020,18
Madagascar,MDG,2021,23
Malawi,MWI,1997,7
Malawi,MWI,1998,8
Malawi,MWI,1999,9
Malawi,MWI,2000,7.2
Malawi,MWI,2001,8.1
Malawi,MWI,2002,7.6
Malawi,MWI,2003,8.1
Malawi,MWI,2004,8
Malawi,MWI,2005,8
Malawi,MWI,2006,9.8
Malawi,MWI,2007,7.7
Malawi,MWI,2008,8.4
Malawi,MWI,2009,8
Malawi,MWI,2010,8.5
Malawi,MWI,2011,8
Malawi,MWI,2012,8.7
Malawi,MWI,2014,10.1
Malawi,MWI,2015,8.8
Malawi,MWI,2016,9.3
Malawi,MWI,2017,10.2
Malawi,MWI,2018,10.8
Malaysia,MYS,1995,1.6
Malaysia,MYS,1999,1.5
Maldives,MDV,1995,8.4
Maldives,MDV,1996,9
Maldives,MDV,1997,8.9
Maldives,MDV,1998,8.8
Maldives,MDV,1999,8.7
Maldives,MDV,2000,8.43
Maldives,MDV,2001,8.53
Maldives,MDV,2002,8.4
Maldives,MDV,2003,8.35
Maldives,MDV,2004,8.29
Maldives,MDV,2005,8.35
Maldives,MDV,2006,8.02
Maldives,MDV,2007,8.51
Maldives,MDV,2008,7.97
Maldives,MDV,2009,8.56
Maldives,MDV,2010,7.4
Maldives,MDV,2011,7
Maldives,MDV,2012,6.7
Maldives,MDV,2013,6.3
Maldives,MDV,2014,6.1
Maldives,MDV,2015,5.7
Maldives,MDV,2016,5.6
Maldives,MDV,2017,6.2
Maldives,MDV,2018,6.4
Maldives,MDV,2019,6.3
Maldives,MDV,2020,7.2
Maldives,MDV,2021,8.7
Mali,MLI,1995,2.39
Mali,MLI,1996,2
Mali,MLI,1997,1.97
Mali,MLI,1998,1.96
Mali,MLI,1999,3
Mali,MLI,2000,2
Mali,MLI,2001,2
Mali,MLI,2002,2
Mali,MLI,2003,2
Mali,MLI,2004,2.8
Mali,MLI,2005,2.2
Mali,MLI,2006,2.3
Mali,MLI,2007,2.4
Mali,MLI,2008,2.45
Mali,MLI,2009,2.5
Mali,MLI,2010,2
Mali,MLI,2011,2.1
Mali,MLI,2012,0.6
Malta,MLT,1997,9.4
Malta,MLT,1998,9.1
Malta,MLT,1999,9.1
Malta,MLT,2000,8.3
Malta,MLT,2001,9
Malta,MLT,2002,8.8
Malta,MLT,2003,9
Malta,MLT,2004,9.5
Malta,MLT,2005,8.4
Malta,MLT,2006,8.4
Malta,MLT,2008,7.8
Malta,MLT,2009,7.5
Malta,MLT,2010,7.3
Malta,MLT,2011,7.2
Malta,MLT,2012,7.3
Malta,MLT,2013,7.3
Malta,MLT,2014,7
Malta,MLT,2015,7.9
Malta,MLT,2016,7.6
Malta,MLT,2017,6.2
Malta,MLT,2018,6.1
Malta,MLT,2019,5.9
Malta,MLT,2020,5.8
Malta,MLT,2021,6.6
Martinique,MTQ,1995,10
Martinique,MTQ,1996,8
Martinique,MTQ,1997,9.4
Martinique,MTQ,1998,8.8
Martinique,MTQ,1999,8.5
Martinique,MTQ,2000,9.2
Martinique,MTQ,2001,8.7
Martinique,MTQ,2002,10
Martinique,MTQ,2003,9
Martinique,MTQ,2004,9
Martinique,MTQ,2005,8.5
Martinique,MTQ,2006,8.4
Martinique,MTQ,2007,8.6
Martinique,MTQ,2008,8.07
Martinique,MTQ,2009,7.96
Martinique,MTQ,2010,7.87
Martinique,MTQ,2011,8.52
Martinique,MTQ,2012,8.68
Martinique,MTQ,2013,8.6
Martinique,MTQ,2014,8.8
Martinique,MTQ,2017,8.1
Martinique,MTQ,2018,7
Martinique,MTQ,2019,6.5
Martinique,MTQ,2020,7
Martinique,MTQ,2021,9
Mexico,MEX,1995,3.71
Mexico,MEX,1996,3.77
Mexico,MEX,1997,3.75
Mexico,MEX,1998,3.65
Mexico,MEX,1999,3.62
Mexico,MEX,2000,3.44
Mexico,MEX,2001,3.15
Mexico,MEX,2002,3.21
Mexico,MEX,2003,3.04
Mexico,MEX,2004,3.03
Mexico,MEX,2005,3.15
Mexico,MEX,2006,3.12
Mexico,MEX,2007,3.68
Mexico,MEX,2008,3.58
Mexico,MEX,2009,3.56
Mexico,MEX,2010,3.8501208
Mexico,MEX,2011,3.8768845
Mexico,MEX,2012,4
Mexico,MEX,2013,4.14
Mexico,MEX,2014,3.72
Mexico,MEX,2015,3.95
Mexico,MEX,2016,3.69
Mexico,MEX,2017,3.49
Mexico,MEX,2018,3.44
Mexico,MEX,2019,3.36
Mexico,MEX,2020,3.33
Mexico,MEX,2021,3.53
Moldova,MDA,2004,2.4
Moldova,MDA,2005,2.6
Moldova,MDA,2006,2.9
Moldova,MDA,2007,2.7
Moldova,MDA,2008,2.9
Moldova,MDA,2009,2.9
Moldova,MDA,2010,3.1
Moldova,MDA,2011,2.82
Moldova,MDA,2012,2.64
Moldova,MDA,2013,2.69
Moldova,MDA,2014,2.68
Moldova,MDA,2015,2.96
Moldova,MDA,2016,2.35
Moldova,MDA,2017,2.32
Moldova,MDA,2018,2.44
Moldova,MDA,2019,2.35
Moldova,MDA,2020,2.87
Moldova,MDA,2021,2.77
Monaco,MCO,1995,2.69
Monaco,MCO,1996,2.84
Monaco,MCO,1997,3.02
Monaco,MCO,1998,2.98
Monaco,MCO,1999,2.92
Monaco,MCO,2000,2.87
Monaco,MCO,2001,2.96
Monaco,MCO,2002,2.91
Monaco,MCO,2003,2.87
Monaco,MCO,2004,2.78
Monaco,MCO,2005,2.81
Monaco,MCO,2006,2.92
Monaco,MCO,2007,2.88
Monaco,MCO,2008,2.91
Monaco,MCO,2009,2.94
Monaco,MCO,2010,2.93
Monaco,MCO,2011,2.89
Monaco,MCO,2012,2.74
Monaco,MCO,2013,2.71
Monaco,MCO,2014,2.74
Monaco,MCO,2015,2.58
Monaco,MCO,2016,2.49
Monaco,MCO,2017,2.47
Monaco,MCO,2018,2.46
Monaco,MCO,2019,2.5
Monaco,MCO,2020,2.52
Monaco,MCO,2021,2.54
Morocco,MAR,1995,7.5
Morocco,MAR,1996,7
Morocco,MAR,1997,7.1
Morocco,MAR,1998,7.3
Morocco,MAR,1999,7.4
Morocco,MAR,2000,6.9
Morocco,MAR,2001,6.5
Morocco,MAR,2002,5.7
Morocco,MAR,2003,5.5
Morocco,MAR,2004,5.4
Morocco,MAR,2005,6.3
Morocco,MAR,2006,6.5
Morocco,MAR,2007,7
Morocco,MAR,2008,7.2
Morocco,MAR,2009,8.7
Morocco,MAR,2010,7.7
Morocco,MAR,2011,6.4
Morocco,MAR,2012,3
Morocco,MAR,2013,3
Morocco,MAR,2014,3
Morocco,MAR,2015,2.9
Morocco,MAR,2016,2.9
Morocco,MAR,2017,2.85
Morocco,MAR,2018,2.79
Morocco,MAR,2019,3.1
Morocco,MAR,2020,2.76
Morocco,MAR,2021,2.53
Mozambique,MOZ,2001,2
Mozambique,MOZ,2002,2.3
Mozambique,MOZ,2003,2.1
Mozambique,MOZ,2004,2.19
Mozambique,MOZ,2005,2.1
Mozambique,MOZ,2006,2.1
Mozambique,MOZ,2007,1.7
Mozambique,MOZ,2008,1.8
Mozambique,MOZ,2009,1.9
Mozambique,MOZ,2010,2
Mozambique,MOZ,2011,2.1
Mozambique,MOZ,2012,1.7
Mozambique,MOZ,2013,1.7
Mozambique,MOZ,2014,1.7
Mozambique,MOZ,2015,1.6
Mozambique,MOZ,2016,1.6
Mozambique,MOZ,2017,1.7
Mozambique,MOZ,2018,1.85
Mozambique,MOZ,2019,1.66
Mozambique,MOZ,2020,2
Mozambique,MOZ,2021,2
Myanmar,MMR,1995,3
Myanmar,MMR,1996,4
Myanmar,MMR,1997,4
Myanmar,MMR,1998,4
Myanmar,MMR,1999,4
Myanmar,MMR,2000,4
Myanmar,MMR,2001,4
Myanmar,MMR,2002,4
Myanmar,MMR,2003,4
Myanmar,MMR,2004,4
Myanmar,MMR,2005,4
Myanmar,MMR,2006,4
Myanmar,MMR,2007,4
Myanmar,MMR,2008,4
Namibia,NAM,1997,1.8
Namibia,NAM,1998,1.9
Namibia,NAM,1999,1.8
Namibia,NAM,2000,1.7
Namibia,NAM,2001,1.9
Namibia,NAM,2002,1.9
Namibia,NAM,2003,1.9
Namibia,NAM,2005,1.9
Namibia,NAM,2006,1.94
Nepal,NPL,2009,11.32
Nepal,NPL,2010,12.67
Nepal,NPL,2011,13.12
Nepal,NPL,2012,12.16
Nepal,NPL,2013,12.6
Nepal,NPL,2014,12.44
Nepal,NPL,2015,13.16
Nepal,NPL,2016,13.4
Nepal,NPL,2017,12.6
Nepal,NPL,2018,12.4
Nepal,NPL,2019,12.7
Nepal,NPL,2020,15.1
Nepal,NPL,2021,15.5
Netherlands,NLD,1995,3
Netherlands,NLD,1996,3.48
Netherlands,NLD,1997,3.27
Netherlands,NLD,1998,1.9
Netherlands,NLD,1999,1.9
Netherlands,NLD,2000,1.9
Netherlands,NLD,2001,1.9
Netherlands,NLD,2002,1.9
Netherlands,NLD,2003,1.9
Netherlands,NLD,2004,1.8
Netherlands,NLD,2005,1.8
Netherlands,NLD,2006,1.8
Netherlands,NLD,2007,1.78
Netherlands,NLD,2008,1.76
Netherlands,NLD,2009,1.76
Netherlands,NLD,2010,1.76
Netherlands,NLD,2011,1.74
Netherlands,NLD,2012,1.73
Netherlands,NLD,2013,1.74
Netherlands,NLD,2014,1.72
Netherlands,NLD,2015,1.72
Netherlands,NLD,2016,1.73
Netherlands,NLD,2017,1.71
Netherlands,NLD,2018,1.74
Netherlands,NLD,2019,1.78
Netherlands,NLD,2020,1.78
Netherlands,NLD,2021,1.77
New Caledonia,NCL,1995,5.3
New Caledonia,NCL,1996,4.6
New Caledonia,NCL,1997,4.7
New Caledonia,NCL,1998,4.5
New Caledonia,NCL,1999,4.4
New Caledonia,NCL,2000,4.4
New Caledonia,NCL,2001,4.1
New Caledonia,NCL,2002,4
New Caledonia,NCL,2003,4.4
New Caledonia,NCL,2004,4.5
New Caledonia,NCL,2005,4.4
New Caledonia,NCL,2006,3.7
New Caledonia,NCL,2007,2.4
New Caledonia,NCL,2008,2.9
New Caledonia,NCL,2009,2.5
New Caledonia,NCL,2010,2
New Caledonia,NCL,2011,2.1
New Caledonia,NCL,2012,2.34
New Caledonia,NCL,2013,2.55
New Caledonia,NCL,2014,2.8
New Zealand,NZL,1997,2
New Zealand,NZL,1998,2
New Zealand,NZL,1999,2
New Zealand,NZL,2000,2
New Zealand,NZL,2001,2
New Zealand,NZL,2002,2
New Zealand,NZL,2003,2
New Zealand,NZL,2004,2
New Zealand,NZL,2005,2
New Zealand,NZL,2006,2
New Zealand,NZL,2007,1.9
New Zealand,NZL,2008,1.9
New Zealand,NZL,2009,1.9
New Zealand,NZL,2010,1.9
New Zealand,NZL,2011,1.9
New Zealand,NZL,2012,1.9
New Zealand,NZL,2013,1.9
New Zealand,NZL,2014,2
New Zealand,NZL,2015,1.9
New Zealand,NZL,2016,1.9
New Zealand,NZL,2017,1.9
New Zealand,NZL,2018,1.9
Nicaragua,NIC,1995,2.8
Nicaragua,NIC,1996,2.8
Nicaragua,NIC,1997,3
Nicaragua,NIC,1998,3.2
Nicaragua,NIC,1999,3.3
Nicaragua,NIC,2000,3.3
Nicaragua,NIC,2001,2.6
Nicaragua,NIC,2002,2.6
Nicaragua,NIC,2003,2.2
Nicaragua,NIC,2004,2.1
Nicaragua,NIC,2005,2.2
Nicaragua,NIC,2006,2
Nicaragua,NIC,2007,2.7
Nicaragua,NIC,2008,2.5
Nicaragua,NIC,2009,2.4
Nicaragua,NIC,2010,2
Nicaragua,NIC,2011,2
Nicaragua,NIC,2012,1.9
Nicaragua,NIC,2013,1.9
Nicaragua,NIC,2014,2.1
Nicaragua,NIC,2015,2.1
Nicaragua,NIC,2016,2.1
Nicaragua,NIC,2017,1.9
Nicaragua,NIC,2018,2
Nicaragua,NIC,2019,2.4
Nicaragua,NIC,2020,2.3
Nicaragua,NIC,2021,2.6
Niger,NER,1995,3
Niger,NER,1996,5
Niger,NER,1997,5
Niger,NER,1998,5
Niger,NER,1999,5
Niger,NER,2000,5
Niger,NER,2001,5
Niger,NER,2002,5
Niger,NER,2003,7
Niger,NER,2004,7
Niger,NER,2005,7
Niger,NER,2006,7
Niger,NER,2007,8
Niger,NER,2008,8
Niger,NER,2012,2
Niger,NER,2013,2
Niger,NER,2014,2
Niger,NER,2015,2
Niger,NER,2016,2
Niger,NER,2017,2
Niger,NER,2018,2
Niger,NER,2019,2.23
Niger,NER,2020,1.84
Nigeria,NGA,2012,5
Nigeria,NGA,2013,7
Nigeria,NGA,2014,7
Nigeria,NGA,2015,8
Nigeria,NGA,2016,7
Nigeria,NGA,2017,7
Nigeria,NGA,2018,6
Nigeria,NGA,2019,7
Nigeria,NGA,2020,3
Nigeria,NGA,2021,7
Niue,NIU,2002,7
Niue,NIU,2003,7
Niue,NIU,2004,7
Niue,NIU,2005,7
Niue,NIU,2006,7
Niue,NIU,2007,7
Niue,NIU,2008,7
Niue,NIU,2009,8.5
Niue,NIU,2010,8.5
North Macedonia,MKD,1995,3.6
North Macedonia,MKD,1996,3.6
North Macedonia,MKD,1997,3.5
North Macedonia,MKD,1998,4.2
North Macedonia,MKD,1999,4.2
North Macedonia,MKD,2000,3.9
North Macedonia,MKD,2001,3.8
North Macedonia,MKD,2002,4.2
North Macedonia,MKD,2003,4.2
North Macedonia,MKD,2004,4
North Macedonia,MKD,2005,3.9
North Macedonia,MKD,2006,3.8
North Macedonia,MKD,2007,3.8
North Macedonia,MKD,2008,3.7
North Macedonia,MKD,2009,3.6
North Macedonia,MKD,2010,3.5
North Macedonia,MKD,2011,3.36
North Macedonia,MKD,2012,3.24
North Macedonia,MKD,2013,3.07
North Macedonia,MKD,2014,2.98
North Macedonia,MKD,2015,2.93
North Macedonia,MKD,2016,2.87
North Macedonia,MKD,2017,2.78
North Macedonia,MKD,2018,2.82
North Macedonia,MKD,2019,2.75
North Macedonia,MKD,2020,3.63
North Macedonia,MKD,2021,3.29
Norway,NOR,1995,1.61
Norway,NOR,1996,1.67
Norway,NOR,1997,1.71
Norway,NOR,1998,1.69
Norway,NOR,1999,1.68
Norway,NOR,2000,1.67
Norway,NOR,2001,1.67
Norway,NOR,2002,1.69
Norway,NOR,2003,1.66
Norway,NOR,2004,1.66
Norway,NOR,2005,1.65
Norway,NOR,2006,1.62
Norway,NOR,2007,1.63
Norway,NOR,2008,1.65
Norway,NOR,2009,1.64
Norway,NOR,2010,1.64
Norway,NOR,2011,1.6
Norway,NOR,2012,1.6
Norway,NOR,2013,1.56
Norway,NOR,2014,1.61
Norway,NOR,2015,1.62
Norway,NOR,2016,1.59
Norway,NOR,2017,1.57
Norway,NOR,2018,1.63
Norway,NOR,2019,1.64
Norway,NOR,2020,1.76
Norway,NOR,2021,1.79
Oman,OMN,2002,1.01
Oman,OMN,2003,1.17
Oman,OMN,2004,1.11
Pakistan,PAK,1995,1.18
Pakistan,PAK,1996,1.1
Pakistan,PAK,1997,1.01
Pakistan,PAK,1998,1.21
Pakistan,PAK,1999,1.17
Pakistan,PAK,2000,1.18
Pakistan,PAK,2001,1.31
Pakistan,PAK,2002,1.27
Pakistan,PAK,2003,1.23
Pakistan,PAK,2004,1.28
Pakistan,PAK,2005,1.27
Palau,PLW,2000,7
Palau,PLW,2001,7
Palau,PLW,2002,7
Palau,PLW,2003,7
Palau,PLW,2004,6
Palestine,PSE,1996,3.2
Palestine,PSE,1997,2.9
Palestine,PSE,1998,2.8
Palestine,PSE,1999,2.8
Palestine,PSE,2000,3
Palestine,PSE,2001,3.1
Palestine,PSE,2002,3.3
Palestine,PSE,2003,3.2
Palestine,PSE,2004,2.5
Palestine,PSE,2005,2.7
Palestine,PSE,2006,2.5
Palestine,PSE,2007,2.1
Palestine,PSE,2008,2.5
Palestine,PSE,2009,2.3
Palestine,PSE,2010,2.2
Palestine,PSE,2011,2.5
Palestine,PSE,2012,2.3
Palestine,PSE,2013,2.44
Palestine,PSE,2014,2.52
Palestine,PSE,2015,2.93
Palestine,PSE,2016,2.92
Palestine,PSE,2017,2.85
Palestine,PSE,2018,2.78
Palestine,PSE,2019,2.69
Palestine,PSE,2020,2.7
Palestine,PSE,2021,1.9
Panama,PAN,1995,2.38
Panama,PAN,1996,2.42
Panama,PAN,1997,2.29
Panama,PAN,1998,2.24
Panama,PAN,1999,2.31
Panama,PAN,2000,2.51
Panama,PAN,2001,2.25
Panama,PAN,2002,2.08
Panama,PAN,2003,2.13
Panama,PAN,2004,2.2
Panama,PAN,2005,2.22
Panama,PAN,2006,2.43
Panama,PAN,2007,2.51
Panama,PAN,2008,2.79
Panama,PAN,2009,2.65
Panama,PAN,2010,2.5
Panama,PAN,2011,2.4
Panama,PAN,2012,2.6
Panama,PAN,2013,2.7
Panama,PAN,2014,2.5
Panama,PAN,2015,2.6
Panama,PAN,2016,3.3
Panama,PAN,2017,3.5
Panama,PAN,2018,3.7
Panama,PAN,2019,4.3
Panama,PAN,2020,2.5
Panama,PAN,2021,2.5
Papua New Guinea,PNG,1997,10.2
Papua New Guinea,PNG,1999,8.2
Papua New Guinea,PNG,2000,10.2
Papua New Guinea,PNG,2001,9.1
Papua New Guinea,PNG,2006,17.6
Papua New Guinea,PNG,2007,18.1
Papua New Guinea,PNG,2008,18
Papua New Guinea,PNG,2009,14.8
Papua New Guinea,PNG,2010,15.2
Papua New Guinea,PNG,2011,15.4
Papua New Guinea,PNG,2013,18
Papua New Guinea,PNG,2014,18.4
Papua New Guinea,PNG,2015,21.3
Paraguay,PRY,1995,3
Paraguay,PRY,1996,3
Paraguay,PRY,1997,2.5
Paraguay,PRY,1998,2.5
Paraguay,PRY,1999,3
Paraguay,PRY,2000,2.34
Paraguay,PRY,2001,2.33
Paraguay,PRY,2002,2.5
Paraguay,PRY,2003,2.5
Paraguay,PRY,2004,2.5
Paraguay,PRY,2005,2.5
Paraguay,PRY,2006,2.5
Paraguay,PRY,2007,2.5
Paraguay,PRY,2008,2.5
Paraguay,PRY,2009,3
Paraguay,PRY,2010,3
Paraguay,PRY,2011,3
Paraguay,PRY,2012,3.5
Paraguay,PRY,2013,3.5
Paraguay,PRY,2014,3.5
Paraguay,PRY,2015,3.5
Paraguay,PRY,2016,3.5
Paraguay,PRY,2017,3.5
Paraguay,PRY,2018,3.5
Paraguay,PRY,2019,3.5
Paraguay,PRY,2020,3.5
Paraguay,PRY,2021,3.5
Peru,PER,1995,1.43
Peru,PER,1996,1.4
Peru,PER,1997,1.41
Peru,PER,1998,1.42
Peru,PER,1999,1.41
Peru,PER,2000,1.37
Peru,PER,2001,1.37
Peru,PER,2002,1.37
Peru,PER,2003,1.3
Peru,PER,2004,1.31
Peru,PER,2005,1.31
Peru,PER,2006,1.4
Peru,PER,2007,1.41
Peru,PER,2008,1.38
Peru,PER,2009,1.36
Peru,PER,2010,1.34
Peru,PER,2011,1.34
Peru,PER,2012,1.36
Peru,PER,2013,1.39
Peru,PER,2014,1.39
Peru,PER,2015,1.36
Peru,PER,2016,1.38
Peru,PER,2017,1.36
Peru,PER,2018,1.33
Peru,PER,2019,1.33
Peru,PER,2020,2.03
Peru,PER,2021,1.29
Philippines,PHL,1995,2.7
Philippines,PHL,1996,2.88
Philippines,PHL,1997,2.64
Philippines,PHL,1998,2.65
Philippines,PHL,1999,2.85
Philippines,PHL,2000,2.73
Philippines,PHL,2001,2.73
Philippines,PHL,2002,2.63
Philippines,PHL,2003,2.63
Philippines,PHL,2004,2.73
Philippines,PHL,2005,2.58
Philippines,PHL,2006,2.56
Philippines,PHL,2007,2.45
Philippines,PHL,2008,2.42
Philippines,PHL,2009,2.39
Philippines,PHL,2010,2.3
Philippines,PHL,2011,2.48
Philippines,PHL,2012,2.48
Philippines,PHL,2013,2.49
Philippines,PHL,2014,2.46
Philippines,PHL,2015,2.39
Philippines,PHL,2016,2.45
Philippines,PHL,2017,3.51
Philippines,PHL,2018,2.26
Philippines,PHL,2019,2.09
Philippines,PHL,2020,13.13
Philippines,PHL,2021,9.55
Poland,POL,1995,2.4
Poland,POL,1996,2.5
Poland,POL,1997,3.3177738
Poland,POL,1998,3.503692
Poland,POL,1999,3.482444
Poland,POL,2000,3.35
Poland,POL,2001,1.94
Poland,POL,2002,1.88
Poland,POL,2003,1.89
Poland,POL,2004,1.91
Poland,POL,2005,1.93
Poland,POL,2006,1.93
Poland,POL,2007,1.95
Poland,POL,2008,1.93
Poland,POL,2009,1.89
Poland,POL,2010,1.89
Poland,POL,2011,1.82
Poland,POL,2012,1.91
Poland,POL,2013,1.92
Poland,POL,2014,1.91
Poland,POL,2015,1.93
Poland,POL,2016,1.96
Poland,POL,2017,1.95
Poland,POL,2018,1.97
Poland,POL,2019,2.61
Poland,POL,2020,2.87
Poland,POL,2021,2.83
Portugal,PRT,1995,3.5
Portugal,PRT,1996,3.6
Portugal,PRT,1997,3.4
Portugal,PRT,1998,3.6
Portugal,PRT,1999,3.3
Portugal,PRT,2000,3.6
Portugal,PRT,2001,3.6
Portugal,PRT,2002,3.5
Portugal,PRT,2003,3.3
Portugal,PRT,2004,3.1
Portugal,PRT,2005,3.1
Portugal,PRT,2006,3
Portugal,PRT,2007,3
Portugal,PRT,2008,2.9
Portugal,PRT,2009,2.8
Portugal,PRT,2010,3.76
Portugal,PRT,2011,3.83
Portugal,PRT,2012,3.86
Portugal,PRT,2013,3.18
Portugal,PRT,2014,2.91
Portugal,PRT,2015,3.66
Portugal,PRT,2016,2.86
Portugal,PRT,2017,3.2
Portugal,PRT,2018,3.27
Portugal,PRT,2019,2.99
Portugal,PRT,2020,3.19
Portugal,PRT,2021,3.17
Puerto Rico,PRI,1995,2.8
Puerto Rico,PRI,1996,2.6
Puerto Rico,PRI,1997,2.7
Puerto Rico,PRI,1998,2.7
Puerto Rico,PRI,1999,3
Puerto Rico,PRI,2000,2.5
Puerto Rico,PRI,2001,2.7
Puerto Rico,PRI,2002,2.7
Puerto Rico,PRI,2003,2.6
Puerto Rico,PRI,2004,2.6
Puerto Rico,PRI,2005,2.63
Puerto Rico,PRI,2006,2.6
Puerto Rico,PRI,2007,2.57
Puerto Rico,PRI,2008,2.62
Puerto Rico,PRI,2009,2.64
Puerto Rico,PRI,2010,2.65
Puerto Rico,PRI,2011,2.65
Puerto Rico,PRI,2012,2.62
Puerto Rico,PRI,2013,2.63
Puerto Rico,PRI,2014,2.64
Puerto Rico,PRI,2015,2.63
Puerto Rico,PRI,2016,2.57
Puerto Rico,PRI,2017,2.48
Puerto Rico,PRI,2018,3.37
Puerto Rico,PRI,2019,2.6
Puerto Rico,PRI,2020,2.6
Qatar,QAT,2015,3.51
Qatar,QAT,2016,3.39
Qatar,QAT,2017,3.75
Qatar,QAT,2018,3.78
Qatar,QAT,2019,3.73
Qatar,QAT,2020,4.59
Qatar,QAT,2021,4.65
Reunion,REU,1995,6.4
Reunion,REU,1996,6.3
Reunion,REU,1997,6.7
Reunion,REU,1998,7.2
Reunion,REU,1999,7.1
Reunion,REU,2000,6.7
Reunion,REU,2001,6.7
Reunion,REU,2002,7
Reunion,REU,2003,6.9
Reunion,REU,2004,6.8
Reunion,REU,2005,6.9
Reunion,REU,2006,7
Reunion,REU,2007,6.7
Reunion,REU,2008,6.5
Reunion,REU,2009,6.6
Reunion,REU,2010,6.8
Reunion,REU,2011,7
Reunion,REU,2012,6.6
Reunion,REU,2013,6.2
Reunion,REU,2014,6.3
Reunion,REU,2015,6.3
Reunion,REU,2016,9.41
Reunion,REU,2017,9.21
Reunion,REU,2018,9
Reunion,REU,2019,9
Romania,ROU,1995,3.4
Romania,ROU,1996,3.3
Romania,ROU,1997,3.4
Romania,ROU,1998,3.5
Romania,ROU,1999,3.5
Romania,ROU,2000,3.2
Romania,ROU,2001,3.7
Romania,ROU,2002,3.6
Romania,ROU,2003,3.5
Romania,ROU,2004,3.25
Romania,ROU,2005,3.2
Romania,ROU,2006,3.18
Romania,ROU,2007,2.94
Romania,ROU,2008,2.89
Romania,ROU,2009,2.82
Romania,ROU,2010,2.62
Romania,ROU,2011,2.54
Romania,ROU,2012,2.5
Romania,ROU,2013,2.43
Romania,ROU,2015,2.12
Romania,ROU,2016,2.3
Romania,ROU,2017,2.2
Romania,ROU,2018,2.2
Romania,ROU,2019,2.2
Romania,ROU,2020,2.3
Romania,ROU,2021,2.2
Russia,RUS,2004,5
Russia,RUS,2005,4.81
Russia,RUS,2006,5.3
Saint Lucia,LCA,1995,9
Saint Lucia,LCA,1996,8.7
Saint Lucia,LCA,1997,8.8
Saint Lucia,LCA,1998,9.2
Saint Lucia,LCA,1999,9.1
Saint Lucia,LCA,2000,9.6
Saint Lucia,LCA,2001,10.6
Saint Lucia,LCA,2002,9.99
Saint Lucia,LCA,2003,10
Saint Lucia,LCA,2004,9.3
Saint Lucia,LCA,2005,10.1
Saint Lucia,LCA,2006,10.5
Saint Lucia,LCA,2007,9.08
Saint Lucia,LCA,2008,9.1
Saint Lucia,LCA,2009,8.9
Saint Lucia,LCA,2010,8.6
Saint Lucia,LCA,2011,8.8
Saint Lucia,LCA,2012,8.7
Saint Lucia,LCA,2013,8.89
Saint Lucia,LCA,2014,8.81
Saint Lucia,LCA,2015,8.69
Saint Lucia,LCA,2016,8.5
Saint Lucia,LCA,2017,8.35
Saint Lucia,LCA,2018,8.36
Saint Lucia,LCA,2019,8.1
Saint Lucia,LCA,2020,8.85
Saint Lucia,LCA,2021,8.89
San Marino,SMR,1995,1.6
San Marino,SMR,1996,1.3
San Marino,SMR,1997,2.1
San Marino,SMR,1998,1.5
San Marino,SMR,1999,1.5
San Marino,SMR,2000,1.4
San Marino,SMR,2001,1.53
San Marino,SMR,2002,1.51
San Marino,SMR,2003,1.57
San Marino,SMR,2004,1.63
San Marino,SMR,2005,1.61
San Marino,SMR,2006,1.61
San Marino,SMR,2007,1.69
San Marino,SMR,2008,1.66
San Marino,SMR,2009,1.47
San Marino,SMR,2010,1.83
San Marino,SMR,2011,1.92
San Marino,SMR,2012,1.62
San Marino,SMR,2013,1.57
San Marino,SMR,2014,1.69
San Marino,SMR,2015,1.81
San Marino,SMR,2016,1.69
San Marino,SMR,2017,1.69
San Marino,SMR,2018,1.81
San Marino,SMR,2019,1.8
San Marino,SMR,2020,1.6
San Marino,SMR,2021,1.87
Sao Tome and Principe,STP,2009,7
Saudi Arabia,SAU,2003,2.7
Saudi Arabia,SAU,2004,2.27
Saudi Arabia,SAU,2005,2.23
Saudi Arabia,SAU,2006,1.93
Saudi Arabia,SAU,2007,2.2
Saudi Arabia,SAU,2008,1.88
Saudi Arabia,SAU,2009,7
Saudi Arabia,SAU,2010,5.3
Saudi Arabia,SAU,2011,4
Saudi Arabia,SAU,2012,4
Saudi Arabia,SAU,2013,4
Saudi Arabia,SAU,2015,3.67
Saudi Arabia,SAU,2016,3.15
Saudi Arabia,SAU,2017,4.19
Saudi Arabia,SAU,2018,4.24
Saudi Arabia,SAU,2019,4.3
Saudi Arabia,SAU,2020,4.24
Saudi Arabia,SAU,2021,4.36
Senegal,SEN,1995,3.8
Senegal,SEN,1996,3.8
Senegal,SEN,1997,4
Senegal,SEN,1998,4.1
Senegal,SEN,1999,4.1
Senegal,SEN,2000,3.6
Senegal,SEN,2001,3.8
Senegal,SEN,2002,3.7
Senegal,SEN,2003,4.1
Senegal,SEN,2004,3.5
Senegal,SEN,2005,3.4
Senegal,SEN,2006,3.5
Senegal,SEN,2007,3.5
Serbia,SRB,2002,2.77
Serbia,SRB,2003,2.82
Serbia,SRB,2004,2.8
Serbia,SRB,2005,2.73
Serbia,SRB,2006,2.7
Serbia,SRB,2007,2.63
Serbia,SRB,2008,2.67
Serbia,SRB,2009,2.6
Serbia,SRB,2010,2.45
Serbia,SRB,2011,2.45
Serbia,SRB,2012,2.53
Serbia,SRB,2013,2.45
Serbia,SRB,2014,2.78
Serbia,SRB,2015,2.28
Serbia,SRB,2016,2.32
Serbia,SRB,2017,2.31
Serbia,SRB,2018,2.3
Serbia,SRB,2019,2.31
Serbia,SRB,2020,2.92
Serbia,SRB,2021,3.1
Serbia and Montenegro,OWID_SRM,1995,4.04
Serbia and Montenegro,OWID_SRM,1996,4.29
Serbia and Montenegro,OWID_SRM,1997,4.3
Serbia and Montenegro,OWID_SRM,1998,4.28
Serbia and Montenegro,OWID_SRM,1999,4.31
Serbia and Montenegro,OWID_SRM,2000,4.2
Serbia and Montenegro,OWID_SRM,2001,4.2
Seychelles,SYC,2013,10.2
Seychelles,SYC,2014,10.2
Seychelles,SYC,2015,9.9
Seychelles,SYC,2016,9.9
Seychelles,SYC,2017,9.5
Seychelles,SYC,2018,10.4
Seychelles,SYC,2019,9.43
Seychelles,SYC,2020,8.7
Seychelles,SYC,2021,10
Sierra Leone,SLE,1995,7
Sierra Leone,SLE,1999,3
Sierra Leone,SLE,2000,5
Sierra Leone,SLE,2001,5
Sierra Leone,SLE,2002,5
Sierra Leone,SLE,2003,5
Sierra Leone,SLE,2004,5
Sierra Leone,SLE,2005,7
Sierra Leone,SLE,2006,7
Sierra Leone,SLE,2007,7
Sierra Leone,SLE,2008,7
Sierra Leone,SLE,2009,7
Sierra Leone,SLE,2010,7
Sierra Leone,SLE,2011,7
Sierra Leone,SLE,2012,7
Sierra Leone,SLE,2013,7
Sierra Leone,SLE,2014,7
Sierra Leone,SLE,2015,7
Sierra Leone,SLE,2016,7
Sierra Leone,SLE,2017,7
Sierra Leone,SLE,2018,7
Sierra Leone,SLE,2019,7
Sierra Leone,SLE,2020,7
Sierra Leone,SLE,2021,7
Singapore,SGP,1995,3.0681338
Singapore,SGP,1996,2.83719
Singapore,SGP,1997,2.8173923
Singapore,SGP,1998,2.8698356
Singapore,SGP,1999,2.7175746
Singapore,SGP,2000,2.71
Singapore,SGP,2001,2.7
Singapore,SGP,2002,2.62
Singapore,SGP,2003,2.7
Singapore,SGP,2008,3.96
Singapore,SGP,2009,3.96
Singapore,SGP,2010,3.86
Singapore,SGP,2011,3.73
Singapore,SGP,2012,3.54
Singapore,SGP,2013,3.48
Singapore,SGP,2014,3.71
Singapore,SGP,2015,3.61
Singapore,SGP,2016,3.43
Singapore,SGP,2017,3.38
Singapore,SGP,2018,3.33
Singapore,SGP,2019,3.36
Singapore,SGP,2020,4.29
Singapore,SGP,2021,22.42
Sint Maarten (Dutch part),SXM,1998,5
Slovakia,SVK,1995,3.4
Slovakia,SVK,1996,3.7
Slovakia,SVK,1997,2.9
Slovakia,SVK,1998,3.1
Slovakia,SVK,1999,3.1
Slovakia,SVK,2000,3.1
Slovakia,SVK,2001,3
Slovakia,SVK,2002,3.2
Slovakia,SVK,2003,3.2
Slovakia,SVK,2004,2.9
Slovakia,SVK,2005,2.8
Slovakia,SVK,2006,2.8
Slovakia,SVK,2007,2.7
Slovakia,SVK,2008,2.6
Slovakia,SVK,2009,2.7
Slovakia,SVK,2010,2.6
Slovakia,SVK,2011,2.6
Slovakia,SVK,2012,2.5
Slovakia,SVK,2013,2.8
Slovakia,SVK,2014,2.9
Slovakia,SVK,2015,2.9
Slovakia,SVK,2016,2.81
Slovakia,SVK,2017,2.78
Slovakia,SVK,2018,2.77
Slovakia,SVK,2019,2.75
Slovakia,SVK,2020,3.05
Slovakia,SVK,2021,3
Slovenia,SVN,1995,3.32
Slovenia,SVN,1996,3.26
Slovenia,SVN,1997,3.31
Slovenia,SVN,1998,3.295
Slovenia,SVN,1999,3.27
Slovenia,SVN,2000,3.31
Slovenia,SVN,2001,3.28
Slovenia,SVN,2002,3.24
Slovenia,SVN,2003,3.23
Slovenia,SVN,2004,3.12
Slovenia,SVN,2005,3.01
Slovenia,SVN,2006,2.97
Slovenia,SVN,2007,2.96
Slovenia,SVN,2008,2.86
Slovenia,SVN,2009,2.87
Slovenia,SVN,2010,2.86
Slovenia,SVN,2011,2.83
Slovenia,SVN,2012,2.79
Slovenia,SVN,2013,2.74
Slovenia,SVN,2014,2.61
Slovenia,SVN,2015,2.53
Slovenia,SVN,2016,2.5
Slovenia,SVN,2017,2.44
Slovenia,SVN,2018,2.65
Slovenia,SVN,2019,2.53
Slovenia,SVN,2020,3
Slovenia,SVN,2021,2.81
Solomon Islands,SLB,2004,23
Solomon Islands,SLB,2005,19
Solomon Islands,SLB,2006,17
Solomon Islands,SLB,2007,14
Solomon Islands,SLB,2008,14
South Africa,ZAF,2002,10.1
South Africa,ZAF,2003,9.6
South Africa,ZAF,2004,9
South Africa,ZAF,2005,8.4
South Africa,ZAF,2006,8.2
South Africa,ZAF,2007,7.9
South Africa,ZAF,2008,8.2
South Africa,ZAF,2009,8.3
South Africa,ZAF,2010,8.5
South Africa,ZAF,2011,8.3
South Africa,ZAF,2012,7.7
South Africa,ZAF,2013,8.7
Spain,ESP,1995,4.26
Spain,ESP,1996,4.09
Spain,ESP,1997,4.02
Spain,ESP,1998,3.87
Spain,ESP,1999,3.93
Spain,ESP,2000,3.83
Spain,ESP,2001,3.82
Spain,ESP,2002,3.72
Spain,ESP,2003,3.65
Spain,ESP,2004,3.51
Spain,ESP,2005,3.48
Spain,ESP,2006,3.26
Spain,ESP,2007,3.22
Spain,ESP,2008,3.24
Spain,ESP,2009,3.25
Spain,ESP,2010,3.26
Spain,ESP,2011,3.36
Spain,ESP,2012,3.38
Spain,ESP,2013,3.41
Spain,ESP,2014,3.36
Spain,ESP,2015,3.31
Spain,ESP,2016,3.32
Spain,ESP,2017,3.28
Spain,ESP,2018,3.23
Spain,ESP,2019,3.15
Spain,ESP,2020,2.67
Spain,ESP,2021,2.85
Sri Lanka,LKA,2010,10
Sri Lanka,LKA,2011,10
Sri Lanka,LKA,2012,10
Sri Lanka,LKA,2013,8.6
Sri Lanka,LKA,2014,9.9
Sri Lanka,LKA,2015,10.1
Sri Lanka,LKA,2016,10.2
Sri Lanka,LKA,2017,10.9
Sri Lanka,LKA,2018,10.8
Sri Lanka,LKA,2019,10.4
Sri Lanka,LKA,2020,8.5
Sri Lanka,LKA,2021,15.1
Sudan,SDN,2004,8
Sudan,SDN,2005,8
Sudan,SDN,2006,8
Sudan,SDN,2007,8
Sudan,SDN,2008,8
Sudan,SDN,2009,8
Sudan,SDN,2010,8
Sudan,SDN,2011,8
Suriname,SUR,2011,21
Suriname,SUR,2012,21.75
Sweden,SWE,2007,1.6448356
Sweden,SWE,2008,1.6673326
Sweden,SWE,2009,1.6844906
Sweden,SWE,2010,1.6731746
Sweden,SWE,2011,1.6676596
Sweden,SWE,2012,1.6805507
Sweden,SWE,2013,1.6782415
Sweden,SWE,2014,1.687466
Sweden,SWE,2015,1.6967703
Sweden,SWE,2016,1.6914604
Sweden,SWE,2017,1.6879387
Sweden,SWE,2018,1.6870885
Sweden,SWE,2019,1.6926537
Sweden,SWE,2020,1.7456447
Sweden,SWE,2021,1.75
Switzerland,CHE,1995,2.6
Switzerland,CHE,1996,2.6
Switzerland,CHE,1997,2.6
Switzerland,CHE,1998,2.6
Switzerland,CHE,1999,2.6
Switzerland,CHE,2000,2.5
Switzerland,CHE,2001,2.6
Switzerland,CHE,2002,2.4
Switzerland,CHE,2003,2.5
Switzerland,CHE,2005,2.4
Switzerland,CHE,2006,2.35
Switzerland,CHE,2007,2.33
Switzerland,CHE,2008,2.33
Switzerland,CHE,2009,2.29
Switzerland,CHE,2010,2.23
Switzerland,CHE,2011,2.19
Switzerland,CHE,2012,2.13
Switzerland,CHE,2013,2.12
Switzerland,CHE,2014,2.09
Switzerland,CHE,2015,2.04
Switzerland,CHE,2016,2.03
Switzerland,CHE,2017,2.01
Switzerland,CHE,2018,2.01
Switzerland,CHE,2019,2
Switzerland,CHE,2020,2.21
Switzerland,CHE,2021,2.15
Syria,SYR,1995,2.25
Syria,SYR,1996,2.23
Syria,SYR,1997,3.56
Syria,SYR,1998,2.45
Syria,SYR,1999,2
Syria,SYR,2000,1.6
Syria,SYR,2001,1.88
Syria,SYR,2016,3
Syria,SYR,2017,3
Syria,SYR,2018,3
Syria,SYR,2019,3
Syria,SYR,2020,2
Syria,SYR,2021,2.44
Tanzania,TZA,1995,7.2
Tanzania,TZA,1996,7.3
Tanzania,TZA,1997,7.5
Tanzania,TZA,1998,7.6
Tanzania,TZA,1999,7.7
Tanzania,TZA,2000,8
Tanzania,TZA,2001,8
Tanzania,TZA,2002,11
Tanzania,TZA,2003,11
Tanzania,TZA,2004,11
Tanzania,TZA,2005,12
Tanzania,TZA,2006,12
Tanzania,TZA,2007,12
Thailand,THA,1997,2.06
Thailand,THA,1998,2.19
Thailand,THA,1999,2.16
Thailand,THA,2000,2.18
Thailand,THA,2001,2.25
Thailand,THA,2013,1.84
Thailand,THA,2014,1.77
Thailand,THA,2015,2.24
Thailand,THA,2016,2.25
Thailand,THA,2017,2.28
Thailand,THA,2018,2.27
Thailand,THA,2019,2.26
Togo,TGO,1995,2.3
Togo,TGO,1996,2.3
Togo,TGO,1997,2.3
Togo,TGO,1998,2.1
Togo,TGO,1999,2.2
Togo,TGO,2000,2.1
Togo,TGO,2001,2.1
Togo,TGO,2002,2
Togo,TGO,2003,2.1
Togo,TGO,2004,2.1
Togo,TGO,2005,1.9
Togo,TGO,2006,2.1
Togo,TGO,2007,2.1
Togo,TGO,2008,2.72
Togo,TGO,2009,2.26
Togo,TGO,2010,2.03
Togo,TGO,2011,2.16
Togo,TGO,2012,2.25
Togo,TGO,2013,2.25
Togo,TGO,2014,2.36
Togo,TGO,2015,2.36
Togo,TGO,2016,2.01
Togo,TGO,2017,2
Togo,TGO,2018,1.31
Togo,TGO,2019,1.3
Tonga,TON,2010,7
Tonga,TON,2011,7
Tonga,TON,2012,7
Tunisia,TUN,1995,6.6
Tunisia,TUN,1996,6.5
Tunisia,TUN,1997,6.4
Tunisia,TUN,1998,6.2
Tunisia,TUN,1999,6.4
Tunisia,TUN,2000,6.2
Tunisia,TUN,2001,6.3
Tunisia,TUN,2002,6.1
Tunisia,TUN,2003,6.2
Tunisia,TUN,2004,6.3
Tunisia,TUN,2005,6.2
Tunisia,TUN,2006,6.3
Tunisia,TUN,2007,6.2
Tunisia,TUN,2008,6.3
Tunisia,TUN,2009,6.3
Tunisia,TUN,2010,6.2
Tunisia,TUN,2011,6.6
Tunisia,TUN,2012,6.3
Tunisia,TUN,2013,6.5
Tunisia,TUN,2014,6.3
Tunisia,TUN,2015,5.2
Tunisia,TUN,2016,5.6
Tunisia,TUN,2017,5.6
Tunisia,TUN,2018,5.9
Tunisia,TUN,2019,5.4
Tunisia,TUN,2020,4.4
Tunisia,TUN,2021,4.4
Turkey,TUR,1995,2.92
Turkey,TUR,1996,3.01
Turkey,TUR,1997,2.99
Turkey,TUR,1998,3.01
Turkey,TUR,1999,2.94
Turkey,TUR,2000,2.87
Turkey,TUR,2001,3.06
Turkey,TUR,2002,3.29
Turkey,TUR,2003,3.28
Turkey,TUR,2004,3.29
Turkey,TUR,2005,3.2
Turkey,TUR,2006,2.9
Turkey,TUR,2007,2.94
Turkey,TUR,2008,3.12
Turkey,TUR,2009,3.13
Turkey,TUR,2010,3.3
Turkey,TUR,2011,3.2
Turkey,TUR,2012,3.35
Turkey,TUR,2013,3.2
Turkey,TUR,2014,3.18
Turkey,TUR,2015,3.09
Turkey,TUR,2016,2.6
Turkey,TUR,2017,2.52
Turkey,TUR,2018,2.65
Turkey,TUR,2019,2.61
Turkey,TUR,2020,2.28
Turkey,TUR,2021,2.49
Turkmenistan,TKM,2000,5
Turkmenistan,TKM,2001,7
Turkmenistan,TKM,2002,7
Turkmenistan,TKM,2003,8
Turkmenistan,TKM,2004,8
Turkmenistan,TKM,2005,8
Turkmenistan,TKM,2006,8
Turkmenistan,TKM,2007,8
Uganda,UGA,2012,6
Uganda,UGA,2013,6
Uganda,UGA,2014,7
Uganda,UGA,2015,7
Uganda,UGA,2016,7.2
Uganda,UGA,2019,8.3
Ukraine,UKR,1995,2
Ukraine,UKR,1996,4.6
Ukraine,UKR,1997,5.5
Ukraine,UKR,1998,2.6
Ukraine,UKR,1999,2.7
Ukraine,UKR,2000,2.7
Ukraine,UKR,2001,2.6
Ukraine,UKR,2002,2.6
Ukraine,UKR,2003,2.6
Ukraine,UKR,2004,2.6
Ukraine,UKR,2005,2.6
Ukraine,UKR,2007,7.65
Ukraine,UKR,2008,3.07
Ukraine,UKR,2009,3.18
Ukraine,UKR,2010,3.03
Ukraine,UKR,2011,2.54
Ukraine,UKR,2012,2.59
Ukraine,UKR,2013,2.46
Ukraine,UKR,2014,2.42
Ukraine,UKR,2015,2.13
Ukraine,UKR,2016,2.02
Ukraine,UKR,2017,2.01
Ukraine,UKR,2018,2.52
Ukraine,UKR,2019,2.65
Ukraine,UKR,2020,2.71
United Arab Emirates,ARE,2002,2
United Arab Emirates,ARE,2003,2
United Arab Emirates,ARE,2004,3
United Arab Emirates,ARE,2005,3
United Arab Emirates,ARE,2014,3.24
United Arab Emirates,ARE,2015,3.26
United Arab Emirates,ARE,2016,3.23
United Arab Emirates,ARE,2017,3.17
United Arab Emirates,ARE,2018,3.16
United Arab Emirates,ARE,2019,3.13
United Arab Emirates,ARE,2020,3.66
United Arab Emirates,ARE,2021,4
United Kingdom,GBR,2006,2.24
United Kingdom,GBR,2007,2.28
United Kingdom,GBR,2008,2.28
United Kingdom,GBR,2009,2.21
United Kingdom,GBR,2010,2.16
United States Virgin Islands,VIR,1995,4.8
United States Virgin Islands,VIR,1996,4.4
United States Virgin Islands,VIR,1997,4.2
United States Virgin Islands,VIR,1998,4.4
United States Virgin Islands,VIR,1999,4.4
United States Virgin Islands,VIR,2000,4.5
United States Virgin Islands,VIR,2001,4.5
United States Virgin Islands,VIR,2002,4.4
United States Virgin Islands,VIR,2003,4.4
United States Virgin Islands,VIR,2004,4.3
United States Virgin Islands,VIR,2005,4.3
United States Virgin Islands,VIR,2006,4.3
United States Virgin Islands,VIR,2007,4.4
United States Virgin Islands,VIR,2008,4.3
United States Virgin Islands,VIR,2009,4.1
United States Virgin Islands,VIR,2010,4.4
Uruguay,URY,1995,8.2
Uruguay,URY,1998,7.1
Uruguay,URY,2000,4.43
Uruguay,URY,2001,4.26
Uruguay,URY,2002,4.4
Uruguay,URY,2003,4.6
Uruguay,URY,2004,4.78
Uruguay,URY,2005,4.31
Uruguay,URY,2006,4.31
Uruguay,URY,2007,5.08
Uruguay,URY,2008,5.54
Uruguay,URY,2009,5.4
Uruguay,URY,2010,4.9
Uruguay,URY,2011,4.9
Uruguay,URY,2012,4.8
Uruguay,URY,2013,4.7
Uruguay,URY,2014,4.7
Uruguay,URY,2015,5
Uruguay,URY,2016,4.6
Uruguay,URY,2017,4.8
Uruguay,URY,2018,4.6
Uruguay,URY,2019,4.47
Uzbekistan,UZB,1997,2.4
Uzbekistan,UZB,1998,2.2
Uzbekistan,UZB,1999,2.1
Uzbekistan,UZB,2000,3
Uzbekistan,UZB,2001,3.1
Uzbekistan,UZB,2002,3.1
Uzbekistan,UZB,2003,3.1
Uzbekistan,UZB,2004,3.7
Uzbekistan,UZB,2005,2.3
Uzbekistan,UZB,2006,2.2
Uzbekistan,UZB,2007,2
Uzbekistan,UZB,2008,2.3
Uzbekistan,UZB,2009,2.9
Uzbekistan,UZB,2010,6.1
Uzbekistan,UZB,2018,4
Uzbekistan,UZB,2019,2.21
Vanuatu,VUT,1995,7.5
Vanuatu,VUT,1996,7.5
Vanuatu,VUT,1997,7.4
Vanuatu,VUT,1999,6.3
Vanuatu,VUT,2000,7
Vanuatu,VUT,2001,7.5
Vanuatu,VUT,2002,7.5
Vanuatu,VUT,2003,9.5
Vanuatu,VUT,2004,9.1
Vanuatu,VUT,2005,9.7
Vanuatu,VUT,2006,9.8
Vanuatu,VUT,2007,9.2
Venezuela,VEN,1997,10
Venezuela,VEN,1998,10
Venezuela,VEN,1999,7
Venezuela,VEN,2000,7
Venezuela,VEN,2001,7
Venezuela,VEN,2006,18.13
Venezuela,VEN,2007,19.43
Venezuela,VEN,2008,20.39
Venezuela,VEN,2009,19.7
Venezuela,VEN,2010,18.92
Venezuela,VEN,2011,16.48
Venezuela,VEN,2012,18.88
Venezuela,VEN,2013,16.71
Venezuela,VEN,2014,15.3
Venezuela,VEN,2015,12.8
Venezuela,VEN,2016,7.35
Venezuela,VEN,2017,7.55
Vietnam,VNM,1995,2.6
Vietnam,VNM,1996,2.4
Vietnam,VNM,1997,2.2
Vietnam,VNM,1998,2.2
Vietnam,VNM,1999,2.4
Vietnam,VNM,2000,2.4
Vietnam,VNM,2001,2.5
Vietnam,VNM,2004,7.7
Vietnam,VNM,2019,7.02
Zambia,ZMB,2012,5
Zambia,ZMB,2013,6
Zambia,ZMB,2014,5.5
Zambia,ZMB,2015,4
Zambia,ZMB,2016,3.7
Zambia,ZMB,2017,4.5
Zambia,ZMB,2018,4
Zambia,ZMB,2019,3.8
Zimbabwe,ZWE,2002,3
Zimbabwe,ZWE,2003,3
Zimbabwe,ZWE,2004,4
Zimbabwe,ZWE,2005,3
Zimbabwe,ZWE,2006,3
Zimbabwe,ZWE,2007,3
Zimbabwe,ZWE,2008,3
Zimbabwe,ZWE,2009,3
Zimbabwe,ZWE,2010,3
Zimbabwe,ZWE,2011,3
Zimbabwe,ZWE,2012,3
Zimbabwe,ZWE,2013,3
Zimbabwe,ZWE,2014,3
Zimbabwe,ZWE,2015,3
Zimbabwe,ZWE,2016,3
Zimbabwe,ZWE,2017,3
Zimbabwe,ZWE,2018,3
Zimbabwe,ZWE,2019,3
Zimbabwe,ZWE,2020,3
Zimbabwe,ZWE,2021,3