Entity,Code,Year,Foreign guests in tourism accommodation (hotels and similar establishments)
Albania,ALB,1995,41000
Albania,ALB,1996,64000
Albania,ALB,1997,23000
Albania,ALB,1998,22000
Albania,ALB,1999,26000
Albania,ALB,2000,32000
Albania,ALB,2001,34000
Albania,ALB,2002,36000
Albania,ALB,2003,41000
Albania,ALB,2004,34000
Albania,ALB,2005,57000
Albania,ALB,2006,63000
Albania,ALB,2007,67000
Albania,ALB,2008,57000
Albania,ALB,2009,65000
Albania,ALB,2010,74000
Albania,ALB,2011,136000
Albania,ALB,2012,149000
Albania,ALB,2013,118000
Albania,ALB,2014,161000
Albania,ALB,2015,257000
Albania,ALB,2018,691000
Albania,ALB,2019,736000
Albania,ALB,2020,281000
Albania,ALB,2021,657000
Algeria,DZA,2015,443000
Algeria,DZA,2016,589000
Algeria,DZA,2017,790000
Algeria,DZA,2018,834000
Algeria,DZA,2019,851000
Algeria,DZA,2020,347000
Angola,AGO,2004,92000
Angola,AGO,2005,120000
Angola,AGO,2006,64000
Angola,AGO,2007,91000
Angola,AGO,2008,126000
Angola,AGO,2009,288000
Angola,AGO,2010,319000
Angola,AGO,2011,401000
Angola,AGO,2012,422000
Angola,AGO,2013,481000
Angola,AGO,2014,409000
Angola,AGO,2015,400000
Angola,AGO,2016,264000
Angola,AGO,2017,339000
Angola,AGO,2018,428000
Angola,AGO,2019,339000
Angola,AGO,2020,20000
Angola,AGO,2021,67000
Antigua and Barbuda,ATG,2004,185000
Antigua and Barbuda,ATG,2005,179000
Antigua and Barbuda,ATG,2006,182000
Antigua and Barbuda,ATG,2007,188000
Antigua and Barbuda,ATG,2008,196000
Antigua and Barbuda,ATG,2009,177000
Antigua and Barbuda,ATG,2010,178000
Antigua and Barbuda,ATG,2011,189000
Antigua and Barbuda,ATG,2013,199000
Antigua and Barbuda,ATG,2016,216000
Antigua and Barbuda,ATG,2018,219000
Antigua and Barbuda,ATG,2019,242000
Antigua and Barbuda,ATG,2020,106000
Antigua and Barbuda,ATG,2021,151000
Argentina,ARG,2005,4065000
Argentina,ARG,2007,4712000
Argentina,ARG,2008,4523000
Argentina,ARG,2009,3876000
Argentina,ARG,2010,4800000
Argentina,ARG,2011,4813000
Argentina,ARG,2012,4311000
Argentina,ARG,2013,4089000
Argentina,ARG,2014,4292000
Argentina,ARG,2015,3825000
Argentina,ARG,2016,3843000
Argentina,ARG,2017,4081000
Argentina,ARG,2018,4280000
Argentina,ARG,2019,4799000
Argentina,ARG,2020,1186000
Argentina,ARG,2021,221000
Aruba,ABW,1995,515000
Aruba,ABW,1996,514000
Aruba,ABW,1997,574000
Aruba,ABW,1998,572000
Aruba,ABW,1999,592000
Aruba,ABW,2000,629000
Aruba,ABW,2001,611000
Aruba,ABW,2002,567000
Aruba,ABW,2003,568000
Aruba,ABW,2004,647000
Aruba,ABW,2005,653000
Aruba,ABW,2006,619000
Aruba,ABW,2007,688000
Aruba,ABW,2008,728000
Aruba,ABW,2009,719000
Aruba,ABW,2010,728000
Aruba,ABW,2011,736000
Aruba,ABW,2012,764000
Aruba,ABW,2013,797000
Aruba,ABW,2014,815000
Aruba,ABW,2015,816000
Aruba,ABW,2016,815000
Aruba,ABW,2017,848000
Aruba,ABW,2018,853000
Aruba,ABW,2019,875000
Aruba,ABW,2020,279000
Aruba,ABW,2021,627000
Australia,AUS,2008,3008000
Australia,AUS,2009,2800000
Australia,AUS,2010,2964000
Australia,AUS,2011,2875000
Australia,AUS,2012,2966000
Australia,AUS,2013,3130000
Australia,AUS,2014,3357000
Australia,AUS,2015,3605000
Australia,AUS,2016,4099000
Australia,AUS,2017,4341000
Australia,AUS,2018,4503000
Australia,AUS,2019,4515000
Australia,AUS,2020,827000
Australia,AUS,2021,183000
Austria,AUT,1995,12464000
Austria,AUT,1996,12533000
Austria,AUT,1997,12329000
Austria,AUT,1998,12804000
Austria,AUT,1999,12755000
Austria,AUT,2000,13240000
Austria,AUT,2001,13279000
Austria,AUT,2002,13487000
Austria,AUT,2003,13748000
Austria,AUT,2004,14076000
Austria,AUT,2005,14542000
Austria,AUT,2006,14951000
Austria,AUT,2007,15348000
Austria,AUT,2008,16091000
Austria,AUT,2009,15520000
Austria,AUT,2010,16170000
Austria,AUT,2011,16972000
Austria,AUT,2012,17728000
Austria,AUT,2013,18164000
Austria,AUT,2014,18588000
Austria,AUT,2015,19633000
Austria,AUT,2016,20434000
Austria,AUT,2017,21338000
Austria,AUT,2018,22026000
Austria,AUT,2019,22662000
Austria,AUT,2020,9570000
Austria,AUT,2021,8392000
Azerbaijan,AZE,2001,69000
Azerbaijan,AZE,2002,61000
Azerbaijan,AZE,2003,78000
Azerbaijan,AZE,2004,99000
Azerbaijan,AZE,2005,130000
Azerbaijan,AZE,2006,151000
Azerbaijan,AZE,2007,153000
Azerbaijan,AZE,2008,224000
Azerbaijan,AZE,2009,209000
Azerbaijan,AZE,2010,212000
Azerbaijan,AZE,2011,258000
Azerbaijan,AZE,2012,372000
Azerbaijan,AZE,2013,395000
Azerbaijan,AZE,2014,393000
Azerbaijan,AZE,2015,496000
Azerbaijan,AZE,2016,777000
Azerbaijan,AZE,2017,981000
Azerbaijan,AZE,2018,1234000
Azerbaijan,AZE,2019,1317000
Azerbaijan,AZE,2020,267000
Azerbaijan,AZE,2021,272000
Bahamas,BHS,2000,1165000
Bahamas,BHS,2001,1154000
Bahamas,BHS,2002,1113000
Bahamas,BHS,2003,1225000
Bahamas,BHS,2004,1321000
Bahamas,BHS,2005,1394000
Bahamas,BHS,2006,1356000
Bahamas,BHS,2007,1284000
Bahamas,BHS,2008,1236000
Bahamas,BHS,2009,1127000
Bahamas,BHS,2010,1186000
Bahamas,BHS,2011,1162000
Bahamas,BHS,2012,1230000
Bahamas,BHS,2013,1174000
Bahamas,BHS,2014,1237000
Bahamas,BHS,2015,1272000
Bahamas,BHS,2016,1268000
Bahamas,BHS,2017,1250000
Bahamas,BHS,2018,1418000
Bahamas,BHS,2019,1588000
Bahamas,BHS,2020,387000
Bahamas,BHS,2021,774000
Bahrain,BHR,1995,408000
Bahrain,BHR,1996,529000
Bahrain,BHR,1997,759000
Bahrain,BHR,1998,547000
Bahrain,BHR,1999,569000
Bahrain,BHR,2000,758000
Bahrain,BHR,2001,787000
Bahrain,BHR,2002,686000
Bahrain,BHR,2003,695000
Bahrain,BHR,2004,1132000
Bahrain,BHR,2005,1237000
Bahrain,BHR,2006,1285000
Bahrain,BHR,2007,1320000
Bahrain,BHR,2008,1154000
Bahrain,BHR,2009,1003000
Bahrain,BHR,2010,995000
Bahrain,BHR,2011,821000
Bahrain,BHR,2012,1014000
Bahrain,BHR,2013,1069000
Bahrain,BHR,2014,1431000
Bahrain,BHR,2015,2905000
Bahrain,BHR,2016,3077000
Bahrain,BHR,2017,3893000
Bahrain,BHR,2018,4009000
Bahrain,BHR,2019,3502000
Bahrain,BHR,2020,829000
Bahrain,BHR,2021,1259000
Belarus,BLR,1998,361000
Belarus,BLR,1999,313000
Belarus,BLR,2000,260000
Belarus,BLR,2001,219000
Belarus,BLR,2002,208000
Belarus,BLR,2003,226000
Belarus,BLR,2004,236000
Belarus,BLR,2005,246000
Belarus,BLR,2006,272000
Belarus,BLR,2007,304000
Belarus,BLR,2008,372000
Belarus,BLR,2009,384000
Belarus,BLR,2010,505000
Belarus,BLR,2011,594000
Belarus,BLR,2012,728000
Belarus,BLR,2013,740000
Belarus,BLR,2014,741000
Belarus,BLR,2015,688000
Belarus,BLR,2016,813000
Belarus,BLR,2017,918000
Belarus,BLR,2018,1037000
Belarus,BLR,2019,1116000
Belarus,BLR,2020,320000
Belarus,BLR,2021,402000
Belgium,BEL,1995,4138000
Belgium,BEL,1996,4469000
Belgium,BEL,1997,4710000
Belgium,BEL,1998,4859000
Belgium,BEL,1999,4983000
Belgium,BEL,2000,5163000
Belgium,BEL,2001,5117000
Belgium,BEL,2002,5323000
Belgium,BEL,2003,5261000
Belgium,BEL,2004,5385000
Belgium,BEL,2005,5409000
Belgium,BEL,2006,5665000
Belgium,BEL,2007,5713000
Belgium,BEL,2008,5820000
Belgium,BEL,2009,5452000
Belgium,BEL,2010,5772000
Belgium,BEL,2011,6077000
Belgium,BEL,2012,6146000
Belgium,BEL,2013,6228000
Belgium,BEL,2014,6389000
Belgium,BEL,2015,6440000
Belgium,BEL,2016,5557000
Belgium,BEL,2017,6313000
Belgium,BEL,2018,6700000
Belgium,BEL,2019,6800000
Belgium,BEL,2020,1804000
Belgium,BEL,2021,2313000
Bermuda,BMU,2002,220000
Bermuda,BMU,2003,196000
Bermuda,BMU,2004,206000
Bermuda,BMU,2005,207000
Bermuda,BMU,2006,227000
Bermuda,BMU,2007,230000
Bermuda,BMU,2008,189000
Bermuda,BMU,2009,171000
Bermuda,BMU,2010,171000
Bermuda,BMU,2011,177000
Bermuda,BMU,2012,174000
Bermuda,BMU,2013,175000
Bermuda,BMU,2014,161000
Bermuda,BMU,2015,158000
Bermuda,BMU,2016,182000
Bermuda,BMU,2017,189000
Bermuda,BMU,2018,204000
Bermuda,BMU,2019,194000
Bermuda,BMU,2020,27400
Bermuda,BMU,2021,44000
Bolivia,BOL,1995,351000
Bolivia,BOL,1996,377000
Bolivia,BOL,1997,398000
Bolivia,BOL,1998,420000
Bolivia,BOL,1999,409000
Bolivia,BOL,2000,381000
Bolivia,BOL,2001,379000
Bolivia,BOL,2002,380000
Bolivia,BOL,2003,367000
Bolivia,BOL,2004,391000
Bolivia,BOL,2005,413000
Bolivia,BOL,2006,512000
Bolivia,BOL,2007,487000
Bolivia,BOL,2008,491000
Bolivia,BOL,2009,500000
Bolivia,BOL,2010,527000
Bolivia,BOL,2011,560000
Bolivia,BOL,2012,564000
Bolivia,BOL,2013,572000
Bolivia,BOL,2014,588000
Bolivia,BOL,2015,582000
Bolivia,BOL,2016,584000
Bolivia,BOL,2017,604000
Bolivia,BOL,2018,608000
Bolivia,BOL,2019,566000
Bolivia,BOL,2020,132000
Bolivia,BOL,2021,90000
Bosnia and Herzegovina,BIH,2007,295000
Bosnia and Herzegovina,BIH,2008,311000
Bosnia and Herzegovina,BIH,2009,299000
Bosnia and Herzegovina,BIH,2010,355000
Bosnia and Herzegovina,BIH,2011,380000
Bosnia and Herzegovina,BIH,2012,418000
Bosnia and Herzegovina,BIH,2013,509000
Bosnia and Herzegovina,BIH,2014,511000
Bosnia and Herzegovina,BIH,2015,640000
Bosnia and Herzegovina,BIH,2016,731000
Bosnia and Herzegovina,BIH,2017,870000
Bosnia and Herzegovina,BIH,2018,994000
Bosnia and Herzegovina,BIH,2019,1139000
Bosnia and Herzegovina,BIH,2020,189000
Bosnia and Herzegovina,BIH,2021,485000
Botswana,BWA,2001,84000
Botswana,BWA,2002,100000
Botswana,BWA,2003,211000
Botswana,BWA,2004,232000
Botswana,BWA,2005,271000
Botswana,BWA,2011,446000
Botswana,BWA,2013,494000
British Virgin Islands,VGB,1995,69000
British Virgin Islands,VGB,1996,73000
British Virgin Islands,VGB,1997,77000
British Virgin Islands,VGB,1998,82000
British Virgin Islands,VGB,1999,64000
British Virgin Islands,VGB,2000,74000
British Virgin Islands,VGB,2001,74000
British Virgin Islands,VGB,2002,58000
British Virgin Islands,VGB,2003,60000
British Virgin Islands,VGB,2004,85000
British Virgin Islands,VGB,2005,103000
British Virgin Islands,VGB,2006,108000
British Virgin Islands,VGB,2007,109000
British Virgin Islands,VGB,2008,105000
British Virgin Islands,VGB,2009,125000
British Virgin Islands,VGB,2010,134000
British Virgin Islands,VGB,2011,137000
British Virgin Islands,VGB,2012,142000
British Virgin Islands,VGB,2013,148000
British Virgin Islands,VGB,2014,156000
British Virgin Islands,VGB,2015,159000
Brunei,BRN,2000,37000
Brunei,BRN,2001,118000
Brunei,BRN,2002,141000
Brunei,BRN,2003,151000
Brunei,BRN,2004,197000
Brunei,BRN,2005,300000
Brunei,BRN,2007,109000
Bulgaria,BGR,1999,581000
Bulgaria,BGR,2000,741000
Bulgaria,BGR,2001,864000
Bulgaria,BGR,2002,1030000
Bulgaria,BGR,2003,1376000
Bulgaria,BGR,2004,1668000
Bulgaria,BGR,2005,1909000
Bulgaria,BGR,2006,2023000
Bulgaria,BGR,2007,2206000
Bulgaria,BGR,2008,2205000
Bulgaria,BGR,2009,1931000
Bulgaria,BGR,2010,2064000
Bulgaria,BGR,2011,2387000
Bulgaria,BGR,2012,2579000
Bulgaria,BGR,2013,2754000
Bulgaria,BGR,2014,2733000
Bulgaria,BGR,2015,2806000
Bulgaria,BGR,2016,3319000
Bulgaria,BGR,2017,3571000
Bulgaria,BGR,2018,3808000
Bulgaria,BGR,2019,3959000
Bulgaria,BGR,2020,1142500
Bulgaria,BGR,2021,1845000
Burkina Faso,BFA,1995,124000
Burkina Faso,BFA,1996,131000
Burkina Faso,BFA,1997,138000
Burkina Faso,BFA,1998,160000
Burkina Faso,BFA,1999,117000
Burkina Faso,BFA,2000,126000
Burkina Faso,BFA,2001,128000
Burkina Faso,BFA,2002,150000
Burkina Faso,BFA,2003,163000
Burkina Faso,BFA,2004,222000
Burkina Faso,BFA,2005,245000
Burkina Faso,BFA,2006,264000
Burkina Faso,BFA,2007,289000
Burkina Faso,BFA,2008,272000
Burkina Faso,BFA,2009,269000
Burkina Faso,BFA,2010,274000
Burkina Faso,BFA,2011,238000
Burkina Faso,BFA,2012,237000
Burkina Faso,BFA,2013,218000
Burkina Faso,BFA,2014,191000
Burkina Faso,BFA,2015,163000
Burkina Faso,BFA,2016,152000
Burkina Faso,BFA,2017,143000
Burkina Faso,BFA,2018,144000
Burkina Faso,BFA,2019,143000
Burkina Faso,BFA,2020,67000
Burkina Faso,BFA,2021,106000
Cameroon,CMR,1995,100000
Cameroon,CMR,1996,145000
Cameroon,CMR,1997,232000
Cameroon,CMR,1998,247000
Cameroon,CMR,1999,262000
Cameroon,CMR,2000,277000
Cameroon,CMR,2001,221000
Cameroon,CMR,2002,226000
Cameroon,CMR,2004,190000
Cameroon,CMR,2005,176000
Cameroon,CMR,2006,214000
Cameroon,CMR,2007,262000
Cameroon,CMR,2008,298000
Cameroon,CMR,2009,345000
Cameroon,CMR,2010,388000
Cameroon,CMR,2011,412000
Cameroon,CMR,2012,437000
Cameroon,CMR,2013,462000
Cameroon,CMR,2014,434000
Cameroon,CMR,2015,452000
Cameroon,CMR,2016,484000
Cameroon,CMR,2017,554000
Cameroon,CMR,2018,546000
Cameroon,CMR,2019,460000
Cameroon,CMR,2020,147000
Cape Verde,CPV,2000,115000
Cape Verde,CPV,2001,134000
Cape Verde,CPV,2002,126000
Cape Verde,CPV,2003,150000
Cape Verde,CPV,2004,157000
Cape Verde,CPV,2005,198000
Cape Verde,CPV,2006,242000
Cape Verde,CPV,2007,267000
Cape Verde,CPV,2008,285000
Cape Verde,CPV,2009,287000
Cape Verde,CPV,2010,336000
Cape Verde,CPV,2011,428000
Cape Verde,CPV,2012,482000
Cape Verde,CPV,2013,503000
Cape Verde,CPV,2014,494000
Cape Verde,CPV,2015,520000
Cape Verde,CPV,2016,598000
Cape Verde,CPV,2017,668000
Cape Verde,CPV,2018,710000
Cape Verde,CPV,2019,758000
Cape Verde,CPV,2020,180000
Cape Verde,CPV,2021,135000
Cayman Islands,CYM,2004,190000
Cayman Islands,CYM,2005,96000
Cayman Islands,CYM,2006,157000
Cayman Islands,CYM,2007,167000
Cayman Islands,CYM,2008,171000
Cayman Islands,CYM,2009,201000
Cayman Islands,CYM,2010,212000
Cayman Islands,CYM,2011,231000
Cayman Islands,CYM,2012,244000
Cayman Islands,CYM,2013,258000
Cayman Islands,CYM,2014,288000
Cayman Islands,CYM,2015,286000
Cayman Islands,CYM,2016,291000
Cayman Islands,CYM,2017,298000
Cayman Islands,CYM,2018,360000
Cayman Islands,CYM,2019,403000
Cayman Islands,CYM,2020,94000
Central African Republic,CAF,2000,13000
Central African Republic,CAF,2001,10000
Central African Republic,CAF,2002,13000
Central African Republic,CAF,2003,13000
Central African Republic,CAF,2004,6000
Central African Republic,CAF,2005,8000
Central African Republic,CAF,2006,11000
Central African Republic,CAF,2007,19000
Central African Republic,CAF,2008,28000
Central African Republic,CAF,2009,17000
Central African Republic,CAF,2010,17000
Central African Republic,CAF,2011,24300
Central African Republic,CAF,2012,24000
Central African Republic,CAF,2013,28000
Chad,TCD,1995,19000
Chad,TCD,1996,20000
Chad,TCD,1997,27000
Chad,TCD,1998,41000
Chad,TCD,1999,46000
Chad,TCD,2000,43000
Chad,TCD,2001,57000
Chad,TCD,2002,32000
Chad,TCD,2003,21000
Chad,TCD,2004,26000
Chad,TCD,2005,29000
Chad,TCD,2006,16000
Chad,TCD,2007,25000
Chad,TCD,2008,22000
Chad,TCD,2009,31000
Chad,TCD,2010,14000
Chad,TCD,2011,25000
Chad,TCD,2012,30000
Chad,TCD,2013,38000
Chad,TCD,2014,51000
Chad,TCD,2015,69000
Chad,TCD,2017,47000
Chad,TCD,2018,63000
Chad,TCD,2019,81000
Chad,TCD,2020,10400
Chad,TCD,2021,31500
Chile,CHL,1998,1131000
Chile,CHL,1999,968000
Chile,CHL,2000,937000
Chile,CHL,2001,883000
Chile,CHL,2002,779000
Chile,CHL,2003,850000
Chile,CHL,2004,951000
Chile,CHL,2005,1397000
Chile,CHL,2006,1460000
Chile,CHL,2007,1563000
Chile,CHL,2008,1564000
Chile,CHL,2009,1424000
Chile,CHL,2010,1399000
Chile,CHL,2011,1691000
Chile,CHL,2012,2042000
Chile,CHL,2013,2161000
Chile,CHL,2014,3151000
Chile,CHL,2015,3262000
Chile,CHL,2016,3496000
Chile,CHL,2017,4386000
Chile,CHL,2018,3916000
Chile,CHL,2019,3732000
China,CHN,2002,39142000
China,CHN,2003,30169000
China,CHN,2004,43937000
China,CHN,2005,53258000
China,CHN,2006,61396000
China,CHN,2007,73114000
China,CHN,2008,75007000
China,CHN,2009,80392000
China,CHN,2010,96590000
China,CHN,2011,106552000
China,CHN,2012,116266000
China,CHN,2013,89924000
Congo,COG,1995,37000
Congo,COG,1996,39000
Congo,COG,1997,27000
Congo,COG,1998,20000
Congo,COG,1999,14000
Congo,COG,2000,19000
Congo,COG,2001,27000
Congo,COG,2002,22000
Congo,COG,2003,23000
Congo,COG,2004,31000
Congo,COG,2005,35000
Congo,COG,2006,46000
Congo,COG,2007,55000
Congo,COG,2008,62000
Congo,COG,2009,94000
Congo,COG,2010,101000
Congo,COG,2011,168000
Congo,COG,2012,204000
Congo,COG,2013,231000
Congo,COG,2014,273000
Congo,COG,2015,363000
Congo,COG,2016,224000
Congo,COG,2017,92000
Congo,COG,2018,114000
Croatia,HRV,1995,848000
Croatia,HRV,1996,1573000
Croatia,HRV,1997,2055000
Croatia,HRV,1998,2133000
Croatia,HRV,1999,1769000
Croatia,HRV,2000,2637000
Croatia,HRV,2001,2928000
Croatia,HRV,2002,2988000
Croatia,HRV,2003,3087000
Croatia,HRV,2004,3362000
Croatia,HRV,2005,3744000
Croatia,HRV,2006,3742000
Croatia,HRV,2007,3910000
Croatia,HRV,2008,3920000
Croatia,HRV,2009,3684000
Croatia,HRV,2010,3955000
Croatia,HRV,2011,4308000
Croatia,HRV,2012,4522000
Croatia,HRV,2013,4666000
Croatia,HRV,2014,4911000
Croatia,HRV,2015,5251000
Croatia,HRV,2016,5468000
Croatia,HRV,2017,6009000
Croatia,HRV,2018,6379000
Croatia,HRV,2019,6726000
Croatia,HRV,2020,1283000
Croatia,HRV,2021,2971000
Cuba,CUB,1995,1044000
Cuba,CUB,1996,1385000
Cuba,CUB,1997,1474000
Cuba,CUB,1998,1856000
Cuba,CUB,1999,2060000
Cuba,CUB,2000,2026000
Cuba,CUB,2001,2044000
Cuba,CUB,2002,2029000
Cuba,CUB,2003,2401000
Cuba,CUB,2004,2732000
Cuba,CUB,2005,2911000
Cuba,CUB,2006,2808000
Cuba,CUB,2007,2872000
Cuba,CUB,2008,3108000
Cuba,CUB,2009,3107000
Cuba,CUB,2010,3115000
Cuba,CUB,2011,3289000
Cuba,CUB,2012,3290000
Cuba,CUB,2013,3261000
Cuba,CUB,2014,3412000
Cuba,CUB,2015,3471000
Cuba,CUB,2016,3702000
Cuba,CUB,2017,3790000
Cuba,CUB,2018,3570000
Cuba,CUB,2019,2945000
Cuba,CUB,2020,1815000
Cuba,CUB,2021,647000
Curacao,CUW,1999,111000
Curacao,CUW,2000,126000
Curacao,CUW,2001,129000
Curacao,CUW,2002,129000
Curacao,CUW,2003,145000
Curacao,CUW,2004,150000
Curacao,CUW,2005,158000
Curacao,CUW,2006,165000
Curacao,CUW,2007,214000
Curacao,CUW,2008,224000
Curacao,CUW,2009,234000
Curacao,CUW,2010,223000
Curacao,CUW,2011,249000
Curacao,CUW,2012,230000
Curacao,CUW,2013,291000
Curacao,CUW,2014,308000
Curacao,CUW,2015,302000
Curacao,CUW,2016,276000
Curacao,CUW,2017,268000
Curacao,CUW,2018,261000
Curacao,CUW,2019,281000
Curacao,CUW,2020,104000
Curacao,CUW,2021,173000
Cyprus,CYP,1999,2100000
Cyprus,CYP,2000,2236000
Cyprus,CYP,2001,2284000
Cyprus,CYP,2002,2034000
Cyprus,CYP,2003,1818000
Cyprus,CYP,2004,1725000
Cyprus,CYP,2005,1750000
Cyprus,CYP,2006,1761000
Cyprus,CYP,2007,1775000
Cyprus,CYP,2008,1754000
Cyprus,CYP,2009,1647000
Cyprus,CYP,2010,1811000
Cyprus,CYP,2011,1946000
Cyprus,CYP,2012,2020000
Cyprus,CYP,2013,1947000
Cyprus,CYP,2014,1935000
Cyprus,CYP,2015,1874000
Cyprus,CYP,2016,2268000
Cyprus,CYP,2017,2488000
Cyprus,CYP,2018,2666000
Cyprus,CYP,2019,2689000
Cyprus,CYP,2020,532000
Cyprus,CYP,2021,1404000
Czechia,CZE,1996,3696000
Czechia,CZE,1997,4013000
Czechia,CZE,1998,4067000
Czechia,CZE,1999,4141000
Czechia,CZE,2000,4097000
Czechia,CZE,2001,4862000
Czechia,CZE,2002,4314000
Czechia,CZE,2003,4485000
Czechia,CZE,2004,5346000
Czechia,CZE,2005,5686000
Czechia,CZE,2006,5781000
Czechia,CZE,2007,6098000
Czechia,CZE,2008,6135000
Czechia,CZE,2009,5609000
Czechia,CZE,2010,5974000
Czechia,CZE,2011,6377000
Czechia,CZE,2012,7167000
Czechia,CZE,2013,7327000
Czechia,CZE,2014,7513000
Czechia,CZE,2015,8024000
Czechia,CZE,2016,8579000
Czechia,CZE,2017,9354000
Czechia,CZE,2018,9672000
Czechia,CZE,2019,9972000
Czechia,CZE,2020,2471000
Czechia,CZE,2021,2345000
Democratic Republic of Congo,COD,1999,17000
Democratic Republic of Congo,COD,2000,11000
Democratic Republic of Congo,COD,2001,17000
Democratic Republic of Congo,COD,2002,16000
Democratic Republic of Congo,COD,2003,17000
Democratic Republic of Congo,COD,2004,26000
Democratic Republic of Congo,COD,2005,48000
Democratic Republic of Congo,COD,2006,54000
Democratic Republic of Congo,COD,2007,27000
Democratic Republic of Congo,COD,2008,39000
Democratic Republic of Congo,COD,2009,42000
Democratic Republic of Congo,COD,2010,32000
Democratic Republic of Congo,COD,2011,30000
Denmark,DNK,1996,1307000
Denmark,DNK,1997,1317000
Denmark,DNK,1998,1305000
Denmark,DNK,1999,1268000
Denmark,DNK,2000,1446000
Denmark,DNK,2001,1397000
Denmark,DNK,2002,1379000
Denmark,DNK,2003,1385000
Denmark,DNK,2004,1970000
Denmark,DNK,2005,2230000
Denmark,DNK,2006,2164000
Denmark,DNK,2007,2100000
Denmark,DNK,2008,2057000
Denmark,DNK,2009,1892000
Denmark,DNK,2010,2157000
Denmark,DNK,2011,1499000
Denmark,DNK,2012,1588000
Denmark,DNK,2013,1653000
Denmark,DNK,2014,2627000
Denmark,DNK,2015,2646000
Denmark,DNK,2016,2666000
Denmark,DNK,2017,3144000
Denmark,DNK,2018,3223000
Denmark,DNK,2019,3806000
Denmark,DNK,2020,904000
Denmark,DNK,2021,1251000
Djibouti,DJI,1995,21000
Djibouti,DJI,1996,20000
Djibouti,DJI,1997,20000
Djibouti,DJI,1998,21000
Djibouti,DJI,1999,21000
Djibouti,DJI,2000,20100
Djibouti,DJI,2001,21600
Djibouti,DJI,2002,22500
Djibouti,DJI,2003,23200
Djibouti,DJI,2004,26300
Djibouti,DJI,2005,30200
Djibouti,DJI,2006,39500
Djibouti,DJI,2007,40000
Djibouti,DJI,2008,54000
Djibouti,DJI,2009,58000
Djibouti,DJI,2010,51000
Djibouti,DJI,2011,56000
Djibouti,DJI,2012,60000
Djibouti,DJI,2013,63000
Dominica,DMA,1995,29000
Dominica,DMA,1996,30000
Dominica,DMA,1997,31000
Dominica,DMA,1998,25000
Dominica,DMA,1999,29000
Dominica,DMA,2000,29000
Dominica,DMA,2001,26000
Dominica,DMA,2002,26000
Dominica,DMA,2003,26000
Dominica,DMA,2004,29000
Dominica,DMA,2005,27000
Dominica,DMA,2006,35000
Dominica,DMA,2007,30000
Dominica,DMA,2008,31000
Dominica,DMA,2009,29000
Dominica,DMA,2010,31000
Dominica,DMA,2011,31000
Dominica,DMA,2012,33000
Dominica,DMA,2013,34000
Dominica,DMA,2014,36000
Dominica,DMA,2015,32000
Dominica,DMA,2016,33000
Dominica,DMA,2017,27000
Dominica,DMA,2018,18000
Dominica,DMA,2019,27000
Dominica,DMA,2020,7000
Dominica,DMA,2021,7000
East Timor,TLS,2009,14000
East Timor,TLS,2010,15000
East Timor,TLS,2011,17000
East Timor,TLS,2012,20000
East Timor,TLS,2013,24000
East Timor,TLS,2014,15000
East Timor,TLS,2015,14000
East Timor,TLS,2016,11300
East Timor,TLS,2017,7600
East Timor,TLS,2018,7600
Ecuador,ECU,2010,636000
Ecuador,ECU,2011,693000
Ecuador,ECU,2012,929000
Ecuador,ECU,2013,861000
Ecuador,ECU,2014,1218000
Ecuador,ECU,2015,1253000
Ecuador,ECU,2016,1173000
Ecuador,ECU,2017,1350000
Ecuador,ECU,2018,1895000
Ecuador,ECU,2019,1576000
Ecuador,ECU,2020,378000
Ecuador,ECU,2021,499000
Egypt,EGY,2001,6147000
Egypt,EGY,2002,6229000
Egypt,EGY,2003,6731000
Egypt,EGY,2006,8449000
El Salvador,SLV,1995,58000
El Salvador,SLV,1996,164000
El Salvador,SLV,1997,251000
El Salvador,SLV,1998,368000
El Salvador,SLV,1999,461000
El Salvador,SLV,2000,487000
El Salvador,SLV,2001,367000
El Salvador,SLV,2002,485000
El Salvador,SLV,2003,436000
El Salvador,SLV,2004,273000
El Salvador,SLV,2005,329000
El Salvador,SLV,2006,374000
El Salvador,SLV,2007,375000
El Salvador,SLV,2008,376000
El Salvador,SLV,2009,461000
El Salvador,SLV,2010,595000
El Salvador,SLV,2011,642000
El Salvador,SLV,2012,600000
El Salvador,SLV,2013,616000
El Salvador,SLV,2014,687000
El Salvador,SLV,2015,712000
El Salvador,SLV,2016,757000
El Salvador,SLV,2017,738000
El Salvador,SLV,2018,695000
El Salvador,SLV,2019,715000
El Salvador,SLV,2020,173000
El Salvador,SLV,2021,243000
Estonia,EST,1995,331000
Estonia,EST,1996,403000
Estonia,EST,1997,540000
Estonia,EST,1998,602000
Estonia,EST,2001,848000
Estonia,EST,2002,937000
Estonia,EST,2003,1009000
Estonia,EST,2004,1300000
Estonia,EST,2005,1358000
Estonia,EST,2006,1330000
Estonia,EST,2007,1286000
Estonia,EST,2008,1353000
Estonia,EST,2009,1308000
Estonia,EST,2010,1487000
Estonia,EST,2011,1703000
Estonia,EST,2012,1747000
Estonia,EST,2013,1798000
Estonia,EST,2014,1816000
Estonia,EST,2015,1766000
Estonia,EST,2016,1870000
Estonia,EST,2017,1945000
Estonia,EST,2018,1920000
Estonia,EST,2019,1999000
Estonia,EST,2020,598000
Estonia,EST,2021,500000
Eswatini,SWZ,1995,300000
Eswatini,SWZ,1996,315000
Eswatini,SWZ,1997,269000
Eswatini,SWZ,1998,284000
Eswatini,SWZ,1999,289000
Eswatini,SWZ,2000,281000
Eswatini,SWZ,2001,283000
Eswatini,SWZ,2002,256000
Eswatini,SWZ,2003,219000
Eswatini,SWZ,2004,352000
Eswatini,SWZ,2005,312000
Eswatini,SWZ,2006,316000
Eswatini,SWZ,2007,299000
Eswatini,SWZ,2008,324000
Eswatini,SWZ,2009,334000
Eswatini,SWZ,2010,338000
Eswatini,SWZ,2011,308000
Eswatini,SWZ,2012,305000
Eswatini,SWZ,2013,303000
Eswatini,SWZ,2014,307000
Eswatini,SWZ,2015,297000
Eswatini,SWZ,2016,308000
Eswatini,SWZ,2017,323000
Eswatini,SWZ,2018,276000
Eswatini,SWZ,2019,244000
Eswatini,SWZ,2020,71000
Eswatini,SWZ,2021,34000
Finland,FIN,1995,1587000
Finland,FIN,1996,1537000
Finland,FIN,1997,1614000
Finland,FIN,1998,1681000
Finland,FIN,1999,1613000
Finland,FIN,2000,1761000
Finland,FIN,2001,1774000
Finland,FIN,2002,1796000
Finland,FIN,2003,1814000
Finland,FIN,2004,1820000
Finland,FIN,2005,1828000
Finland,FIN,2006,2045000
Finland,FIN,2007,2188000
Finland,FIN,2008,2045000
Finland,FIN,2009,1954000
Finland,FIN,2010,2046000
Finland,FIN,2011,2294000
Finland,FIN,2012,2461000
Finland,FIN,2013,2458000
Finland,FIN,2014,2397000
Finland,FIN,2015,2333000
Finland,FIN,2016,2512000
Finland,FIN,2017,2843000
Finland,FIN,2018,2856000
Finland,FIN,2019,2901000
Finland,FIN,2020,776000
Finland,FIN,2021,696000
France,FRA,1995,27018000
France,FRA,1996,27096000
France,FRA,1997,29625000
France,FRA,1998,32339000
France,FRA,1999,34267000
France,FRA,2000,36474000
France,FRA,2001,35097000
France,FRA,2002,36093000
France,FRA,2003,32520000
France,FRA,2004,33988000
France,FRA,2005,34806000
France,FRA,2006,32304000
France,FRA,2007,33254000
France,FRA,2008,32137000
France,FRA,2009,28766000
France,FRA,2010,29845000
France,FRA,2011,30487000
France,FRA,2012,30966000
France,FRA,2013,33348000
France,FRA,2014,33295000
France,FRA,2015,34032000
France,FRA,2016,32492000
France,FRA,2017,35568000
France,FRA,2018,38096000
France,FRA,2019,37376000
France,FRA,2020,11856000
France,FRA,2021,15454000
French Guiana,GUF,2011,20000
French Guiana,GUF,2012,18000
French Guiana,GUF,2013,16000
French Guiana,GUF,2014,24000
French Guiana,GUF,2015,21000
French Guiana,GUF,2016,20000
French Guiana,GUF,2017,26000
French Guiana,GUF,2018,27000
French Guiana,GUF,2019,34000
French Polynesia,PYF,1995,131000
French Polynesia,PYF,1996,138000
French Polynesia,PYF,1997,152000
French Polynesia,PYF,1998,159000
French Polynesia,PYF,1999,179000
French Polynesia,PYF,2001,193000
French Polynesia,PYF,2002,155000
French Polynesia,PYF,2003,180000
French Polynesia,PYF,2004,178000
French Polynesia,PYF,2005,176000
French Polynesia,PYF,2006,193000
French Polynesia,PYF,2007,190000
French Polynesia,PYF,2008,173000
French Polynesia,PYF,2009,138000
French Polynesia,PYF,2010,133000
French Polynesia,PYF,2011,142000
French Polynesia,PYF,2012,148000
French Polynesia,PYF,2013,146000
French Polynesia,PYF,2014,162000
French Polynesia,PYF,2015,166000
French Polynesia,PYF,2016,174000
French Polynesia,PYF,2017,179000
French Polynesia,PYF,2018,193000
French Polynesia,PYF,2019,209000
French Polynesia,PYF,2020,66400
French Polynesia,PYF,2021,70000
Georgia,GEO,2000,32000
Georgia,GEO,2001,27000
Georgia,GEO,2002,29000
Georgia,GEO,2003,39000
Georgia,GEO,2004,61000
Georgia,GEO,2005,63000
Georgia,GEO,2006,82000
Georgia,GEO,2007,104000
Georgia,GEO,2008,104000
Georgia,GEO,2009,151000
Georgia,GEO,2010,307000
Georgia,GEO,2011,438000
Georgia,GEO,2012,626000
Georgia,GEO,2013,774000
Georgia,GEO,2014,866000
Georgia,GEO,2015,1170000
Georgia,GEO,2016,1670000
Georgia,GEO,2017,2355000
Georgia,GEO,2018,2615000
Georgia,GEO,2019,2868000
Georgia,GEO,2020,411000
Georgia,GEO,2021,1327000
Germany,DEU,1995,12965000
Germany,DEU,1996,13356000
Germany,DEU,1997,14036000
Germany,DEU,1998,14749000
Germany,DEU,1999,15265000
Germany,DEU,2000,17347000
Germany,DEU,2001,16003000
Germany,DEU,2002,16093000
Germany,DEU,2003,16357000
Germany,DEU,2004,17983000
Germany,DEU,2005,19171000
Germany,DEU,2006,21057000
Germany,DEU,2007,21870000
Germany,DEU,2008,22131000
Germany,DEU,2009,21467000
Germany,DEU,2010,23897000
Germany,DEU,2011,25311000
Germany,DEU,2012,27076000
Germany,DEU,2013,28123000
Germany,DEU,2014,29433000
Germany,DEU,2015,31227000
Germany,DEU,2016,31760000
Germany,DEU,2017,33457000
Germany,DEU,2018,34560000
Germany,DEU,2019,35168000
Germany,DEU,2020,10885000
Germany,DEU,2021,10319000
Greece,GRC,1995,6250000
Greece,GRC,1996,5973000
Greece,GRC,1997,6785000
Greece,GRC,1998,7276000
Greece,GRC,1999,7229000
Greece,GRC,2000,7767000
Greece,GRC,2001,6997000
Greece,GRC,2002,6654000
Greece,GRC,2003,6574000
Greece,GRC,2004,6313000
Greece,GRC,2005,7143000
Greece,GRC,2006,7548000
Greece,GRC,2007,8746000
Greece,GRC,2008,8658000
Greece,GRC,2009,8542000
Greece,GRC,2010,8964000
Greece,GRC,2011,10042000
Greece,GRC,2012,9244000
Greece,GRC,2013,10490000
Greece,GRC,2014,11882000
Greece,GRC,2015,12735000
Greece,GRC,2016,13000000
Greece,GRC,2017,14831000
Greece,GRC,2018,19377000
Greece,GRC,2019,19694000
Greece,GRC,2020,4613000
Greece,GRC,2021,10131000
Grenada,GRD,1995,50000
Grenada,GRD,1996,52000
Grenada,GRD,1997,52000
Grenada,GRD,1998,53000
Grenada,GRD,1999,45000
Grenada,GRD,2000,45000
Grenada,GRD,2001,60000
Grenada,GRD,2002,63000
Grenada,GRD,2003,72000
Grenada,GRD,2004,72000
Grenada,GRD,2005,36000
Grenada,GRD,2006,54000
Grenada,GRD,2007,66000
Grenada,GRD,2008,62000
Grenada,GRD,2009,51000
Grenada,GRD,2010,50000
Grenada,GRD,2011,58000
Grenada,GRD,2012,62000
Grenada,GRD,2013,71000
Grenada,GRD,2014,77000
Grenada,GRD,2015,82000
Grenada,GRD,2016,113000
Grenada,GRD,2017,88000
Grenada,GRD,2018,100000
Grenada,GRD,2019,99000
Grenada,GRD,2020,27500
Grenada,GRD,2021,29494
Guadeloupe,GLP,1999,388000
Guadeloupe,GLP,2000,419000
Guadeloupe,GLP,2001,379000
Guadeloupe,GLP,2003,439000
Guadeloupe,GLP,2004,456000
Guadeloupe,GLP,2007,654000
Guadeloupe,GLP,2008,524000
Guadeloupe,GLP,2009,384000
Guadeloupe,GLP,2010,407000
Guadeloupe,GLP,2011,424000
Guam,GUM,2006,953000
Guam,GUM,2007,934000
Guam,GUM,2008,859000
Guam,GUM,2009,794000
Guam,GUM,2010,869000
Guam,GUM,2011,859000
Guam,GUM,2012,959000
Guam,GUM,2013,977000
Guam,GUM,2014,994000
Guam,GUM,2015,1055000
Guam,GUM,2016,1163000
Guam,GUM,2017,1182000
Guam,GUM,2018,1218000
Guam,GUM,2019,1309000
Guam,GUM,2020,249000
Guam,GUM,2021,36000
Guinea,GIN,1999,15000
Guinea,GIN,2000,15000
Guinea,GIN,2001,9000
Guinea,GIN,2003,16000
Guinea,GIN,2004,14000
Guinea,GIN,2005,15000
Guinea,GIN,2006,19000
Guinea,GIN,2007,11000
Guinea,GIN,2011,63000
Guinea,GIN,2012,35000
Guinea,GIN,2013,16000
Guinea,GIN,2014,15000
Guinea,GIN,2015,19500
Guinea,GIN,2016,38000
Guyana,GUY,2015,52000
Guyana,GUY,2016,84000
Guyana,GUY,2017,107000
Guyana,GUY,2018,131000
Guyana,GUY,2019,125000
Guyana,GUY,2020,27000
Guyana,GUY,2021,21000
Hungary,HUN,1995,2116000
Hungary,HUN,1996,2447000
Hungary,HUN,1997,2420000
Hungary,HUN,1998,2472000
Hungary,HUN,1999,2401000
Hungary,HUN,2000,2604000
Hungary,HUN,2001,2669000
Hungary,HUN,2002,2659000
Hungary,HUN,2003,2599000
Hungary,HUN,2004,2951000
Hungary,HUN,2005,3140000
Hungary,HUN,2006,3009000
Hungary,HUN,2007,3131000
Hungary,HUN,2008,3197000
Hungary,HUN,2009,2914000
Hungary,HUN,2010,3184000
Hungary,HUN,2011,3518000
Hungary,HUN,2012,3825000
Hungary,HUN,2013,4007000
Hungary,HUN,2014,4187000
Hungary,HUN,2015,4438000
Hungary,HUN,2016,4759000
Hungary,HUN,2017,5029000
Hungary,HUN,2018,5286000
Hungary,HUN,2019,5456000
Hungary,HUN,2020,1196000
Hungary,HUN,2021,1638000
Iceland,ISL,1996,311000
Iceland,ISL,1997,354000
Iceland,ISL,1998,400000
Iceland,ISL,1999,431000
Iceland,ISL,2000,448000
Iceland,ISL,2001,465000
Iceland,ISL,2002,513000
Iceland,ISL,2003,569000
Iceland,ISL,2004,615000
Iceland,ISL,2005,643000
Iceland,ISL,2006,714000
Iceland,ISL,2007,782000
Iceland,ISL,2008,806000
Iceland,ISL,2009,872000
Iceland,ISL,2010,837000
Iceland,ISL,2011,963000
Iceland,ISL,2012,1117000
Iceland,ISL,2013,1321000
Iceland,ISL,2014,1573000
Iceland,ISL,2015,2083000
Iceland,ISL,2016,2632000
Iceland,ISL,2017,2939000
Iceland,ISL,2018,3150000
Iceland,ISL,2019,3197000
Iceland,ISL,2020,708000
Iceland,ISL,2021,1274000
Indonesia,IDN,1995,3390000
Indonesia,IDN,1996,3705000
Indonesia,IDN,1997,4425000
Indonesia,IDN,1998,3486000
Indonesia,IDN,1999,3912000
Indonesia,IDN,2000,4029000
Indonesia,IDN,2001,4101000
Indonesia,IDN,2002,3947000
Indonesia,IDN,2003,3380000
Indonesia,IDN,2004,4248000
Indonesia,IDN,2005,3883000
Indonesia,IDN,2006,3653000
Indonesia,IDN,2007,4298000
Indonesia,IDN,2008,4805000
Indonesia,IDN,2009,5359000
Indonesia,IDN,2010,5589000
Indonesia,IDN,2011,6045000
Indonesia,IDN,2012,8299000
Indonesia,IDN,2013,11985000
Indonesia,IDN,2014,12704000
Indonesia,IDN,2015,11936000
Indonesia,IDN,2016,14012000
Indonesia,IDN,2017,15276000
Indonesia,IDN,2018,20119000
Indonesia,IDN,2019,14591000
Indonesia,IDN,2020,2615000
Indonesia,IDN,2021,777000
Iran,IRN,1995,257000
Iran,IRN,1996,325000
Iran,IRN,1997,285000
Iran,IRN,1998,333000
Iran,IRN,1999,296000
Iran,IRN,2000,371000
Iran,IRN,2001,346000
Iran,IRN,2002,323000
Iran,IRN,2003,313000
Ireland,IRL,1999,3343000
Ireland,IRL,2000,5491000
Israel,ISR,1995,2978000
Israel,ISR,1996,2765000
Israel,ISR,1997,2461000
Israel,ISR,1998,2283000
Israel,ISR,1999,2895000
Israel,ISR,2000,3165000
Israel,ISR,2001,1077000
Israel,ISR,2002,694000
Israel,ISR,2003,900000
Israel,ISR,2004,1374000
Israel,ISR,2005,2005000
Israel,ISR,2006,2131000
Israel,ISR,2007,2748000
Israel,ISR,2008,3373000
Israel,ISR,2009,2621000
Israel,ISR,2010,3237000
Israel,ISR,2011,3232000
Israel,ISR,2012,3171000
Israel,ISR,2013,3135000
Israel,ISR,2014,3020000
Israel,ISR,2015,2692000
Israel,ISR,2016,2817000
Israel,ISR,2017,3680000
Israel,ISR,2018,4134000
Israel,ISR,2019,4441000
Israel,ISR,2020,814000
Israel,ISR,2021,277000
Italy,ITA,1995,23467000
Italy,ITA,1996,24929000
Italy,ITA,1997,25133000
Italy,ITA,1998,25927000
Italy,ITA,1999,26530000
Italy,ITA,2000,28797000
Italy,ITA,2001,29138000
Italy,ITA,2002,29340000
Italy,ITA,2003,28174000
Italy,ITA,2004,29916000
Italy,ITA,2005,30943000
Italy,ITA,2006,33513000
Italy,ITA,2007,34769000
Italy,ITA,2008,33667000
Italy,ITA,2009,32633000
Italy,ITA,2010,35020000
Italy,ITA,2011,37984000
Italy,ITA,2012,38868000
Italy,ITA,2013,39989000
Italy,ITA,2014,40770000
Italy,ITA,2015,43097000
Italy,ITA,2016,43405000
Italy,ITA,2017,45365000
Italy,ITA,2018,46825000
Italy,ITA,2019,47377000
Italy,ITA,2020,11006000
Italy,ITA,2021,17107000
Jamaica,JAM,1995,743000
Jamaica,JAM,1996,768000
Jamaica,JAM,1997,790000
Jamaica,JAM,1998,823000
Jamaica,JAM,1999,835000
Jamaica,JAM,2000,890000
Jamaica,JAM,2001,856000
Jamaica,JAM,2002,852000
Jamaica,JAM,2003,887000
Jamaica,JAM,2004,932000
Jamaica,JAM,2005,995000
Jamaica,JAM,2006,1125000
Jamaica,JAM,2007,1119000
Jamaica,JAM,2008,1190000
Jamaica,JAM,2009,1242000
Jamaica,JAM,2010,1288000
Jamaica,JAM,2011,1324000
Jamaica,JAM,2012,1354000
Jamaica,JAM,2013,1400000
Jamaica,JAM,2014,1437000
Jamaica,JAM,2015,1446000
Jamaica,JAM,2016,1483000
Jamaica,JAM,2017,1653000
Jamaica,JAM,2018,1723000
Jamaica,JAM,2019,1845000
Jamaica,JAM,2020,580900
Jamaica,JAM,2021,1020000
Japan,JPN,2008,14514000
Japan,JPN,2009,11753000
Japan,JPN,2010,16805000
Japan,JPN,2011,11000000
Japan,JPN,2012,15924000
Japan,JPN,2013,20380000
Japan,JPN,2014,27635000
Japan,JPN,2015,41138000
Japan,JPN,2016,43733000
Japan,JPN,2017,48574000
Japan,JPN,2018,56047000
Japan,JPN,2019,65786000
Japan,JPN,2020,10763000
Japan,JPN,2021,1836000
Jordan,JOR,2002,1418000
Jordan,JOR,2003,1489000
Jordan,JOR,2004,2051000
Jordan,JOR,2005,2300000
Jordan,JOR,2006,2189000
Jordan,JOR,2007,2011000
Jordan,JOR,2008,2693000
Jordan,JOR,2009,1909000
Jordan,JOR,2010,2206000
Jordan,JOR,2011,1691000
Jordan,JOR,2012,1822000
Jordan,JOR,2016,1531000
Jordan,JOR,2017,1553000
Jordan,JOR,2018,2196000
Jordan,JOR,2019,2728000
Jordan,JOR,2020,577000
Jordan,JOR,2021,1003000
Kuwait,KWT,1995,72000
Kuwait,KWT,1996,76000
Kuwait,KWT,1997,79000
Kuwait,KWT,1998,77000
Kuwait,KWT,1999,84000
Kuwait,KWT,2000,78000
Kuwait,KWT,2001,73000
Kuwait,KWT,2002,96000
Kuwait,KWT,2003,94000
Kuwait,KWT,2004,91000
Kuwait,KWT,2005,104000
Kuwait,KWT,2006,185000
Kuwait,KWT,2007,293000
Kuwait,KWT,2008,259000
Kuwait,KWT,2009,297000
Kuwait,KWT,2010,207000
Kuwait,KWT,2011,269000
Kuwait,KWT,2012,300000
Kuwait,KWT,2013,307000
Kuwait,KWT,2014,198000
Kuwait,KWT,2015,182000
Kuwait,KWT,2016,203000
Kuwait,KWT,2017,183000
Kuwait,KWT,2018,200000
Kuwait,KWT,2019,153000
Kuwait,KWT,2020,86000
Kuwait,KWT,2021,85000
Kyrgyzstan,KGZ,2000,30000
Kyrgyzstan,KGZ,2001,32000
Kyrgyzstan,KGZ,2002,44000
Kyrgyzstan,KGZ,2003,46000
Kyrgyzstan,KGZ,2004,49000
Kyrgyzstan,KGZ,2005,34000
Kyrgyzstan,KGZ,2006,38000
Kyrgyzstan,KGZ,2007,47000
Kyrgyzstan,KGZ,2008,37000
Kyrgyzstan,KGZ,2009,44000
Kyrgyzstan,KGZ,2010,27000
Kyrgyzstan,KGZ,2011,41000
Kyrgyzstan,KGZ,2012,47000
Kyrgyzstan,KGZ,2013,46000
Kyrgyzstan,KGZ,2014,44000
Kyrgyzstan,KGZ,2015,64000
Kyrgyzstan,KGZ,2016,76000
Kyrgyzstan,KGZ,2017,77000
Kyrgyzstan,KGZ,2018,103000
Kyrgyzstan,KGZ,2019,83000
Kyrgyzstan,KGZ,2020,15000
Kyrgyzstan,KGZ,2021,34000
Latvia,LVA,1999,239000
Latvia,LVA,2000,266000
Latvia,LVA,2001,319000
Latvia,LVA,2002,352000
Latvia,LVA,2003,402000
Latvia,LVA,2004,520000
Latvia,LVA,2005,680000
Latvia,LVA,2006,746000
Latvia,LVA,2007,765000
Latvia,LVA,2008,846000
Latvia,LVA,2009,697000
Latvia,LVA,2010,815000
Latvia,LVA,2011,985000
Latvia,LVA,2012,1027000
Latvia,LVA,2013,1168000
Latvia,LVA,2014,1342000
Latvia,LVA,2015,1373000
Latvia,LVA,2016,1452000
Latvia,LVA,2017,1636000
Latvia,LVA,2018,1774000
Latvia,LVA,2019,1777000
Latvia,LVA,2020,621000
Latvia,LVA,2021,404000
Lebanon,LBN,2006,468000
Lebanon,LBN,2007,441000
Lebanon,LBN,2008,635000
Lebanon,LBN,2009,769000
Lebanon,LBN,2010,877000
Lebanon,LBN,2011,739000
Lebanon,LBN,2012,572000
Lebanon,LBN,2013,567000
Lebanon,LBN,2014,626000
Lebanon,LBN,2015,701000
Lebanon,LBN,2016,791000
Lebanon,LBN,2017,860000
Lebanon,LBN,2018,912000
Lebanon,LBN,2019,952000
Lebanon,LBN,2020,182000
Lebanon,LBN,2021,212200
Libya,LBY,2004,43000
Libya,LBY,2005,81000
Libya,LBY,2006,42000
Libya,LBY,2007,38000
Libya,LBY,2008,34000
Liechtenstein,LIE,1995,59000
Liechtenstein,LIE,1996,56000
Liechtenstein,LIE,1997,57000
Liechtenstein,LIE,1998,59000
Liechtenstein,LIE,1999,60000
Liechtenstein,LIE,2000,61600
Liechtenstein,LIE,2001,56500
Liechtenstein,LIE,2002,48700
Liechtenstein,LIE,2003,49000
Liechtenstein,LIE,2004,48500
Liechtenstein,LIE,2005,49800
Liechtenstein,LIE,2006,54900
Liechtenstein,LIE,2007,58300
Liechtenstein,LIE,2008,58500
Liechtenstein,LIE,2009,52300
Liechtenstein,LIE,2010,49800
Liechtenstein,LIE,2011,53300
Liechtenstein,LIE,2012,53600
Liechtenstein,LIE,2013,52400
Liechtenstein,LIE,2014,53700
Liechtenstein,LIE,2015,48600
Liechtenstein,LIE,2016,60000
Liechtenstein,LIE,2017,69000
Liechtenstein,LIE,2018,72200
Liechtenstein,LIE,2019,83900
Liechtenstein,LIE,2020,52700
Liechtenstein,LIE,2021,59800
Lithuania,LTU,1995,174000
Lithuania,LTU,1996,208000
Lithuania,LTU,1997,240000
Lithuania,LTU,1998,264000
Lithuania,LTU,1999,245000
Lithuania,LTU,2000,253000
Lithuania,LTU,2001,297000
Lithuania,LTU,2002,343000
Lithuania,LTU,2003,385000
Lithuania,LTU,2004,530000
Lithuania,LTU,2005,623000
Lithuania,LTU,2006,692000
Lithuania,LTU,2007,767000
Lithuania,LTU,2008,825000
Lithuania,LTU,2009,684000
Lithuania,LTU,2010,761000
Lithuania,LTU,2011,909000
Lithuania,LTU,2012,1008000
Lithuania,LTU,2013,1098000
Lithuania,LTU,2014,1166000
Lithuania,LTU,2015,1182000
Lithuania,LTU,2016,1274000
Lithuania,LTU,2017,1321000
Lithuania,LTU,2018,1425000
Lithuania,LTU,2019,1572000
Lithuania,LTU,2020,414000
Lithuania,LTU,2021,436000
Luxembourg,LUX,1995,496000
Luxembourg,LUX,1996,461000
Luxembourg,LUX,1997,508000
Luxembourg,LUX,1998,525000
Luxembourg,LUX,1999,580000
Luxembourg,LUX,2000,589000
Luxembourg,LUX,2001,577000
Luxembourg,LUX,2002,599000
Luxembourg,LUX,2003,581000
Luxembourg,LUX,2004,613000
Luxembourg,LUX,2005,667000
Luxembourg,LUX,2006,673000
Luxembourg,LUX,2007,707000
Luxembourg,LUX,2008,675000
Luxembourg,LUX,2009,651000
Luxembourg,LUX,2010,652000
Luxembourg,LUX,2011,682000
Luxembourg,LUX,2012,770000
Luxembourg,LUX,2013,763000
Luxembourg,LUX,2014,834000
Luxembourg,LUX,2015,870000
Luxembourg,LUX,2016,849000
Luxembourg,LUX,2017,825000
Luxembourg,LUX,2018,816000
Luxembourg,LUX,2019,812000
Luxembourg,LUX,2020,402000
Luxembourg,LUX,2021,587000
Macao,MAC,1995,2371000
Macao,MAC,1996,2589000
Macao,MAC,1997,2100000
Macao,MAC,1998,2041000
Macao,MAC,1999,2138000
Macao,MAC,2000,2552000
Macao,MAC,2001,2625000
Macao,MAC,2002,2996000
Macao,MAC,2003,2870000
Macao,MAC,2004,3790000
Macao,MAC,2005,3903000
Macao,MAC,2006,4429000
Macao,MAC,2007,5442000
Macao,MAC,2008,6194000
Macao,MAC,2009,6398000
Macao,MAC,2010,7288000
Macao,MAC,2011,8052000
Macao,MAC,2012,8885000
Macao,MAC,2013,10016000
Macao,MAC,2014,10018000
Macao,MAC,2015,9924000
Macao,MAC,2016,11300000
Macao,MAC,2017,12389000
Macao,MAC,2018,13206000
Macao,MAC,2019,13492000
Macao,MAC,2020,3245000
Macao,MAC,2021,5732000
Malawi,MWI,2006,461000
Malawi,MWI,2007,517000
Malawi,MWI,2008,473000
Malawi,MWI,2009,510000
Malawi,MWI,2010,459000
Malawi,MWI,2011,496000
Malawi,MWI,2012,491000
Malawi,MWI,2014,511000
Malawi,MWI,2015,516000
Malawi,MWI,2016,520000
Malawi,MWI,2017,536000
Malawi,MWI,2018,552000
Malaysia,MYS,1999,10340000
Malaysia,MYS,2000,12393000
Malaysia,MYS,2001,13115000
Malaysia,MYS,2002,15615000
Malaysia,MYS,2003,13239000
Malaysia,MYS,2004,20009000
Malaysia,MYS,2005,21448000
Malaysia,MYS,2006,22457000
Malaysia,MYS,2007,25395000
Malaysia,MYS,2008,28276000
Malaysia,MYS,2009,28443000
Malaysia,MYS,2010,25596000
Malaysia,MYS,2011,26019000
Malaysia,MYS,2012,26171000
Malaysia,MYS,2013,22860000
Malaysia,MYS,2014,26289000
Malaysia,MYS,2015,25571000
Malaysia,MYS,2016,25909000
Malaysia,MYS,2017,28030000
Malaysia,MYS,2018,30001000
Malaysia,MYS,2019,28836000
Malaysia,MYS,2020,4701000
Malaysia,MYS,2021,188700
Mali,MLI,1995,42000
Mali,MLI,1996,98000
Mali,MLI,1997,75000
Mali,MLI,1998,83000
Mali,MLI,1999,82000
Mali,MLI,2000,86000
Mali,MLI,2001,89000
Mali,MLI,2002,96000
Mali,MLI,2003,110000
Mali,MLI,2004,113000
Mali,MLI,2005,143000
Mali,MLI,2006,153000
Mali,MLI,2007,164000
Mali,MLI,2012,32000
Mali,MLI,2013,57000
Mali,MLI,2014,53000
Mali,MLI,2015,15000
Mali,MLI,2016,41500
Mali,MLI,2017,11000
Mali,MLI,2018,14000
Mali,MLI,2019,15000
Mali,MLI,2020,7900
Mali,MLI,2021,45800
Malta,MLT,1995,808000
Malta,MLT,1996,751000
Malta,MLT,1997,825000
Malta,MLT,1998,887000
Malta,MLT,1999,892000
Malta,MLT,2000,845000
Malta,MLT,2001,833000
Malta,MLT,2002,797000
Malta,MLT,2003,863000
Malta,MLT,2004,904000
Malta,MLT,2005,906000
Malta,MLT,2006,868000
Malta,MLT,2007,982000
Malta,MLT,2008,1008000
Malta,MLT,2009,911000
Malta,MLT,2010,1047000
Malta,MLT,2011,1094000
Malta,MLT,2012,1099000
Malta,MLT,2013,1190000
Malta,MLT,2014,1262000
Malta,MLT,2015,1280000
Malta,MLT,2016,1354000
Malta,MLT,2017,1518000
Malta,MLT,2018,1651000
Malta,MLT,2019,1710000
Malta,MLT,2020,408000
Malta,MLT,2021,623000
Martinique,MTQ,1995,223000
Martinique,MTQ,1996,234000
Martinique,MTQ,1997,266000
Martinique,MTQ,1998,285000
Martinique,MTQ,1999,287000
Martinique,MTQ,2000,267000
Martinique,MTQ,2001,234000
Martinique,MTQ,2002,198000
Martinique,MTQ,2003,187000
Martinique,MTQ,2004,192000
Martinique,MTQ,2005,216000
Martinique,MTQ,2006,204000
Martinique,MTQ,2007,209000
Martinique,MTQ,2008,166000
Martinique,MTQ,2009,174000
Martinique,MTQ,2010,178000
Martinique,MTQ,2011,193000
Martinique,MTQ,2012,177000
Martinique,MTQ,2013,159000
Martinique,MTQ,2014,143000
Martinique,MTQ,2017,147000
Martinique,MTQ,2018,149000
Martinique,MTQ,2019,146000
Martinique,MTQ,2020,73000
Martinique,MTQ,2021,54000
Mauritius,MUS,1998,435000
Mauritius,MUS,2000,499000
Mauritius,MUS,2002,525000
Mauritius,MUS,2004,589000
Mauritius,MUS,2006,646000
Mauritius,MUS,2009,654000
Mauritius,MUS,2010,739000
Mauritius,MUS,2011,756000
Mauritius,MUS,2012,724000
Mauritius,MUS,2013,797000
Mauritius,MUS,2015,935000
Mauritius,MUS,2016,1023000
Mauritius,MUS,2017,1052000
Mauritius,MUS,2018,1077000
Mexico,MEX,1995,6718000
Mexico,MEX,1996,7491000
Mexico,MEX,1997,8155000
Mexico,MEX,1998,8157000
Mexico,MEX,1999,9501000
Mexico,MEX,2000,9867000
Mexico,MEX,2001,9410000
Mexico,MEX,2002,7869000
Mexico,MEX,2003,8556000
Mexico,MEX,2004,9972000
Mexico,MEX,2005,10691000
Mexico,MEX,2006,9689000
Mexico,MEX,2007,13250000
Mexico,MEX,2008,14731000
Mexico,MEX,2009,12043000
Mexico,MEX,2010,12507000
Mexico,MEX,2011,12655000
Mexico,MEX,2012,13092000
Mexico,MEX,2013,13954000
Mexico,MEX,2014,15394000
Mexico,MEX,2015,17128000
Mexico,MEX,2016,18986000
Mexico,MEX,2017,21529000
Mexico,MEX,2018,22224000
Mexico,MEX,2019,22868000
Mexico,MEX,2020,9976000
Mexico,MEX,2021,15791000
Moldova,MDA,2004,68000
Moldova,MDA,2005,66000
Moldova,MDA,2006,62000
Moldova,MDA,2007,69000
Moldova,MDA,2008,72000
Moldova,MDA,2009,57000
Moldova,MDA,2010,61000
Moldova,MDA,2011,71200
Moldova,MDA,2012,84600
Moldova,MDA,2013,89900
Moldova,MDA,2014,89400
Moldova,MDA,2015,88800
Moldova,MDA,2016,114000
Moldova,MDA,2017,135000
Moldova,MDA,2018,149000
Moldova,MDA,2019,161000
Moldova,MDA,2020,27000
Moldova,MDA,2021,63000
Monaco,MCO,1995,233000
Monaco,MCO,1996,226000
Monaco,MCO,1997,259000
Monaco,MCO,1998,278000
Monaco,MCO,1999,278000
Monaco,MCO,2000,300000
Monaco,MCO,2001,270000
Monaco,MCO,2002,263000
Monaco,MCO,2003,235000
Monaco,MCO,2004,250000
Monaco,MCO,2005,286000
Monaco,MCO,2006,313000
Monaco,MCO,2007,328000
Monaco,MCO,2008,324000
Monaco,MCO,2009,265000
Monaco,MCO,2010,279000
Monaco,MCO,2011,295000
Monaco,MCO,2012,292000
Monaco,MCO,2013,328000
Monaco,MCO,2014,329000
Monaco,MCO,2015,331000
Monaco,MCO,2016,336000
Monaco,MCO,2017,355000
Monaco,MCO,2018,347000
Monaco,MCO,2019,363000
Monaco,MCO,2020,159000
Monaco,MCO,2021,218400
Montenegro,MNE,2002,114000
Montenegro,MNE,2003,115000
Montenegro,MNE,2004,127000
Montenegro,MNE,2005,191000
Montenegro,MNE,2006,269000
Montenegro,MNE,2007,545000
Montenegro,MNE,2008,566000
Montenegro,MNE,2009,468000
Montenegro,MNE,2010,486000
Montenegro,MNE,2011,524000
Montenegro,MNE,2012,557000
Montenegro,MNE,2013,604000
Montenegro,MNE,2014,587000
Montenegro,MNE,2015,629000
Montenegro,MNE,2016,699000
Montenegro,MNE,2017,844000
Montenegro,MNE,2018,959000
Montenegro,MNE,2019,1168000
Montenegro,MNE,2020,180000
Montenegro,MNE,2021,630000
Montserrat,MSR,2001,2000
Montserrat,MSR,2002,2000
Montserrat,MSR,2003,1400
Montserrat,MSR,2004,1900
Montserrat,MSR,2005,2500
Montserrat,MSR,2006,2300
Montserrat,MSR,2007,2600
Montserrat,MSR,2008,2800
Montserrat,MSR,2009,2200
Montserrat,MSR,2010,2400
Montserrat,MSR,2011,1200
Montserrat,MSR,2012,2400
Montserrat,MSR,2013,2700
Montserrat,MSR,2014,3500
Montserrat,MSR,2015,3700
Montserrat,MSR,2016,3100
Montserrat,MSR,2017,3900
Montserrat,MSR,2018,4100
Montserrat,MSR,2019,3200
Montserrat,MSR,2020,1100
Montserrat,MSR,2021,300
Morocco,MAR,1995,2123000
Morocco,MAR,1996,2238000
Morocco,MAR,1997,2541000
Morocco,MAR,1998,2798000
Morocco,MAR,1999,3217000
Morocco,MAR,2000,3388000
Morocco,MAR,2001,3083000
Morocco,MAR,2002,2633000
Morocco,MAR,2003,2446000
Morocco,MAR,2004,2874000
Morocco,MAR,2005,3470000
Morocco,MAR,2006,3815000
Morocco,MAR,2007,3910000
Morocco,MAR,2008,3824000
Morocco,MAR,2009,3669000
Morocco,MAR,2010,4078000
Morocco,MAR,2011,3456000
Morocco,MAR,2012,3570000
Morocco,MAR,2013,4026000
Morocco,MAR,2014,4219000
Morocco,MAR,2015,3676000
Morocco,MAR,2016,3692000
Morocco,MAR,2017,4634000
Morocco,MAR,2018,5359000
Morocco,MAR,2019,5606000
Morocco,MAR,2020,1081000
Morocco,MAR,2021,876000
Mozambique,MOZ,2001,116000
Mozambique,MOZ,2002,119000
Mozambique,MOZ,2003,96000
Mozambique,MOZ,2004,162000
Mozambique,MOZ,2005,250000
Mozambique,MOZ,2006,238000
Mozambique,MOZ,2007,257000
Mozambique,MOZ,2008,257000
Mozambique,MOZ,2009,237000
Mozambique,MOZ,2010,268000
Mozambique,MOZ,2011,278000
Mozambique,MOZ,2012,248000
Mozambique,MOZ,2013,260000
Mozambique,MOZ,2014,273000
Mozambique,MOZ,2015,256000
Mozambique,MOZ,2016,241000
Mozambique,MOZ,2017,177000
Mozambique,MOZ,2018,213000
Mozambique,MOZ,2019,229000
Mozambique,MOZ,2020,100000
Mozambique,MOZ,2021,98000
Namibia,NAM,1995,221000
Namibia,NAM,1997,229000
Namibia,NAM,1998,259000
Namibia,NAM,1999,204000
Namibia,NAM,2000,248000
Namibia,NAM,2001,236000
Namibia,NAM,2002,317000
Namibia,NAM,2003,149000
Namibia,NAM,2005,426000
Namibia,NAM,2006,698000
Netherlands,NLD,1995,4497000
Netherlands,NLD,1996,4723000
Netherlands,NLD,1997,5758000
Netherlands,NLD,1998,7431000
Netherlands,NLD,1999,7550000
Netherlands,NLD,2000,7738000
Netherlands,NLD,2001,7445000
Netherlands,NLD,2002,7433000
Netherlands,NLD,2003,6931000
Netherlands,NLD,2004,7601000
Netherlands,NLD,2005,8081000
Netherlands,NLD,2006,8567000
Netherlands,NLD,2007,8713000
Netherlands,NLD,2008,8035000
Netherlands,NLD,2009,7754000
Netherlands,NLD,2010,8727000
Netherlands,NLD,2011,9027000
Netherlands,NLD,2012,9357000
Netherlands,NLD,2013,10017000
Netherlands,NLD,2014,10978000
Netherlands,NLD,2015,11766000
Netherlands,NLD,2016,12410000
Netherlands,NLD,2017,14152000
Netherlands,NLD,2018,14672000
Netherlands,NLD,2019,15511000
Netherlands,NLD,2020,5102000
Netherlands,NLD,2021,4341000
New Caledonia,NCL,1995,58000
New Caledonia,NCL,1996,63000
New Caledonia,NCL,1997,77000
New Caledonia,NCL,1998,78000
New Caledonia,NCL,1999,74000
New Caledonia,NCL,2000,80000
New Caledonia,NCL,2001,86000
New Caledonia,NCL,2002,82000
New Caledonia,NCL,2003,75000
New Caledonia,NCL,2004,79000
New Caledonia,NCL,2005,77000
New Caledonia,NCL,2006,85000
New Caledonia,NCL,2007,129000
New Caledonia,NCL,2008,102000
New Caledonia,NCL,2009,115000
New Caledonia,NCL,2010,133000
New Caledonia,NCL,2011,142000
New Caledonia,NCL,2012,121000
New Caledonia,NCL,2013,117000
New Caledonia,NCL,2014,123000
Nicaragua,NIC,1995,60000
Nicaragua,NIC,1996,61000
Nicaragua,NIC,1997,81000
Nicaragua,NIC,1998,83000
Nicaragua,NIC,1999,69000
Nicaragua,NIC,2000,81000
Nicaragua,NIC,2001,91000
Nicaragua,NIC,2002,100000
Nicaragua,NIC,2003,148000
Nicaragua,NIC,2004,207000
Nicaragua,NIC,2005,174000
Nicaragua,NIC,2006,203000
Nicaragua,NIC,2007,248000
Nicaragua,NIC,2008,287000
Nicaragua,NIC,2009,255000
Nicaragua,NIC,2010,276000
Nicaragua,NIC,2011,320000
Nicaragua,NIC,2012,344000
Nicaragua,NIC,2013,343000
Nicaragua,NIC,2014,357000
Nicaragua,NIC,2015,373000
Nicaragua,NIC,2016,404000
Nicaragua,NIC,2017,413000
Nicaragua,NIC,2018,246000
Nicaragua,NIC,2019,217000
Nicaragua,NIC,2020,109000
Nicaragua,NIC,2021,85000
North Macedonia,MKD,1995,126000
North Macedonia,MKD,1996,113000
North Macedonia,MKD,1997,109000
North Macedonia,MKD,1998,139000
North Macedonia,MKD,1999,169000
North Macedonia,MKD,2000,203000
North Macedonia,MKD,2001,92000
North Macedonia,MKD,2002,115000
North Macedonia,MKD,2003,149000
North Macedonia,MKD,2004,154000
North Macedonia,MKD,2005,181000
North Macedonia,MKD,2006,185000
North Macedonia,MKD,2007,210000
North Macedonia,MKD,2008,214000
North Macedonia,MKD,2009,220000
North Macedonia,MKD,2010,231000
North Macedonia,MKD,2011,301000
North Macedonia,MKD,2012,324000
North Macedonia,MKD,2013,373000
North Macedonia,MKD,2014,392000
North Macedonia,MKD,2015,456000
North Macedonia,MKD,2016,489000
North Macedonia,MKD,2017,601000
North Macedonia,MKD,2018,674000
North Macedonia,MKD,2019,725000
North Macedonia,MKD,2020,115000
North Macedonia,MKD,2021,284000
Norway,NOR,1995,2880000
Norway,NOR,1996,2746000
Norway,NOR,1997,2702000
Norway,NOR,1998,2829000
Norway,NOR,1999,2950000
Norway,NOR,2000,2787000
Norway,NOR,2001,2686000
Norway,NOR,2002,2561000
Norway,NOR,2003,2439000
Norway,NOR,2004,2556000
Norway,NOR,2005,2656000
Norway,NOR,2006,2841000
Norway,NOR,2007,2899000
Norway,NOR,2008,2725000
Norway,NOR,2009,2503000
Norway,NOR,2010,2723000
Norway,NOR,2011,2973000
Norway,NOR,2012,2928000
Norway,NOR,2013,3173000
Norway,NOR,2014,3252000
Norway,NOR,2015,3634000
Norway,NOR,2016,4072000
Norway,NOR,2017,4205000
Norway,NOR,2018,4008000
Norway,NOR,2019,4114000
Norway,NOR,2020,894000
Norway,NOR,2021,839000
Pakistan,PAK,1995,524000
Pakistan,PAK,1996,585000
Pakistan,PAK,1997,559000
Pakistan,PAK,1998,543000
Pakistan,PAK,1999,592000
Pakistan,PAK,2000,601000
Pakistan,PAK,2001,1503000
Pakistan,PAK,2002,1016000
Pakistan,PAK,2003,1457000
Pakistan,PAK,2004,2361000
Pakistan,PAK,2005,2206000
Pakistan,PAK,2006,2059000
Palestine,PSE,1996,220000
Palestine,PSE,1997,210000
Palestine,PSE,1998,200000
Palestine,PSE,1999,300000
Palestine,PSE,2000,310000
Palestine,PSE,2001,43000
Palestine,PSE,2002,33000
Palestine,PSE,2003,37000
Palestine,PSE,2004,56000
Palestine,PSE,2005,88000
Palestine,PSE,2006,123000
Palestine,PSE,2007,264000
Palestine,PSE,2008,387000
Palestine,PSE,2009,396000
Palestine,PSE,2010,522000
Palestine,PSE,2011,449000
Palestine,PSE,2012,490000
Palestine,PSE,2013,545000
Palestine,PSE,2014,556000
Palestine,PSE,2015,432000
Palestine,PSE,2016,400000
Palestine,PSE,2017,503000
Palestine,PSE,2018,606000
Palestine,PSE,2019,688000
Palestine,PSE,2020,93000
Palestine,PSE,2021,123000
Panama,PAN,1998,451000
Panama,PAN,1999,476000
Panama,PAN,2000,462000
Panama,PAN,2001,468000
Panama,PAN,2002,494000
Panama,PAN,2003,496000
Panama,PAN,2004,530000
Panama,PAN,2005,656000
Panama,PAN,2006,721000
Panama,PAN,2007,898000
Panama,PAN,2008,897000
Panama,PAN,2009,808000
Panama,PAN,2010,947000
Panama,PAN,2011,946000
Panama,PAN,2012,1235000
Panama,PAN,2013,1442000
Panama,PAN,2014,1473000
Panama,PAN,2015,1397000
Panama,PAN,2016,1268000
Panama,PAN,2017,1402000
Panama,PAN,2018,1374000
Panama,PAN,2019,1432000
Panama,PAN,2020,350000
Paraguay,PRY,1999,224000
Paraguay,PRY,2000,189000
Paraguay,PRY,2001,135000
Paraguay,PRY,2002,88000
Peru,PER,1995,874000
Peru,PER,1996,1023000
Peru,PER,1997,1062000
Peru,PER,1998,1120000
Peru,PER,1999,1357000
Peru,PER,2000,1413000
Peru,PER,2001,1446000
Peru,PER,2002,1434000
Peru,PER,2003,2280000
Peru,PER,2004,2649000
Peru,PER,2005,2993000
Peru,PER,2006,3035000
Peru,PER,2007,3405000
Peru,PER,2008,4465000
Peru,PER,2009,4059000
Peru,PER,2010,4462000
Peru,PER,2011,5707000
Peru,PER,2012,7135000
Peru,PER,2013,8134000
Peru,PER,2014,7187000
Peru,PER,2015,7375000
Peru,PER,2016,7925000
Peru,PER,2017,7848000
Peru,PER,2018,7962000
Peru,PER,2019,8265000
Peru,PER,2020,1779000
Peru,PER,2021,2056000
Philippines,PHL,1995,739000
Philippines,PHL,1996,861000
Philippines,PHL,1997,868000
Philippines,PHL,1998,812000
Philippines,PHL,1999,938000
Philippines,PHL,2000,1025000
Philippines,PHL,2001,1396000
Philippines,PHL,2002,758000
Philippines,PHL,2003,742000
Philippines,PHL,2004,836000
Philippines,PHL,2005,955000
Philippines,PHL,2006,1013000
Philippines,PHL,2007,1027000
Philippines,PHL,2008,980000
Philippines,PHL,2009,670000
Poland,POL,1995,2697000
Poland,POL,1996,3048000
Poland,POL,1997,2925000
Poland,POL,1998,2775000
Poland,POL,1999,2495000
Poland,POL,2000,2505000
Poland,POL,2001,2488000
Poland,POL,2002,2536000
Poland,POL,2003,2701000
Poland,POL,2004,3385000
Poland,POL,2005,3723000
Poland,POL,2006,3738000
Poland,POL,2007,3833000
Poland,POL,2008,3566000
Poland,POL,2009,3394000
Poland,POL,2010,3667000
Poland,POL,2011,3907000
Poland,POL,2012,4370000
Poland,POL,2013,4687000
Poland,POL,2014,4886000
Poland,POL,2015,5074000
Poland,POL,2016,5680000
Poland,POL,2017,6033000
Poland,POL,2018,6251000
Poland,POL,2019,6582000
Poland,POL,2020,1946000
Poland,POL,2021,2185000
Portugal,PRT,1995,4000000
Portugal,PRT,1996,4069000
Portugal,PRT,1997,4314000
Portugal,PRT,1998,4974000
Portugal,PRT,1999,4911000
Portugal,PRT,2000,5119000
Portugal,PRT,2001,4934000
Portugal,PRT,2002,5060000
Portugal,PRT,2003,4906000
Portugal,PRT,2004,5201000
Portugal,PRT,2005,5355000
Portugal,PRT,2006,5883000
Portugal,PRT,2007,6291000
Portugal,PRT,2008,6422000
Portugal,PRT,2009,5911000
Portugal,PRT,2010,6257000
Portugal,PRT,2011,6792000
Portugal,PRT,2012,7043000
Portugal,PRT,2013,7876000
Portugal,PRT,2014,8839000
Portugal,PRT,2015,9692000
Portugal,PRT,2016,10931000
Portugal,PRT,2017,12324000
Portugal,PRT,2018,12598000
Portugal,PRT,2019,13259000
Portugal,PRT,2020,3163000
Portugal,PRT,2021,4714000
Puerto Rico,PRI,1995,851000
Puerto Rico,PRI,1996,893000
Puerto Rico,PRI,1997,949000
Puerto Rico,PRI,1998,1065000
Puerto Rico,PRI,1999,1095000
Puerto Rico,PRI,2000,1103000
Puerto Rico,PRI,2001,1250000
Puerto Rico,PRI,2002,1204000
Puerto Rico,PRI,2003,1305000
Puerto Rico,PRI,2004,1371000
Puerto Rico,PRI,2005,1440000
Puerto Rico,PRI,2006,1496000
Puerto Rico,PRI,2007,1388000
Puerto Rico,PRI,2008,1335000
Puerto Rico,PRI,2009,1281000
Puerto Rico,PRI,2010,1349000
Puerto Rico,PRI,2011,1415000
Puerto Rico,PRI,2012,1505000
Puerto Rico,PRI,2013,1588000
Puerto Rico,PRI,2014,1635000
Puerto Rico,PRI,2015,1745000
Puerto Rico,PRI,2016,1796000
Puerto Rico,PRI,2017,1816000
Puerto Rico,PRI,2018,1208000
Puerto Rico,PRI,2019,1497000
Puerto Rico,PRI,2020,1196000
Puerto Rico,PRI,2021,1167000
Qatar,QAT,1995,309000
Qatar,QAT,1996,327000
Qatar,QAT,1997,333000
Qatar,QAT,1998,320000
Qatar,QAT,1999,357000
Qatar,QAT,2000,378000
Qatar,QAT,2001,376000
Qatar,QAT,2002,587000
Qatar,QAT,2003,557000
Qatar,QAT,2004,732000
Qatar,QAT,2005,913000
Qatar,QAT,2006,946000
Qatar,QAT,2007,964000
Qatar,QAT,2008,1405000
Reunion,REU,1995,151000
Reunion,REU,1996,168000
Reunion,REU,1997,182000
Reunion,REU,1998,193000
Reunion,REU,1999,192000
Reunion,REU,2000,206000
Reunion,REU,2001,194000
Reunion,REU,2002,198000
Reunion,REU,2003,209000
Reunion,REU,2004,193000
Reunion,REU,2005,180000
Reunion,REU,2006,98000
Reunion,REU,2007,142000
Reunion,REU,2008,156000
Reunion,REU,2009,161000
Reunion,REU,2010,176000
Reunion,REU,2011,201000
Reunion,REU,2012,165000
Reunion,REU,2013,161000
Reunion,REU,2014,161000
Reunion,REU,2015,158000
Reunion,REU,2016,168000
Reunion,REU,2017,173000
Reunion,REU,2018,177000
Reunion,REU,2019,171000
Reunion,REU,2020,57400
Reunion,REU,2021,71000
Romania,ROU,1995,747000
Romania,ROU,1996,741000
Romania,ROU,1997,806000
Romania,ROU,1998,792000
Romania,ROU,1999,787000
Romania,ROU,2000,852000
Romania,ROU,2001,895000
Romania,ROU,2002,982000
Romania,ROU,2003,1086000
Romania,ROU,2004,1332000
Romania,ROU,2005,1407000
Romania,ROU,2006,1363000
Romania,ROU,2007,1531000
Romania,ROU,2008,1439000
Romania,ROU,2009,1256000
Romania,ROU,2010,1327000
Romania,ROU,2011,1496000
Romania,ROU,2012,1543000
Romania,ROU,2013,1596000
Romania,ROU,2014,1798000
Romania,ROU,2015,2085000
Romania,ROU,2016,2459000
Romania,ROU,2017,2734000
Romania,ROU,2018,2772000
Romania,ROU,2019,2659000
Romania,ROU,2020,453000
Romania,ROU,2021,838000
Russia,RUS,2001,3215000
Russia,RUS,2002,3231000
Russia,RUS,2003,3101000
Russia,RUS,2004,3275000
Russia,RUS,2005,3438000
Russia,RUS,2006,3680000
Russia,RUS,2007,3940000
Russia,RUS,2008,3808000
Russia,RUS,2009,2959000
Russia,RUS,2010,3337000
Russia,RUS,2011,3789000
Russia,RUS,2012,4127000
Russia,RUS,2013,4351000
Russia,RUS,2014,4481000
Russia,RUS,2015,5440000
Russia,RUS,2016,5978000
Russia,RUS,2017,7907000
Russia,RUS,2018,11342000
Saint Lucia,LCA,2002,230000
Saint Lucia,LCA,2003,245000
Saint Lucia,LCA,2004,263000
Saint Lucia,LCA,2005,285000
Saint Lucia,LCA,2007,208000
Saint Lucia,LCA,2008,237000
Saint Lucia,LCA,2009,209000
Saint Lucia,LCA,2010,238000
Saint Lucia,LCA,2011,281000
Saint Lucia,LCA,2012,253000
Saint Lucia,LCA,2013,264000
Saint Lucia,LCA,2014,280000
Saint Lucia,LCA,2015,276000
Saint Lucia,LCA,2016,272000
Saint Lucia,LCA,2017,307000
Saint Lucia,LCA,2018,323000
Saint Lucia,LCA,2019,354000
Saint Lucia,LCA,2020,113000
Saint Lucia,LCA,2021,182000
Saint Vincent and the Grenadines,VCT,1995,34000
Saint Vincent and the Grenadines,VCT,1998,33000
Saint Vincent and the Grenadines,VCT,1999,36000
Saint Vincent and the Grenadines,VCT,2001,34000
Saint Vincent and the Grenadines,VCT,2002,28000
Saint Vincent and the Grenadines,VCT,2003,26000
Saint Vincent and the Grenadines,VCT,2004,28000
Saint Vincent and the Grenadines,VCT,2005,31000
Saint Vincent and the Grenadines,VCT,2006,31000
Saint Vincent and the Grenadines,VCT,2007,32000
Saint Vincent and the Grenadines,VCT,2008,31000
Saint Vincent and the Grenadines,VCT,2009,29000
Saint Vincent and the Grenadines,VCT,2010,27000
Saint Vincent and the Grenadines,VCT,2011,29000
Saint Vincent and the Grenadines,VCT,2012,29000
Saint Vincent and the Grenadines,VCT,2013,29000
Saint Vincent and the Grenadines,VCT,2014,30000
Saint Vincent and the Grenadines,VCT,2015,31000
Saint Vincent and the Grenadines,VCT,2017,24000
Saint Vincent and the Grenadines,VCT,2018,25000
Saint Vincent and the Grenadines,VCT,2019,30000
Saint Vincent and the Grenadines,VCT,2020,13000
Saint Vincent and the Grenadines,VCT,2021,12000
Samoa,WSM,2006,40000
Samoa,WSM,2007,45000
Samoa,WSM,2008,39000
Samoa,WSM,2009,41000
Samoa,WSM,2010,41000
Samoa,WSM,2011,41000
Samoa,WSM,2012,43000
Samoa,WSM,2013,37000
Samoa,WSM,2014,40000
Samoa,WSM,2015,41000
Samoa,WSM,2017,55700
Samoa,WSM,2018,64000
Samoa,WSM,2019,67000
Samoa,WSM,2020,6100
Samoa,WSM,2021,600
San Marino,SMR,1995,28000
San Marino,SMR,1996,30000
San Marino,SMR,1997,28000
San Marino,SMR,1998,36000
San Marino,SMR,1999,34000
San Marino,SMR,2000,43000
San Marino,SMR,2001,49000
San Marino,SMR,2002,46000
San Marino,SMR,2003,41000
San Marino,SMR,2004,42000
San Marino,SMR,2005,50000
San Marino,SMR,2006,49000
San Marino,SMR,2007,68000
San Marino,SMR,2008,82000
San Marino,SMR,2009,93000
San Marino,SMR,2010,96000
San Marino,SMR,2011,126000
San Marino,SMR,2012,115000
San Marino,SMR,2013,57000
San Marino,SMR,2014,58000
San Marino,SMR,2015,40000
San Marino,SMR,2016,45000
San Marino,SMR,2017,61000
San Marino,SMR,2018,66000
San Marino,SMR,2019,90000
San Marino,SMR,2020,47000
San Marino,SMR,2021,77000
Saudi Arabia,SAU,2004,7020000
Saudi Arabia,SAU,2005,6310000
Saudi Arabia,SAU,2006,7228000
Saudi Arabia,SAU,2007,9598000
Saudi Arabia,SAU,2008,11944000
Saudi Arabia,SAU,2009,8077000
Saudi Arabia,SAU,2010,9403000
Saudi Arabia,SAU,2011,8437000
Saudi Arabia,SAU,2012,10670000
Saudi Arabia,SAU,2013,9604000
Saudi Arabia,SAU,2014,12209000
Saudi Arabia,SAU,2015,13797000
Saudi Arabia,SAU,2016,14172000
Saudi Arabia,SAU,2017,13515000
Saudi Arabia,SAU,2018,13037000
Saudi Arabia,SAU,2019,14873000
Saudi Arabia,SAU,2020,3328000
Saudi Arabia,SAU,2021,2132000
Senegal,SEN,1995,280000
Senegal,SEN,1996,282000
Senegal,SEN,1997,314000
Senegal,SEN,1998,352000
Senegal,SEN,1999,369000
Senegal,SEN,2000,389000
Senegal,SEN,2001,396000
Senegal,SEN,2002,427000
Senegal,SEN,2003,354000
Senegal,SEN,2004,363000
Senegal,SEN,2005,387000
Senegal,SEN,2006,406000
Senegal,SEN,2007,387000
Senegal,SEN,2014,908000
Senegal,SEN,2015,680000
Senegal,SEN,2016,820000
Senegal,SEN,2017,955000
Serbia,SRB,2002,294000
Serbia,SRB,2003,321000
Serbia,SRB,2004,374000
Serbia,SRB,2005,434000
Serbia,SRB,2006,448000
Serbia,SRB,2007,586000
Serbia,SRB,2008,564000
Serbia,SRB,2009,570000
Serbia,SRB,2010,613000
Serbia,SRB,2011,680000
Serbia,SRB,2012,707000
Serbia,SRB,2013,767000
Serbia,SRB,2014,880000
Serbia,SRB,2015,1013000
Serbia,SRB,2016,1147000
Serbia,SRB,2017,1336000
Serbia,SRB,2018,1514000
Serbia,SRB,2019,1626000
Serbia,SRB,2020,392000
Serbia,SRB,2021,776000
Serbia and Montenegro,OWID_SRM,1999,139000
Serbia and Montenegro,OWID_SRM,2000,213000
Serbia and Montenegro,OWID_SRM,2001,313000
Seychelles,SYC,2005,104000
Seychelles,SYC,2006,114000
Seychelles,SYC,2007,135000
Seychelles,SYC,2008,129000
Seychelles,SYC,2009,130000
Seychelles,SYC,2010,156000
Seychelles,SYC,2011,167000
Seychelles,SYC,2012,181000
Seychelles,SYC,2013,201000
Seychelles,SYC,2014,204000
Seychelles,SYC,2015,245000
Seychelles,SYC,2016,271000
Seychelles,SYC,2017,313000
Seychelles,SYC,2018,318000
Seychelles,SYC,2019,326000
Seychelles,SYC,2020,94000
Seychelles,SYC,2021,166000
Singapore,SGP,1995,5121000
Singapore,SGP,1996,5100000
Singapore,SGP,1997,4553000
Singapore,SGP,1998,3684000
Singapore,SGP,1999,4372000
Singapore,SGP,2000,4795000
Singapore,SGP,2001,4456000
Singapore,SGP,2002,4483000
Singapore,SGP,2003,3473000
Singapore,SGP,2004,4922000
Singapore,SGP,2005,5321000
Singapore,SGP,2006,5968000
Singapore,SGP,2007,6304000
Singapore,SGP,2008,5867000
Singapore,SGP,2009,5906000
Singapore,SGP,2010,6869000
Singapore,SGP,2011,8298000
Singapore,SGP,2012,9422000
Singapore,SGP,2013,10019000
Singapore,SGP,2014,9510000
Singapore,SGP,2015,8834000
Singapore,SGP,2016,10006000
Singapore,SGP,2017,9584000
Singapore,SGP,2018,9439000
Singapore,SGP,2019,10131000
Slovakia,SVK,1995,816000
Slovakia,SVK,1996,850000
Slovakia,SVK,1997,735000
Slovakia,SVK,1998,784000
Slovakia,SVK,1999,852000
Slovakia,SVK,2000,921000
Slovakia,SVK,2001,1033000
Slovakia,SVK,2002,1154000
Slovakia,SVK,2003,1151000
Slovakia,SVK,2004,1188000
Slovakia,SVK,2005,1307000
Slovakia,SVK,2006,1407000
Slovakia,SVK,2007,1458000
Slovakia,SVK,2008,1524000
Slovakia,SVK,2009,1137000
Slovakia,SVK,2010,1191000
Slovakia,SVK,2011,1235000
Slovakia,SVK,2012,1293000
Slovakia,SVK,2013,1423000
Slovakia,SVK,2014,1252000
Slovakia,SVK,2015,1469000
Slovakia,SVK,2016,1704000
Slovakia,SVK,2017,1814000
Slovakia,SVK,2018,1859000
Slovakia,SVK,2019,1973000
Slovakia,SVK,2020,642000
Slovakia,SVK,2021,459000
Slovenia,SVN,1995,641000
Slovenia,SVN,1996,714000
Slovenia,SVN,1997,803000
Slovenia,SVN,1998,799000
Slovenia,SVN,1999,740000
Slovenia,SVN,2000,884000
Slovenia,SVN,2001,933000
Slovenia,SVN,2002,1006000
Slovenia,SVN,2003,1053000
Slovenia,SVN,2004,1125000
Slovenia,SVN,2005,1192000
Slovenia,SVN,2006,1247000
Slovenia,SVN,2007,1354000
Slovenia,SVN,2008,1532000
Slovenia,SVN,2009,1411000
Slovenia,SVN,2010,1498000
Slovenia,SVN,2011,1608000
Slovenia,SVN,2012,1679000
Slovenia,SVN,2013,1733000
Slovenia,SVN,2014,1860000
Slovenia,SVN,2015,2037000
Slovenia,SVN,2016,2253000
Slovenia,SVN,2017,2537000
Slovenia,SVN,2018,2619000
Slovenia,SVN,2019,2758000
Slovenia,SVN,2020,640000
Slovenia,SVN,2021,881000
South Korea,KOR,2009,8033000
South Korea,KOR,2010,8746000
South Korea,KOR,2011,8857000
South Korea,KOR,2012,9808000
South Korea,KOR,2013,8616000
South Korea,KOR,2014,8853000
South Korea,KOR,2015,6734000
South Korea,KOR,2016,13406000
South Korea,KOR,2017,12054000
South Korea,KOR,2018,17035000
Spain,ESP,1995,16286000
Spain,ESP,1996,17008000
Spain,ESP,1997,18250000
Spain,ESP,1998,20199000
Spain,ESP,1999,26799000
Spain,ESP,2000,27150000
Spain,ESP,2001,27012000
Spain,ESP,2002,26611000
Spain,ESP,2003,27249000
Spain,ESP,2004,27620000
Spain,ESP,2005,29029000
Spain,ESP,2006,34412000
Spain,ESP,2007,35783000
Spain,ESP,2008,35758000
Spain,ESP,2009,32002000
Spain,ESP,2010,35656000
Spain,ESP,2011,39542000
Spain,ESP,2012,39937000
Spain,ESP,2013,41252000
Spain,ESP,2014,43132000
Spain,ESP,2015,45693000
Spain,ESP,2016,50297000
Spain,ESP,2017,53334000
Spain,ESP,2018,54146000
Spain,ESP,2019,55982000
Spain,ESP,2020,10894000
Spain,ESP,2021,20451000
Suriname,SUR,1995,2000
Suriname,SUR,1996,2000
Suriname,SUR,1997,1000
Suriname,SUR,1998,4000
Suriname,SUR,1999,5000
Suriname,SUR,2000,5000
Suriname,SUR,2001,7000
Suriname,SUR,2002,7000
Suriname,SUR,2003,27000
Suriname,SUR,2004,42000
Suriname,SUR,2011,88000
Suriname,SUR,2012,106000
Suriname,SUR,2013,113000
Suriname,SUR,2014,99000
Suriname,SUR,2015,83000
Sweden,SWE,1995,1995000
Sweden,SWE,1996,2091000
Sweden,SWE,1997,2143000
Sweden,SWE,1998,2304000
Sweden,SWE,1999,2320000
Sweden,SWE,2000,2465000
Sweden,SWE,2001,2586000
Sweden,SWE,2002,2577000
Sweden,SWE,2003,2552000
Sweden,SWE,2004,2610000
Sweden,SWE,2005,2736000
Sweden,SWE,2006,2867000
Sweden,SWE,2007,2993000
Sweden,SWE,2008,2944000
Sweden,SWE,2009,3043000
Sweden,SWE,2010,3282000
Sweden,SWE,2011,3370000
Sweden,SWE,2012,3360000
Sweden,SWE,2013,3469000
Sweden,SWE,2014,3768000
Sweden,SWE,2015,4240000
Sweden,SWE,2016,4489000
Sweden,SWE,2017,4754000
Sweden,SWE,2018,5056000
Sweden,SWE,2019,4966000
Sweden,SWE,2020,1418000
Sweden,SWE,2021,1871000
Switzerland,CHE,1995,6946000
Switzerland,CHE,1996,6730000
Switzerland,CHE,1997,7039000
Switzerland,CHE,1998,7185000
Switzerland,CHE,1999,7154000
Switzerland,CHE,2000,7821000
Switzerland,CHE,2001,7455000
Switzerland,CHE,2002,6868000
Switzerland,CHE,2003,6530000
Switzerland,CHE,2005,7229000
Switzerland,CHE,2006,7863000
Switzerland,CHE,2007,8448000
Switzerland,CHE,2008,8608000
Switzerland,CHE,2009,8294000
Switzerland,CHE,2010,8628000
Switzerland,CHE,2011,8534000
Switzerland,CHE,2012,8566000
Switzerland,CHE,2013,8967000
Switzerland,CHE,2014,9158000
Switzerland,CHE,2015,9305000
Switzerland,CHE,2016,9205000
Switzerland,CHE,2017,9889000
Switzerland,CHE,2018,10362000
Switzerland,CHE,2019,10485000
Switzerland,CHE,2020,3009000
Switzerland,CHE,2021,3632000
Syria,SYR,1995,815000
Syria,SYR,1996,830000
Syria,SYR,1997,891000
Syria,SYR,1998,890000
Syria,SYR,1999,916000
Syria,SYR,2000,780000
Syria,SYR,2001,773000
Syria,SYR,2002,929000
Syria,SYR,2003,858000
Syria,SYR,2004,1047000
Syria,SYR,2005,1149000
Syria,SYR,2006,1409000
Syria,SYR,2007,1407000
Syria,SYR,2008,1869000
Syria,SYR,2009,2069000
Syria,SYR,2010,1542000
Syria,SYR,2011,523000
Syria,SYR,2012,112000
Syria,SYR,2013,49000
Syria,SYR,2014,49000
Syria,SYR,2015,74000
Syria,SYR,2016,152200
Syria,SYR,2017,238800
Syria,SYR,2018,286100
Syria,SYR,2019,367000
Syria,SYR,2020,76000
Syria,SYR,2021,129000
Thailand,THA,1996,7103000
Thailand,THA,1997,7139000
Thailand,THA,1998,7703000
Thailand,THA,1999,8529000
Thailand,THA,2000,9443000
Thailand,THA,2001,1004000
Thailand,THA,2004,11338000
Thailand,THA,2006,25563000
Thailand,THA,2007,25539000
Thailand,THA,2009,19997000
Thailand,THA,2010,25548000
Thailand,THA,2011,34131000
Thailand,THA,2012,37385000
Thailand,THA,2013,45659000
Thailand,THA,2014,45303000
Thailand,THA,2015,50498000
Thailand,THA,2016,52502000
Thailand,THA,2017,56561000
Thailand,THA,2018,59222000
Thailand,THA,2019,61250000
Thailand,THA,2020,11640000
Togo,TGO,1995,53000
Togo,TGO,1996,58000
Togo,TGO,1997,92000
Togo,TGO,1998,69000
Togo,TGO,1999,70000
Togo,TGO,2000,60000
Togo,TGO,2001,57000
Togo,TGO,2002,58000
Togo,TGO,2003,61000
Togo,TGO,2004,83000
Togo,TGO,2005,81000
Togo,TGO,2006,94000
Togo,TGO,2007,86000
Togo,TGO,2008,74000
Togo,TGO,2009,150000
Togo,TGO,2010,202000
Togo,TGO,2011,300000
Togo,TGO,2012,235000
Togo,TGO,2013,327000
Togo,TGO,2014,282000
Togo,TGO,2015,273000
Togo,TGO,2016,338000
Togo,TGO,2017,514000
Togo,TGO,2018,573000
Togo,TGO,2019,876000
Togo,TGO,2020,482000
Tunisia,TUN,1995,3637000
Tunisia,TUN,1996,3769000
Tunisia,TUN,1997,4330000
Tunisia,TUN,1998,4647000
Tunisia,TUN,1999,5142000
Tunisia,TUN,2000,5315000
Tunisia,TUN,2001,5233000
Tunisia,TUN,2002,4245000
Tunisia,TUN,2003,4064000
Tunisia,TUN,2004,4900000
Tunisia,TUN,2005,5442000
Tunisia,TUN,2006,5415000
Tunisia,TUN,2007,5536000
Tunisia,TUN,2008,5603000
Tunisia,TUN,2009,5042000
Tunisia,TUN,2010,5149000
Tunisia,TUN,2011,2623000
Tunisia,TUN,2012,4086000
Tunisia,TUN,2013,3951500
Tunisia,TUN,2014,3913000
Tunisia,TUN,2015,2143000
Tunisia,TUN,2016,2284000
Tunisia,TUN,2017,2816000
Tunisia,TUN,2018,3822000
Tunisia,TUN,2019,4482000
Tunisia,TUN,2020,642000
Tunisia,TUN,2021,779000
Turkey,TUR,1995,4509000
Turkey,TUR,1996,6331000
Turkey,TUR,1997,9290000
Turkey,TUR,1998,7435000
Turkey,TUR,1999,4805000
Turkey,TUR,2000,6789000
Turkey,TUR,2001,8769000
Turkey,TUR,2002,9859000
Turkey,TUR,2003,8983000
Turkey,TUR,2004,10962000
Turkey,TUR,2005,12937000
Turkey,TUR,2006,11883000
Turkey,TUR,2007,14788000
Turkey,TUR,2008,13628000
Turkey,TUR,2009,14362000
Turkey,TUR,2010,17112000
Turkey,TUR,2011,18791000
Turkey,TUR,2012,19999000
Turkey,TUR,2013,20677000
Turkey,TUR,2014,22985000
Turkey,TUR,2015,22585000
Turkey,TUR,2016,17688000
Turkey,TUR,2017,22559000
Turkey,TUR,2018,30506000
Turkey,TUR,2019,38102000
Turkey,TUR,2020,12638000
Turkey,TUR,2021,28253000
Ukraine,UKR,2007,954000
Ukraine,UKR,2008,1006000
Ukraine,UKR,2009,795000
Ukraine,UKR,2010,991000
Ukraine,UKR,2011,1059000
Ukraine,UKR,2012,1165000
Ukraine,UKR,2013,1278000
Ukraine,UKR,2014,527000
Ukraine,UKR,2015,628000
Ukraine,UKR,2016,819000
Ukraine,UKR,2017,878000
Ukraine,UKR,2018,874000
Ukraine,UKR,2019,896000
Ukraine,UKR,2020,248000
United Arab Emirates,ARE,1995,2315000
United Arab Emirates,ARE,1996,2572000
United Arab Emirates,ARE,1997,2476000
United Arab Emirates,ARE,1998,2991000
United Arab Emirates,ARE,1999,3393000
United Arab Emirates,ARE,2000,3907000
United Arab Emirates,ARE,2001,4134000
United Arab Emirates,ARE,2002,5445000
United Arab Emirates,ARE,2003,5871000
United Arab Emirates,ARE,2004,6195000
United Arab Emirates,ARE,2005,7126000
United Arab Emirates,ARE,2014,16232000
United Arab Emirates,ARE,2015,14845600
United Arab Emirates,ARE,2016,15711600
United Arab Emirates,ARE,2017,16732699
United Arab Emirates,ARE,2018,17667000
United Arab Emirates,ARE,2019,18686000
United Arab Emirates,ARE,2020,6102100
United Arab Emirates,ARE,2021,9041000
United Kingdom,GBR,1995,17118000
United Kingdom,GBR,1996,16890000
United Kingdom,GBR,1997,17110000
United Kingdom,GBR,1998,16304000
United Kingdom,GBR,1999,17019000
United Kingdom,GBR,2000,17019000
United Kingdom,GBR,2001,17019000
United Kingdom,GBR,2002,14176000
United Kingdom,GBR,2003,14397000
United Kingdom,GBR,2004,12664000
United Kingdom,GBR,2005,13746000
United Kingdom,GBR,2006,15225000
United Kingdom,GBR,2007,15397000
United Kingdom,GBR,2008,14649000
United Kingdom,GBR,2009,14876000
United Kingdom,GBR,2010,15348000
United Kingdom,GBR,2011,16150000
United Kingdom,GBR,2012,16066000
United Kingdom,GBR,2013,17377000
United Kingdom,GBR,2014,18220000
United Kingdom,GBR,2015,18937000
United Kingdom,GBR,2016,19792000
United Kingdom,GBR,2017,21833000
United Kingdom,GBR,2018,21704000
United Kingdom,GBR,2019,21697000
United States,USA,1997,20154000
United States,USA,1998,19812000
United States,USA,1999,20013000
United States,USA,2000,20962000
United States,USA,2001,16790000
United States,USA,2002,14911000
United States,USA,2003,13898000
United States,USA,2004,16034000
United States,USA,2005,16975000
United States,USA,2006,16944000
United States,USA,2007,18755000
United States,USA,2008,20045000
United States,USA,2009,18506000
United States,USA,2010,20932000
United States,USA,2011,22631928
United States,USA,2012,23665804
United States,USA,2013,26411922
United States,USA,2014,27213094
United States,USA,2015,29257312
United States,USA,2016,29588418
United States,USA,2017,29802000
United States,USA,2018,30391000
United States,USA,2019,30699000
United States,USA,2020,5339000
United States,USA,2021,4404000
United States Virgin Islands,VIR,1995,363000
United States Virgin Islands,VIR,1996,229000
United States Virgin Islands,VIR,1997,387000
United States Virgin Islands,VIR,1998,481000
United States Virgin Islands,VIR,1999,484000
United States Virgin Islands,VIR,2000,607000
United States Virgin Islands,VIR,2001,597000
United States Virgin Islands,VIR,2002,586000
United States Virgin Islands,VIR,2003,623000
United States Virgin Islands,VIR,2004,604000
United States Virgin Islands,VIR,2005,618000
United States Virgin Islands,VIR,2006,701000
United States Virgin Islands,VIR,2007,680000
United States Virgin Islands,VIR,2008,740000
United States Virgin Islands,VIR,2009,787000
United States Virgin Islands,VIR,2010,749000
United States Virgin Islands,VIR,2011,680000
United States Virgin Islands,VIR,2012,681000
United States Virgin Islands,VIR,2013,756000
United States Virgin Islands,VIR,2014,799000
United States Virgin Islands,VIR,2015,847000
United States Virgin Islands,VIR,2016,771000
United States Virgin Islands,VIR,2017,589000
United States Virgin Islands,VIR,2018,182000
United States Virgin Islands,VIR,2019,323000
United States Virgin Islands,VIR,2020,229000
Uruguay,URY,1995,580000
Uruguay,URY,1996,532000
Uruguay,URY,1997,657000
Uruguay,URY,1998,614000
Uruguay,URY,1999,596000
Uruguay,URY,2000,581000
Uruguay,URY,2001,546000
Uruguay,URY,2002,322000
Uruguay,URY,2003,411000
Uruguay,URY,2004,557000
Uruguay,URY,2005,608000
Uruguay,URY,2006,625000
Uruguay,URY,2007,596000
Uruguay,URY,2008,760000
Uruguay,URY,2009,844000
Uruguay,URY,2010,962000
Uruguay,URY,2011,1215000
Uruguay,URY,2012,1160000
Uruguay,URY,2013,1098000
Uruguay,URY,2014,1116000
Uruguay,URY,2015,1170000
Uruguay,URY,2016,1346000
Uruguay,URY,2017,1650000
Uruguay,URY,2018,1440000
Uruguay,URY,2019,1364000
Uruguay,URY,2021,85000
Uzbekistan,UZB,2018,938000
Uzbekistan,UZB,2019,1094000
Vanuatu,VUT,1999,140000
Vanuatu,VUT,2000,196000
Vanuatu,VUT,2001,194000
Vanuatu,VUT,2002,172000
Vanuatu,VUT,2003,158000
Vanuatu,VUT,2004,179000
Venezuela,VEN,2004,300000
Venezuela,VEN,2005,435000
Venezuela,VEN,2006,387000
Venezuela,VEN,2007,395000
Venezuela,VEN,2008,344000
Venezuela,VEN,2009,263000
Venezuela,VEN,2010,181000
Venezuela,VEN,2011,275000
Venezuela,VEN,2012,486000
Venezuela,VEN,2013,485000
Venezuela,VEN,2014,456000
Venezuela,VEN,2015,562000
Venezuela,VEN,2016,297000
Venezuela,VEN,2017,183000
Zimbabwe,ZWE,2004,51000
Zimbabwe,ZWE,2005,57000
Zimbabwe,ZWE,2006,67000
Zimbabwe,ZWE,2007,70000
Zimbabwe,ZWE,2008,90000
Zimbabwe,ZWE,2009,66000
Zimbabwe,ZWE,2010,69000
Zimbabwe,ZWE,2011,91000
Zimbabwe,ZWE,2012,86000
Zimbabwe,ZWE,2013,228000
Zimbabwe,ZWE,2014,234000
Zimbabwe,ZWE,2015,256000
Zimbabwe,ZWE,2016,270000
Zimbabwe,ZWE,2017,302000
Zimbabwe,ZWE,2018,322000
Zimbabwe,ZWE,2019,286000
Zimbabwe,ZWE,2020,80000
Zimbabwe,ZWE,2021,48000