Entity,Code,Year,Inbound tourism purpose (business and professional)
Albania,ALB,1998,63000
Albania,ALB,1999,169000
Albania,ALB,2000,77000
Albania,ALB,2001,97000
Albania,ALB,2002,100000
Albania,ALB,2003,88000
Albania,ALB,2004,63000
Albania,ALB,2005,68000
Albania,ALB,2006,48000
Albania,ALB,2007,66000
Albania,ALB,2008,79000
Albania,ALB,2009,52000
Albania,ALB,2010,47000
Albania,ALB,2011,43000
Albania,ALB,2012,42000
Albania,ALB,2013,50000
Albania,ALB,2014,48200
Albania,ALB,2015,42100
Albania,ALB,2016,58700
Albania,ALB,2017,68500
Albania,ALB,2018,87200
Albania,ALB,2019,101200
Albania,ALB,2020,115300
Albania,ALB,2021,100200
Algeria,DZA,2003,65000
Algeria,DZA,2004,101000
Algeria,DZA,2005,118000
Algeria,DZA,2006,146000
Algeria,DZA,2007,185000
Algeria,DZA,2008,197000
Algeria,DZA,2009,227000
Algeria,DZA,2010,278000
Algeria,DZA,2011,272000
Algeria,DZA,2012,280000
Algeria,DZA,2013,292000
Algeria,DZA,2014,328600
Algeria,DZA,2015,360000
Algeria,DZA,2016,380400
Algeria,DZA,2017,238000
Algeria,DZA,2018,181100
Algeria,DZA,2019,158100
Algeria,DZA,2020,35600
Algeria,DZA,2021,45400
American Samoa,ASM,1995,6000
American Samoa,ASM,1996,5000
American Samoa,ASM,1997,7000
American Samoa,ASM,1998,7000
American Samoa,ASM,1999,7000
American Samoa,ASM,2000,10000
American Samoa,ASM,2001,7700
American Samoa,ASM,2005,4400
American Samoa,ASM,2006,4600
American Samoa,ASM,2007,5200
American Samoa,ASM,2008,5337
American Samoa,ASM,2009,6407
American Samoa,ASM,2010,5873
American Samoa,ASM,2011,5414
American Samoa,ASM,2012,5510
American Samoa,ASM,2013,4200
American Samoa,ASM,2014,4100
American Samoa,ASM,2015,4000
American Samoa,ASM,2016,3500
American Samoa,ASM,2017,3200
American Samoa,ASM,2018,3548
Andorra,AND,2001,664000
Andorra,AND,2002,601000
Andorra,AND,2003,626000
Andorra,AND,2004,691000
Andorra,AND,2005,645000
Andorra,AND,2006,493000
Andorra,AND,2007,456000
Andorra,AND,2008,396000
Andorra,AND,2009,496000
Andorra,AND,2010,592000
Andorra,AND,2011,87000
Andorra,AND,2012,86000
Andorra,AND,2013,107000
Andorra,AND,2014,117000
Andorra,AND,2015,172700
Andorra,AND,2016,144500
Andorra,AND,2017,130399.99
Andorra,AND,2018,174900
Andorra,AND,2019,189400
Andorra,AND,2020,319700
Andorra,AND,2021,176100
Angola,AGO,1995,3000
Angola,AGO,1996,3000
Angola,AGO,1997,6000
Angola,AGO,1998,9000
Angola,AGO,1999,6000
Angola,AGO,2000,5000
Angola,AGO,2001,11000
Angola,AGO,2002,29000
Angola,AGO,2003,19000
Angola,AGO,2004,21000
Angola,AGO,2005,28000
Angola,AGO,2006,24000
Angola,AGO,2007,28000
Angola,AGO,2008,59000
Angola,AGO,2009,76000
Angola,AGO,2010,112000
Angola,AGO,2011,235000
Angola,AGO,2012,239000
Angola,AGO,2013,264000
Angola,AGO,2014,235000
Angola,AGO,2015,272400
Angola,AGO,2016,106600
Angola,AGO,2017,73600
Angola,AGO,2018,50700
Angola,AGO,2019,49500
Angola,AGO,2020,6300
Angola,AGO,2021,6100
Anguilla,AIA,1995,2300
Anguilla,AIA,1996,2100
Anguilla,AIA,1997,2700
Anguilla,AIA,1998,2800
Anguilla,AIA,1999,3100
Anguilla,AIA,2000,3100
Anguilla,AIA,2001,3900
Anguilla,AIA,2002,3700
Anguilla,AIA,2003,3800
Anguilla,AIA,2004,3600
Anguilla,AIA,2005,4900
Anguilla,AIA,2006,6800
Anguilla,AIA,2007,8500
Anguilla,AIA,2008,5700
Anguilla,AIA,2009,3600
Anguilla,AIA,2010,3900
Anguilla,AIA,2011,3000
Anguilla,AIA,2012,2800
Anguilla,AIA,2013,2900
Anguilla,AIA,2014,3100
Anguilla,AIA,2015,4000
Anguilla,AIA,2016,5000
Anguilla,AIA,2017,3000
Anguilla,AIA,2018,3100
Anguilla,AIA,2019,3300
Anguilla,AIA,2020,800
Anguilla,AIA,2021,700
Antigua and Barbuda,ATG,1995,5000
Antigua and Barbuda,ATG,1996,3000
Antigua and Barbuda,ATG,1997,2000
Antigua and Barbuda,ATG,1998,2000
Antigua and Barbuda,ATG,2004,12000
Antigua and Barbuda,ATG,2005,14000
Antigua and Barbuda,ATG,2006,14000
Antigua and Barbuda,ATG,2007,11000
Antigua and Barbuda,ATG,2008,8000
Antigua and Barbuda,ATG,2009,6000
Antigua and Barbuda,ATG,2010,5000
Antigua and Barbuda,ATG,2011,7000
Antigua and Barbuda,ATG,2014,8800
Antigua and Barbuda,ATG,2015,9000
Antigua and Barbuda,ATG,2016,7100
Antigua and Barbuda,ATG,2017,7300
Antigua and Barbuda,ATG,2018,10600
Antigua and Barbuda,ATG,2019,15300
Antigua and Barbuda,ATG,2020,6400
Antigua and Barbuda,ATG,2021,6000
Argentina,ARG,2004,382455
Argentina,ARG,2005,388272
Argentina,ARG,2006,361881
Argentina,ARG,2007,451407
Argentina,ARG,2008,435067
Argentina,ARG,2009,388276
Argentina,ARG,2010,493971
Argentina,ARG,2011,508523
Argentina,ARG,2012,450345
Argentina,ARG,2013,476435
Argentina,ARG,2014,511205
Argentina,ARG,2015,525263
Argentina,ARG,2016,477300
Argentina,ARG,2017,559719
Argentina,ARG,2018,662196
Argentina,ARG,2019,588000
Argentina,ARG,2020,74000
Argentina,ARG,2021,21200
Armenia,ARM,1995,2000
Armenia,ARM,1996,2000
Armenia,ARM,1997,3000
Armenia,ARM,1998,5000
Armenia,ARM,1999,8000
Armenia,ARM,2000,4000
Armenia,ARM,2001,25000
Armenia,ARM,2002,31000
Armenia,ARM,2003,39000
Armenia,ARM,2004,46000
Armenia,ARM,2005,67000
Armenia,ARM,2006,114000
Armenia,ARM,2007,175000
Armenia,ARM,2008,189000
Armenia,ARM,2009,197000
Armenia,ARM,2010,230000
Armenia,ARM,2011,235000
Armenia,ARM,2012,332000
Armenia,ARM,2013,412000
Armenia,ARM,2014,428000
Armenia,ARM,2015,422000
Armenia,ARM,2016,401800
Armenia,ARM,2017,357300
Armenia,ARM,2018,450900
Armenia,ARM,2019,301000
Armenia,ARM,2020,56300
Armenia,ARM,2021,154000
Aruba,ABW,1995,15000
Aruba,ABW,1996,17000
Aruba,ABW,1997,36000
Aruba,ABW,1998,38000
Aruba,ABW,1999,40000
Aruba,ABW,2000,40000
Aruba,ABW,2001,40000
Aruba,ABW,2002,31000
Aruba,ABW,2003,33000
Aruba,ABW,2004,33000
Aruba,ABW,2005,34000
Aruba,ABW,2006,34000
Aruba,ABW,2007,35000
Aruba,ABW,2008,28000
Aruba,ABW,2010,24000
Aruba,ABW,2011,53000
Aruba,ABW,2012,48000
Aruba,ABW,2013,55000
Aruba,ABW,2014,57000
Aruba,ABW,2015,62800
Aruba,ABW,2016,60000
Aruba,ABW,2017,61800
Aruba,ABW,2018,59400
Aruba,ABW,2019,48000
Aruba,ABW,2020,19400
Aruba,ABW,2021,34300
Australia,AUS,1995,570000
Australia,AUS,1996,659000
Australia,AUS,1997,692000
Australia,AUS,1998,667000
Australia,AUS,1999,745000
Australia,AUS,2000,851000
Australia,AUS,2001,837000
Australia,AUS,2002,873000
Australia,AUS,2003,900000
Australia,AUS,2004,999000
Australia,AUS,2005,1104000
Australia,AUS,2006,1218000
Australia,AUS,2007,1309000
Australia,AUS,2008,1339000
Australia,AUS,2009,1219000
Australia,AUS,2010,1360000
Australia,AUS,2011,1420000
Australia,AUS,2012,1455000
Australia,AUS,2013,1443400
Australia,AUS,2014,1486400
Australia,AUS,2015,1579700
Australia,AUS,2016,1598500
Australia,AUS,2017,1743600
Australia,AUS,2018,1805500
Australia,AUS,2019,1841500
Australia,AUS,2020,405900
Australia,AUS,2021,54000
Azerbaijan,AZE,1995,35000
Azerbaijan,AZE,1996,167000
Azerbaijan,AZE,1997,210000
Azerbaijan,AZE,1998,438000
Azerbaijan,AZE,1999,538000
Azerbaijan,AZE,2000,606000
Azerbaijan,AZE,2001,718000
Azerbaijan,AZE,2002,775000
Azerbaijan,AZE,2003,935000
Azerbaijan,AZE,2004,1130000
Azerbaijan,AZE,2005,287000
Azerbaijan,AZE,2006,284000
Azerbaijan,AZE,2007,305000
Azerbaijan,AZE,2008,394000
Azerbaijan,AZE,2009,380000
Azerbaijan,AZE,2010,548000
Azerbaijan,AZE,2011,592000
Azerbaijan,AZE,2012,595000
Azerbaijan,AZE,2013,649000
Azerbaijan,AZE,2014,670400
Azerbaijan,AZE,2015,632300
Azerbaijan,AZE,2016,691700
Azerbaijan,AZE,2017,834400
Azerbaijan,AZE,2018,787400
Azerbaijan,AZE,2019,850500
Azerbaijan,AZE,2020,177500
Azerbaijan,AZE,2021,196700
Bahamas,BHS,1995,121000
Bahamas,BHS,1996,147000
Bahamas,BHS,1997,178000
Bahamas,BHS,1998,148000
Bahamas,BHS,1999,174000
Bahamas,BHS,2000,180000
Bahamas,BHS,2001,162000
Bahamas,BHS,2002,156000
Bahamas,BHS,2003,127200
Bahamas,BHS,2004,148200
Bahamas,BHS,2005,151800
Bahamas,BHS,2006,127500
Bahamas,BHS,2007,142900
Bahamas,BHS,2008,126800
Bahamas,BHS,2009,92000
Bahamas,BHS,2010,76500
Bahamas,BHS,2011,93400
Bahamas,BHS,2012,98800
Bahamas,BHS,2013,98400
Bahamas,BHS,2014,95400
Bahamas,BHS,2015,106600
Bahamas,BHS,2016,106900
Bahamas,BHS,2017,86900
Bahamas,BHS,2018,101800
Bahamas,BHS,2019,111300
Bahamas,BHS,2020,38300
Bahamas,BHS,2021,31300
Bahrain,BHR,1995,122000
Bahrain,BHR,1996,175000
Bahrain,BHR,1997,157000
Bahrain,BHR,1998,153000
Bahrain,BHR,1999,190000
Bahrain,BHR,2000,259000
Bahrain,BHR,2001,330000
Bahrain,BHR,2002,419000
Bahrain,BHR,2003,542000
Bahrain,BHR,2004,647000
Bahrain,BHR,2005,627000
Bahrain,BHR,2006,868000
Bahrain,BHR,2007,1045000
Bahrain,BHR,2008,1269000
Bahrain,BHR,2011,650000
Bahrain,BHR,2015,2394000
Bahrain,BHR,2016,1526000
Bahrain,BHR,2017,677000
Bahrain,BHR,2018,824200
Bahrain,BHR,2019,895200
Bahrain,BHR,2020,138500
Bahrain,BHR,2021,198400
Bangladesh,BGD,1995,48000
Bangladesh,BGD,1996,43000
Bangladesh,BGD,1997,58000
Bangladesh,BGD,1998,55000
Bangladesh,BGD,1999,36000
Bangladesh,BGD,2000,40000
Bangladesh,BGD,2001,34000
Bangladesh,BGD,2002,30000
Bangladesh,BGD,2003,34000
Bangladesh,BGD,2004,55000
Bangladesh,BGD,2005,103000
Bangladesh,BGD,2006,91000
Bangladesh,BGD,2007,133000
Bangladesh,BGD,2008,127000
Bangladesh,BGD,2009,122000
Barbados,BRB,1995,19000
Barbados,BRB,1996,24000
Barbados,BRB,1997,37000
Barbados,BRB,1998,41000
Barbados,BRB,1999,55000
Barbados,BRB,2000,60000
Barbados,BRB,2001,57000
Barbados,BRB,2002,58000
Barbados,BRB,2003,65000
Barbados,BRB,2004,70000
Barbados,BRB,2005,72000
Barbados,BRB,2006,60000
Barbados,BRB,2007,58000
Barbados,BRB,2008,60000
Barbados,BRB,2009,55000
Barbados,BRB,2010,53000
Barbados,BRB,2011,54000
Barbados,BRB,2012,51000
Barbados,BRB,2013,58000
Barbados,BRB,2014,58600
Barbados,BRB,2015,59100
Barbados,BRB,2016,58200
Barbados,BRB,2017,53800
Barbados,BRB,2018,51800
Barbados,BRB,2019,45200
Barbados,BRB,2020,22900
Barbados,BRB,2021,9300
Belarus,BLR,2000,235000
Belarus,BLR,2001,260000
Belarus,BLR,2002,180000
Belarus,BLR,2003,214000
Belarus,BLR,2004,250000
Belarus,BLR,2005,414000
Belarus,BLR,2006,525000
Belarus,BLR,2007,446000
Belarus,BLR,2008,425000
Belarus,BLR,2009,367000
Belarus,BLR,2010,372000
Belarus,BLR,2011,413000
Belarus,BLR,2012,407000
Belarus,BLR,2013,376000
Belarus,BLR,2014,349000
Belarus,BLR,2015,281000
Belarus,BLR,2016,2756000
Belarus,BLR,2017,2787000
Belarus,BLR,2018,2668400
Belarus,BLR,2019,2892900
Belarus,BLR,2020,823300
Belarus,BLR,2021,728900
Belgium,BEL,1995,1939000
Belgium,BEL,1996,2176000
Belgium,BEL,1997,2287000
Belgium,BEL,1998,2278000
Belgium,BEL,1999,2346000
Belgium,BEL,2000,2483000
Belgium,BEL,2001,2398000
Belgium,BEL,2002,2400000
Belgium,BEL,2003,2284000
Belgium,BEL,2004,2333000
Belgium,BEL,2005,2366000
Belgium,BEL,2006,2492000
Belgium,BEL,2007,2440000
Belgium,BEL,2008,2576000
Belgium,BEL,2009,2283000
Belgium,BEL,2010,2407000
Belgium,BEL,2011,2608000
Belgium,BEL,2012,2788000
Belgium,BEL,2013,2838000
Belgium,BEL,2014,2842200
Belgium,BEL,2015,2904500
Belgium,BEL,2016,2671600
Belgium,BEL,2017,2940100
Belgium,BEL,2018,3070400
Belgium,BEL,2019,3148400
Belgium,BEL,2020,840000
Belgium,BEL,2021,1035699.94
Belize,BLZ,1995,10000
Belize,BLZ,1996,9000
Belize,BLZ,1997,12000
Belize,BLZ,1998,9000
Belize,BLZ,1999,9000
Belize,BLZ,2000,9000
Belize,BLZ,2001,10000
Belize,BLZ,2002,13000
Belize,BLZ,2003,13000
Belize,BLZ,2004,12000
Belize,BLZ,2005,12000
Belize,BLZ,2006,12000
Belize,BLZ,2007,13000
Belize,BLZ,2008,10000
Belize,BLZ,2009,10000
Belize,BLZ,2010,11000
Belize,BLZ,2011,12000
Belize,BLZ,2012,13000
Belize,BLZ,2013,13000
Belize,BLZ,2014,17000
Belize,BLZ,2015,15000
Belize,BLZ,2016,14200
Belize,BLZ,2017,17000
Belize,BLZ,2018,11400
Belize,BLZ,2019,13200
Belize,BLZ,2020,9000
Belize,BLZ,2021,15600
Benin,BEN,1999,56000
Benin,BEN,2000,77000
Benin,BEN,2007,97000
Benin,BEN,2008,85000
Benin,BEN,2009,108000
Benin,BEN,2010,96000
Benin,BEN,2011,94000
Benin,BEN,2012,99000
Benin,BEN,2013,114000
Benin,BEN,2014,124000
Benin,BEN,2015,136200
Benin,BEN,2016,140000
Benin,BEN,2017,145600
Benin,BEN,2018,160300
Benin,BEN,2019,171200
Benin,BEN,2020,153600
Bermuda,BMU,1995,57000
Bermuda,BMU,1996,57000
Bermuda,BMU,1997,61000
Bermuda,BMU,1998,60000
Bermuda,BMU,1999,54000
Bermuda,BMU,2000,48000
Bermuda,BMU,2001,34000
Bermuda,BMU,2002,39000
Bermuda,BMU,2003,51000
Bermuda,BMU,2004,55000
Bermuda,BMU,2005,59000
Bermuda,BMU,2006,57000
Bermuda,BMU,2007,68000
Bermuda,BMU,2008,61000
Bermuda,BMU,2009,50000
Bermuda,BMU,2010,48000
Bermuda,BMU,2011,52000
Bermuda,BMU,2012,45000
Bermuda,BMU,2013,49000
Bermuda,BMU,2014,46600
Bermuda,BMU,2015,45100
Bermuda,BMU,2016,44000
Bermuda,BMU,2017,48100
Bermuda,BMU,2018,46600
Bermuda,BMU,2019,47300
Bermuda,BMU,2020,9400
Bermuda,BMU,2021,6100
Bhutan,BTN,2008,2000
Bhutan,BTN,2009,2000
Bhutan,BTN,2010,4000
Bhutan,BTN,2011,23000
Bhutan,BTN,2012,20000
Bhutan,BTN,2013,18000
Bhutan,BTN,2014,15800
Bhutan,BTN,2015,15100
Bhutan,BTN,2016,17500
Bhutan,BTN,2017,16900
Bhutan,BTN,2018,15200
Bhutan,BTN,2019,17400
Bhutan,BTN,2020,2300
Bolivia,BOL,1995,106000
Bolivia,BOL,1996,46000
Bolivia,BOL,1997,53000
Bolivia,BOL,1998,57000
Bolivia,BOL,1999,51000
Bolivia,BOL,2000,43000
Bolivia,BOL,2001,56000
Bolivia,BOL,2002,59000
Bolivia,BOL,2003,50000
Bolivia,BOL,2004,49000
Bolivia,BOL,2005,34000
Bolivia,BOL,2006,33000
Bolivia,BOL,2007,37000
Bolivia,BOL,2008,38000
Bolivia,BOL,2009,50000
Bolivia,BOL,2010,56000
Bolivia,BOL,2011,59000
Bolivia,BOL,2012,66000
Bolivia,BOL,2013,66000
Bolivia,BOL,2014,87100
Bolivia,BOL,2015,106700
Bolivia,BOL,2016,116300
Bolivia,BOL,2017,134100
Bolivia,BOL,2018,138200
Bolivia,BOL,2019,150000
Bolivia,BOL,2020,39100
Bolivia,BOL,2021,21800
Bosnia and Herzegovina,BIH,2013,213000
Bosnia and Herzegovina,BIH,2014,172000
Bosnia and Herzegovina,BIH,2015,155000
Bosnia and Herzegovina,BIH,2016,170000
Bosnia and Herzegovina,BIH,2017,187000
Bosnia and Herzegovina,BIH,2018,222000
Bosnia and Herzegovina,BIH,2019,236000
Bosnia and Herzegovina,BIH,2020,45000
Bosnia and Herzegovina,BIH,2021,90700
Botswana,BWA,1995,50000
Botswana,BWA,1996,49000
Botswana,BWA,1997,60000
Botswana,BWA,1998,79000
Botswana,BWA,1999,81000
Botswana,BWA,2000,143000
Botswana,BWA,2001,98000
Botswana,BWA,2002,123000
Botswana,BWA,2003,106000
Botswana,BWA,2004,80000
Botswana,BWA,2005,78000
Botswana,BWA,2006,77000
Botswana,BWA,2007,118000
Botswana,BWA,2008,147000
Botswana,BWA,2009,145700
Botswana,BWA,2010,188000
Botswana,BWA,2012,149000
Botswana,BWA,2013,357000
Botswana,BWA,2014,609000
Botswana,BWA,2015,490200
Botswana,BWA,2016,461500
Botswana,BWA,2017,381400
Botswana,BWA,2018,372400
Botswana,BWA,2020,69300
Brazil,BRA,1995,536000
Brazil,BRA,1996,765000
Brazil,BRA,1997,929000
Brazil,BRA,1998,1286000
Brazil,BRA,1999,1084000
Brazil,BRA,2000,1480000
Brazil,BRA,2001,1443000
Brazil,BRA,2002,1070000
Brazil,BRA,2003,1075000
Brazil,BRA,2004,1376000
Brazil,BRA,2005,1559000
Brazil,BRA,2006,1410000
Brazil,BRA,2007,1377000
Brazil,BRA,2008,1374000
Brazil,BRA,2009,1100000
Brazil,BRA,2010,1203000
Brazil,BRA,2011,1391000
Brazil,BRA,2012,1431000
Brazil,BRA,2013,1523000
Brazil,BRA,2014,1408000
Brazil,BRA,2015,1274000
Brazil,BRA,2016,1224200
Brazil,BRA,2017,1027800.06
Brazil,BRA,2018,893900
Brazil,BRA,2019,978400
British Virgin Islands,VGB,1995,1000
British Virgin Islands,VGB,1996,2000
British Virgin Islands,VGB,1997,2000
British Virgin Islands,VGB,1998,5000
British Virgin Islands,VGB,1999,4000
British Virgin Islands,VGB,2000,6000
British Virgin Islands,VGB,2001,7000
British Virgin Islands,VGB,2002,6000
British Virgin Islands,VGB,2003,6000
British Virgin Islands,VGB,2004,5000
British Virgin Islands,VGB,2006,12000
British Virgin Islands,VGB,2007,13000
British Virgin Islands,VGB,2008,16000
British Virgin Islands,VGB,2009,16000
British Virgin Islands,VGB,2010,17000
British Virgin Islands,VGB,2011,21000
British Virgin Islands,VGB,2012,21000
British Virgin Islands,VGB,2013,23000
Brunei,BRN,1995,56000
Brunei,BRN,1996,48000
Brunei,BRN,1998,38000
Brunei,BRN,1999,36000
Brunei,BRN,2000,34000
Brunei,BRN,2001,17000
Brunei,BRN,2005,4000
Brunei,BRN,2007,36000
Brunei,BRN,2008,41000
Brunei,BRN,2009,39000
Brunei,BRN,2010,45000
Brunei,BRN,2011,47000
Brunei,BRN,2012,52000
Brunei,BRN,2013,62000
Brunei,BRN,2014,52200
Brunei,BRN,2015,49200
Brunei,BRN,2016,45100
Brunei,BRN,2017,43200
Brunei,BRN,2018,44200
Brunei,BRN,2019,43500
Brunei,BRN,2020,8800
Brunei,BRN,2021,2100
Bulgaria,BGR,1995,192000
Bulgaria,BGR,1996,154000
Bulgaria,BGR,1997,188000
Bulgaria,BGR,1998,132000
Bulgaria,BGR,1999,170000
Bulgaria,BGR,2000,178000
Bulgaria,BGR,2001,184000
Bulgaria,BGR,2002,180000
Bulgaria,BGR,2003,216000
Bulgaria,BGR,2004,272000
Bulgaria,BGR,2005,340000
Bulgaria,BGR,2006,332000
Bulgaria,BGR,2007,376000
Bulgaria,BGR,2008,418000
Bulgaria,BGR,2009,1075000
Bulgaria,BGR,2010,934000
Bulgaria,BGR,2011,972000
Bulgaria,BGR,2012,1041000
Bulgaria,BGR,2013,1026000
Bulgaria,BGR,2014,1217400
Bulgaria,BGR,2015,1191500
Bulgaria,BGR,2016,1421100
Bulgaria,BGR,2017,1561900
Bulgaria,BGR,2018,1727900
Bulgaria,BGR,2019,1761200
Bulgaria,BGR,2020,731500
Bulgaria,BGR,2021,866400
Burkina Faso,BFA,1995,107000
Burkina Faso,BFA,1996,105000
Burkina Faso,BFA,1997,112000
Burkina Faso,BFA,1998,123000
Burkina Faso,BFA,1999,84000
Burkina Faso,BFA,2000,98000
Burkina Faso,BFA,2001,53000
Burkina Faso,BFA,2002,111000
Burkina Faso,BFA,2003,115000
Burkina Faso,BFA,2004,165000
Burkina Faso,BFA,2005,225000
Burkina Faso,BFA,2006,233000
Burkina Faso,BFA,2007,211000
Burkina Faso,BFA,2008,221000
Burkina Faso,BFA,2009,246000
Burkina Faso,BFA,2010,263000
Burkina Faso,BFA,2011,256000
Burkina Faso,BFA,2012,290600
Burkina Faso,BFA,2013,319000
Burkina Faso,BFA,2014,278000
Burkina Faso,BFA,2015,275200
Burkina Faso,BFA,2016,306400
Burkina Faso,BFA,2017,317600
Burkina Faso,BFA,2018,343500
Burkina Faso,BFA,2019,372800
Burkina Faso,BFA,2020,247500
Burkina Faso,BFA,2021,284000
Burundi,BDI,1995,11000
Burundi,BDI,1996,9000
Burundi,BDI,1997,3000
Burundi,BDI,1998,5000
Burundi,BDI,1999,9000
Burundi,BDI,2000,10000
Burundi,BDI,2001,12000
Burundi,BDI,2002,22000
Burundi,BDI,2003,22000
Burundi,BDI,2004,45000
Burundi,BDI,2005,49000
Burundi,BDI,2006,64000
Burundi,BDI,2007,27000
Burundi,BDI,2008,28000
Burundi,BDI,2009,30000
Burundi,BDI,2010,20000
Burundi,BDI,2011,33000
Burundi,BDI,2012,13000
Burundi,BDI,2013,17000
Burundi,BDI,2014,42000
Burundi,BDI,2015,10000
Burundi,BDI,2016,31000
Burundi,BDI,2017,47000
Cambodia,KHM,1995,44000
Cambodia,KHM,1996,58000
Cambodia,KHM,1997,49000
Cambodia,KHM,1998,37000
Cambodia,KHM,1999,55000
Cambodia,KHM,2000,47000
Cambodia,KHM,2001,62000
Cambodia,KHM,2002,58000
Cambodia,KHM,2003,71000
Cambodia,KHM,2004,68000
Cambodia,KHM,2005,87000
Cambodia,KHM,2006,109000
Cambodia,KHM,2007,146000
Cambodia,KHM,2008,159000
Cambodia,KHM,2009,133000
Cambodia,KHM,2010,141000
Cambodia,KHM,2011,143000
Cambodia,KHM,2012,168000
Cambodia,KHM,2013,185000
Cambodia,KHM,2014,206000
Cambodia,KHM,2015,299600
Cambodia,KHM,2016,342200
Cambodia,KHM,2017,373200
Cambodia,KHM,2018,687100
Cambodia,KHM,2019,1371400
Cambodia,KHM,2020,272000
Cambodia,KHM,2021,91100
Canada,CAN,1995,2530000
Canada,CAN,1996,2641000
Canada,CAN,1997,2868000
Canada,CAN,1998,3045000
Canada,CAN,1999,3087000
Canada,CAN,2000,2842000
Canada,CAN,2001,2519000
Canada,CAN,2002,2560000
Canada,CAN,2003,2231000
Canada,CAN,2004,2571000
Canada,CAN,2005,2622000
Canada,CAN,2006,2651000
Canada,CAN,2007,2587000
Canada,CAN,2008,2666000
Canada,CAN,2009,2346000
Canada,CAN,2010,2412000
Canada,CAN,2011,2462600
Canada,CAN,2012,2488800
Canada,CAN,2013,2553200
Canada,CAN,2014,2687500
Canada,CAN,2015,3124300
Canada,CAN,2016,3612400
Canada,CAN,2017,3783300
Canada,CAN,2018,3518900
Canada,CAN,2019,3784200
Cayman Islands,CYM,2000,16000
Cayman Islands,CYM,2001,10000
Cayman Islands,CYM,2002,13000
Cayman Islands,CYM,2003,15000
Cayman Islands,CYM,2004,14000
Cayman Islands,CYM,2005,12000
Cayman Islands,CYM,2006,19000
Cayman Islands,CYM,2007,21000
Cayman Islands,CYM,2008,19000
Cayman Islands,CYM,2009,16000
Cayman Islands,CYM,2010,17000
Cayman Islands,CYM,2011,18000
Cayman Islands,CYM,2012,20000
Cayman Islands,CYM,2013,20000
Cayman Islands,CYM,2014,19000
Cayman Islands,CYM,2015,18700
Cayman Islands,CYM,2016,21000
Cayman Islands,CYM,2017,23600
Cayman Islands,CYM,2018,27300
Cayman Islands,CYM,2019,31000
Cayman Islands,CYM,2020,7900
Central African Republic,CAF,1998,3400
Central African Republic,CAF,2000,5000
Central African Republic,CAF,2001,4000
Central African Republic,CAF,2002,1600
Central African Republic,CAF,2003,1700
Central African Republic,CAF,2004,2500
Central African Republic,CAF,2005,4200
Central African Republic,CAF,2006,5600
Central African Republic,CAF,2007,5900
Central African Republic,CAF,2008,13900
Central African Republic,CAF,2009,25500
Central African Republic,CAF,2010,29800
Central African Republic,CAF,2011,37000
Central African Republic,CAF,2012,38800
Central African Republic,CAF,2013,34600
Central African Republic,CAF,2014,40100
Central African Republic,CAF,2015,43900
Central African Republic,CAF,2016,41400
Central African Republic,CAF,2017,51200
Central African Republic,CAF,2018,53400
Central African Republic,CAF,2019,40200
Central African Republic,CAF,2020,1200
Chad,TCD,2006,24000
Chad,TCD,2007,23000
Chad,TCD,2008,22400
Chad,TCD,2009,12000
Chad,TCD,2010,22000
Chad,TCD,2011,12000
Chad,TCD,2012,29000
Chad,TCD,2020,3300
Chad,TCD,2021,17400
Chile,CHL,1995,353000
Chile,CHL,1996,223000
Chile,CHL,1997,173000
Chile,CHL,1998,144000
Chile,CHL,1999,166000
Chile,CHL,2000,248000
Chile,CHL,2001,207000
Chile,CHL,2002,195000
Chile,CHL,2003,210000
Chile,CHL,2004,240000
Chile,CHL,2005,350000
Chile,CHL,2006,478000
Chile,CHL,2007,459000
Chile,CHL,2008,568000
Chile,CHL,2009,734000
Chile,CHL,2010,769000
Chile,CHL,2011,702400
Chile,CHL,2012,650800
Chile,CHL,2013,624000
Chile,CHL,2014,665700
Chile,CHL,2015,692000
Chile,CHL,2016,814000
Chile,CHL,2017,636000
Chile,CHL,2018,554400
Chile,CHL,2019,487600
Chile,CHL,2020,95100
China,CHN,2002,3220000
China,CHN,2003,2902000
China,CHN,2004,3861000
China,CHN,2005,4598000
China,CHN,2006,5548000
China,CHN,2007,6961000
China,CHN,2008,5678000
China,CHN,2009,5237000
China,CHN,2010,6197000
China,CHN,2011,6326000
China,CHN,2012,6280000
China,CHN,2013,6194000
China,CHN,2014,5396000
China,CHN,2015,5377000
China,CHN,2016,5797400
China,CHN,2017,5696800
China,CHN,2018,6147000
China,CHN,2019,6284700
Colombia,COL,1995,657000
Colombia,COL,1997,339000
Colombia,COL,1998,82000
Colombia,COL,2000,68000
Colombia,COL,2001,56000
Colombia,COL,2002,135000
Colombia,COL,2003,165000
Colombia,COL,2004,217000
Colombia,COL,2005,266000
Colombia,COL,2010,158300
Colombia,COL,2011,207000
Colombia,COL,2012,239700
Colombia,COL,2013,301500
Colombia,COL,2014,429100
Colombia,COL,2015,438200
Colombia,COL,2016,438200
Colombia,COL,2017,448200
Colombia,COL,2018,459100
Colombia,COL,2019,460300
Colombia,COL,2020,88480
Colombia,COL,2021,89100
Comoros,COM,1995,2000
Comoros,COM,1996,3000
Comoros,COM,1997,3000
Comoros,COM,1998,4000
Comoros,COM,1999,2000
Comoros,COM,2000,2000
Comoros,COM,2001,3000
Comoros,COM,2002,4300
Comoros,COM,2003,4100
Comoros,COM,2004,4300
Comoros,COM,2005,4900
Comoros,COM,2006,5400
Comoros,COM,2007,4400
Comoros,COM,2008,4200
Comoros,COM,2009,3000
Comoros,COM,2010,3300
Comoros,COM,2011,3500
Comoros,COM,2012,5600
Comoros,COM,2013,3300
Comoros,COM,2014,5100
Comoros,COM,2015,5700
Comoros,COM,2016,5100
Comoros,COM,2017,6800
Comoros,COM,2018,10400
Comoros,COM,2019,8100.0005
Comoros,COM,2020,1500
Comoros,COM,2021,3900
Congo,COG,2010,72100
Congo,COG,2011,76000
Congo,COG,2012,100000
Congo,COG,2013,124300
Congo,COG,2014,58000
Congo,COG,2015,56400
Congo,COG,2016,49700
Congo,COG,2017,42900
Congo,COG,2018,73200
Cook Islands,COK,1995,2000
Cook Islands,COK,1996,2000
Cook Islands,COK,1997,2000
Cook Islands,COK,1998,2000
Cook Islands,COK,1999,2000
Cook Islands,COK,2000,3000
Cook Islands,COK,2001,3000
Cook Islands,COK,2002,4000
Cook Islands,COK,2003,4000
Cook Islands,COK,2004,4000
Cook Islands,COK,2005,3000
Cook Islands,COK,2006,3000
Cook Islands,COK,2007,4000
Cook Islands,COK,2008,4000
Cook Islands,COK,2009,3000
Cook Islands,COK,2010,3000
Cook Islands,COK,2011,3000
Cook Islands,COK,2012,4000
Cook Islands,COK,2013,4000
Cook Islands,COK,2014,4200
Cook Islands,COK,2015,4300
Cook Islands,COK,2016,5100
Cook Islands,COK,2017,5600
Cook Islands,COK,2018,5900
Cook Islands,COK,2019,6000
Cook Islands,COK,2020,600
Cook Islands,COK,2021,400
Costa Rica,CRI,1995,193000
Costa Rica,CRI,1996,122000
Costa Rica,CRI,1997,114000
Costa Rica,CRI,1998,214000
Costa Rica,CRI,1999,260000
Costa Rica,CRI,2000,259000
Costa Rica,CRI,2001,210000
Costa Rica,CRI,2002,264000
Costa Rica,CRI,2003,272000
Costa Rica,CRI,2004,250000
Costa Rica,CRI,2005,272000
Costa Rica,CRI,2006,297700
Costa Rica,CRI,2007,328500
Costa Rica,CRI,2008,443400
Costa Rica,CRI,2009,221800
Costa Rica,CRI,2010,271100
Costa Rica,CRI,2011,302000
Costa Rica,CRI,2012,306000
Costa Rica,CRI,2013,287000
Costa Rica,CRI,2014,347000
Costa Rica,CRI,2015,419000
Costa Rica,CRI,2016,294600
Costa Rica,CRI,2017,244600
Costa Rica,CRI,2018,285400
Costa Rica,CRI,2019,161200
Costa Rica,CRI,2021,92700
Cote d'Ivoire,CIV,1995,84000
Cote d'Ivoire,CIV,1996,107000
Cote d'Ivoire,CIV,1997,135000
Cote d'Ivoire,CIV,2010,101000
Cote d'Ivoire,CIV,2011,107000
Cote d'Ivoire,CIV,2012,115600
Cote d'Ivoire,CIV,2013,152000
Cote d'Ivoire,CIV,2014,197800
Cote d'Ivoire,CIV,2015,605000
Cote d'Ivoire,CIV,2016,570000
Cote d'Ivoire,CIV,2017,774100
Cote d'Ivoire,CIV,2018,841700
Cote d'Ivoire,CIV,2019,885700
Cote d'Ivoire,CIV,2020,286200
Cote d'Ivoire,CIV,2021,246700
Cuba,CUB,1995,9000
Cuba,CUB,1996,10000
Cuba,CUB,1997,11000
Cuba,CUB,1998,11000
Cuba,CUB,1999,12000
Cuba,CUB,2000,12000
Cuba,CUB,2001,13000
Cuba,CUB,2002,13000
Cuba,CUB,2003,12000
Cuba,CUB,2004,11000
Cuba,CUB,2005,12000
Cuba,CUB,2006,13000
Cuba,CUB,2007,12000
Cuba,CUB,2008,12000
Cuba,CUB,2009,12000
Cuba,CUB,2010,12000
Cuba,CUB,2011,16000
Cuba,CUB,2012,17000
Cuba,CUB,2013,15000
Cuba,CUB,2014,14200
Cuba,CUB,2015,18600
Cuba,CUB,2016,23200
Cuba,CUB,2017,31400
Cuba,CUB,2018,14700
Cuba,CUB,2019,24800
Cuba,CUB,2020,5100
Cuba,CUB,2021,4600
Curacao,CUW,1995,24000
Curacao,CUW,1996,24000
Curacao,CUW,1997,9000
Curacao,CUW,1998,3000
Curacao,CUW,1999,32000
Curacao,CUW,2000,39000
Curacao,CUW,2001,39000
Curacao,CUW,2002,31000
Curacao,CUW,2003,24000
Curacao,CUW,2004,21000
Curacao,CUW,2005,15000
Curacao,CUW,2006,15000
Curacao,CUW,2007,12000
Curacao,CUW,2008,23000
Curacao,CUW,2009,34000
Curacao,CUW,2010,38000
Curacao,CUW,2011,30000
Curacao,CUW,2012,26000
Curacao,CUW,2013,31400
Curacao,CUW,2014,34400
Curacao,CUW,2015,30900
Curacao,CUW,2016,26100
Curacao,CUW,2017,30000
Curacao,CUW,2018,25000
Curacao,CUW,2019,22000
Curacao,CUW,2020,5000
Curacao,CUW,2021,15000
Cyprus,CYP,1998,121000
Cyprus,CYP,1999,126000
Cyprus,CYP,2000,145000
Cyprus,CYP,2001,129000
Cyprus,CYP,2002,131000
Cyprus,CYP,2003,127000
Cyprus,CYP,2004,139000
Cyprus,CYP,2005,143000
Cyprus,CYP,2006,151000
Cyprus,CYP,2007,175000
Cyprus,CYP,2008,165000
Cyprus,CYP,2009,157000
Cyprus,CYP,2010,150000
Cyprus,CYP,2011,161000
Cyprus,CYP,2012,125000
Cyprus,CYP,2013,100000
Cyprus,CYP,2014,115000
Cyprus,CYP,2015,137000
Cyprus,CYP,2016,176800
Cyprus,CYP,2017,213100
Cyprus,CYP,2018,237700
Cyprus,CYP,2019,248500
Cyprus,CYP,2020,74000
Democratic Republic of Congo,COD,1995,20000
Democratic Republic of Congo,COD,1998,9000
Democratic Republic of Congo,COD,1999,15000
Democratic Republic of Congo,COD,2000,10000
Democratic Republic of Congo,COD,2001,5000
Democratic Republic of Congo,COD,2002,3000
Democratic Republic of Congo,COD,2003,21000
Democratic Republic of Congo,COD,2004,22000
Democratic Republic of Congo,COD,2005,42000
Democratic Republic of Congo,COD,2006,35000
Democratic Republic of Congo,COD,2007,26000
Democratic Republic of Congo,COD,2008,32000
Democratic Republic of Congo,COD,2009,34000
Democratic Republic of Congo,COD,2010,35000
Democratic Republic of Congo,COD,2011,119000
Democratic Republic of Congo,COD,2012,76000
Democratic Republic of Congo,COD,2013,84200
Democratic Republic of Congo,COD,2014,138800
Democratic Republic of Congo,COD,2015,146800
Democratic Republic of Congo,COD,2016,145800
Denmark,DNK,2004,984000
Denmark,DNK,2005,1235000
Denmark,DNK,2006,1218000
Denmark,DNK,2007,1175000
Denmark,DNK,2008,1157000
Denmark,DNK,2009,1035000
Denmark,DNK,2010,1099000
Denmark,DNK,2011,734000
Denmark,DNK,2012,771000
Denmark,DNK,2013,789000
Denmark,DNK,2014,1104000
Denmark,DNK,2015,1171000
Denmark,DNK,2016,1124000
Denmark,DNK,2017,1471000
Denmark,DNK,2018,1535200
Denmark,DNK,2019,1526000
Denmark,DNK,2020,373000
Denmark,DNK,2021,483000
Djibouti,DJI,2017,60800
Djibouti,DJI,2018,63900
Djibouti,DJI,2019,72400
Djibouti,DJI,2020,41500
Djibouti,DJI,2021,54600
Dominica,DMA,1995,10000
Dominica,DMA,1996,11000
Dominica,DMA,1997,12000
Dominica,DMA,1998,11000
Dominica,DMA,1999,13000
Dominica,DMA,2000,12000
Dominica,DMA,2001,12000
Dominica,DMA,2002,13000
Dominica,DMA,2003,13000
Dominica,DMA,2004,14000
Dominica,DMA,2005,13000
Dominica,DMA,2006,14000
Dominica,DMA,2007,10000
Dominica,DMA,2008,15000
Dominica,DMA,2009,14000
Dominica,DMA,2010,14200
Dominica,DMA,2011,13900
Dominica,DMA,2012,13400
Dominica,DMA,2013,12700
Dominica,DMA,2014,13700
Dominica,DMA,2015,13000
Dominica,DMA,2016,13200
Dominica,DMA,2017,12400
Dominica,DMA,2018,11800
Dominica,DMA,2019,9300
Dominica,DMA,2020,2700
Dominica,DMA,2021,3200
Dominican Republic,DOM,1995,111000
Dominican Republic,DOM,1996,122000
Dominican Republic,DOM,1997,99000
Dominican Republic,DOM,1998,70000
Dominican Republic,DOM,1999,107000
Dominican Republic,DOM,2000,117000
Dominican Republic,DOM,2001,85000
Dominican Republic,DOM,2002,87000
Dominican Republic,DOM,2003,96000
Dominican Republic,DOM,2004,94000
Dominican Republic,DOM,2005,128000
Dominican Republic,DOM,2006,143000
Dominican Republic,DOM,2007,159000
Dominican Republic,DOM,2008,141000
Dominican Republic,DOM,2009,141000
Dominican Republic,DOM,2010,166000
Dominican Republic,DOM,2011,159000
Dominican Republic,DOM,2012,150000
Dominican Republic,DOM,2013,154500
Dominican Republic,DOM,2014,134000
Dominican Republic,DOM,2015,115100
Dominican Republic,DOM,2016,115800
Dominican Republic,DOM,2017,107000
Dominican Republic,DOM,2018,135300
Dominican Republic,DOM,2019,122500
Dominican Republic,DOM,2020,80100
Dominican Republic,DOM,2021,113600
Ecuador,ECU,2010,259000
Ecuador,ECU,2011,282500
Ecuador,ECU,2012,256000
Ecuador,ECU,2013,169000
Ecuador,ECU,2014,69000
Ecuador,ECU,2015,66000
Ecuador,ECU,2016,113000
Ecuador,ECU,2017,240900
Ecuador,ECU,2018,277700
Ecuador,ECU,2019,311200
Ecuador,ECU,2020,120500
Ecuador,ECU,2021,216000
Egypt,EGY,1997,92000
Egypt,EGY,1998,84000
Egypt,EGY,1999,159000
Egypt,EGY,2000,117000
Egypt,EGY,2001,86000
Egypt,EGY,2002,95000
Egypt,EGY,2003,139000
Egypt,EGY,2004,182000
Egypt,EGY,2005,182000
Egypt,EGY,2006,142000
Egypt,EGY,2007,95000
Egypt,EGY,2008,111000
Egypt,EGY,2009,179000
Egypt,EGY,2010,126000
Egypt,EGY,2011,86000
Egypt,EGY,2012,101000
Egypt,EGY,2013,149000
Egypt,EGY,2014,144000
Egypt,EGY,2015,82000
Egypt,EGY,2016,47300
Egypt,EGY,2017,73400
Egypt,EGY,2018,100800
Egypt,EGY,2019,116000
El Salvador,SLV,1995,5000
El Salvador,SLV,1996,11000
El Salvador,SLV,1997,174000
El Salvador,SLV,1998,341000
El Salvador,SLV,1999,252000
El Salvador,SLV,2000,304000
El Salvador,SLV,2001,241000
El Salvador,SLV,2002,4000
El Salvador,SLV,2003,156000
El Salvador,SLV,2004,209000
El Salvador,SLV,2005,264000
El Salvador,SLV,2006,341000
El Salvador,SLV,2007,343000
El Salvador,SLV,2008,417000
El Salvador,SLV,2009,168000
El Salvador,SLV,2010,165000
El Salvador,SLV,2011,143000
El Salvador,SLV,2012,155000
El Salvador,SLV,2013,146300
El Salvador,SLV,2014,157700
El Salvador,SLV,2015,165200
El Salvador,SLV,2016,202400
El Salvador,SLV,2017,136700
El Salvador,SLV,2018,152800
El Salvador,SLV,2019,112200
El Salvador,SLV,2020,33000
El Salvador,SLV,2021,47500
Eritrea,ERI,1995,79000
Eritrea,ERI,1996,178000
Eritrea,ERI,1997,175000
Eritrea,ERI,1998,96000
Eritrea,ERI,1999,15000
Eritrea,ERI,2000,21000
Eritrea,ERI,2001,22000
Eritrea,ERI,2002,21000
Eritrea,ERI,2003,16000
Eritrea,ERI,2004,13000
Eritrea,ERI,2005,13000
Eritrea,ERI,2006,12000
Eritrea,ERI,2007,10000
Eritrea,ERI,2008,8000
Eritrea,ERI,2009,7000
Eritrea,ERI,2010,7000
Eritrea,ERI,2011,7000
Eritrea,ERI,2012,6000
Eritrea,ERI,2013,4000
Eritrea,ERI,2014,3000
Eritrea,ERI,2016,6000
Estonia,EST,1995,365000
Estonia,EST,1996,460000
Estonia,EST,1997,590000
Estonia,EST,1998,640000
Estonia,EST,1999,723000
Estonia,EST,2000,761000
Estonia,EST,2001,760000
Eswatini,SWZ,1996,93000
Eswatini,SWZ,1997,54000
Eswatini,SWZ,1998,93000
Eswatini,SWZ,1999,81000
Eswatini,SWZ,2000,77000
Eswatini,SWZ,2001,93000
Eswatini,SWZ,2002,109000
Eswatini,SWZ,2003,122000
Eswatini,SWZ,2004,121000
Eswatini,SWZ,2005,168000
Eswatini,SWZ,2006,174000
Eswatini,SWZ,2007,165000
Eswatini,SWZ,2008,151000
Eswatini,SWZ,2009,151000
Eswatini,SWZ,2010,129000
Eswatini,SWZ,2011,135000
Eswatini,SWZ,2012,128000
Eswatini,SWZ,2013,130000
Eswatini,SWZ,2014,155000
Eswatini,SWZ,2015,210300
Eswatini,SWZ,2016,181500
Eswatini,SWZ,2017,190500
Eswatini,SWZ,2018,179600
Eswatini,SWZ,2019,185000
Eswatini,SWZ,2020,49400
Eswatini,SWZ,2021,71000
Ethiopia,ETH,1995,43000
Ethiopia,ETH,1996,40000
Ethiopia,ETH,1997,44000
Ethiopia,ETH,1998,32000
Ethiopia,ETH,1999,30000
Ethiopia,ETH,2000,35000
Ethiopia,ETH,2001,32000
Ethiopia,ETH,2002,43000
Ethiopia,ETH,2003,48000
Ethiopia,ETH,2004,46000
Ethiopia,ETH,2005,62000
Ethiopia,ETH,2006,98000
Ethiopia,ETH,2007,61000
Ethiopia,ETH,2008,65000
Ethiopia,ETH,2009,119000
Ethiopia,ETH,2010,114000
Ethiopia,ETH,2011,141000
Ethiopia,ETH,2012,188000
Ethiopia,ETH,2013,188600
Ethiopia,ETH,2014,213700
Ethiopia,ETH,2015,241000
Ethiopia,ETH,2016,154400
Ethiopia,ETH,2017,71800
Ethiopia,ETH,2018,196400
Ethiopia,ETH,2019,176600
Ethiopia,ETH,2021,22700
Fiji,FJI,1995,28000
Fiji,FJI,1996,26000
Fiji,FJI,1997,28000
Fiji,FJI,1998,31000
Fiji,FJI,1999,32000
Fiji,FJI,2000,22000
Fiji,FJI,2001,24000
Fiji,FJI,2002,31000
Fiji,FJI,2003,33000
Fiji,FJI,2004,39000
Fiji,FJI,2005,43000
Fiji,FJI,2006,46000
Fiji,FJI,2007,36000
Fiji,FJI,2008,45000
Fiji,FJI,2009,42000
Fiji,FJI,2010,45000
Fiji,FJI,2011,48000
Fiji,FJI,2012,41000
Fiji,FJI,2013,33100
Fiji,FJI,2014,37100
Fiji,FJI,2015,44200
Fiji,FJI,2016,54400
Fiji,FJI,2017,56500
Fiji,FJI,2018,52300
Fiji,FJI,2019,56900
Fiji,FJI,2020,10200
Fiji,FJI,2021,2200
Finland,FIN,1998,1165000
Finland,FIN,1999,1139000
Finland,FIN,2000,1262000
Finland,FIN,2001,1321000
Finland,FIN,2002,1273000
Finland,FIN,2003,1257000
Finland,FIN,2004,1314000
Finland,FIN,2005,1480000
Finland,FIN,2006,1607000
Finland,FIN,2007,1696000
Finland,FIN,2008,1788000
Finland,FIN,2009,1451000
Finland,FIN,2010,1481000
Finland,FIN,2011,1656000
Finland,FIN,2012,1776000
France,FRA,1996,7984000
France,FRA,1997,8663000
France,FRA,2001,9866000
France,FRA,2004,10857000
France,FRA,2005,8361000
France,FRA,2006,8040000
France,FRA,2007,8283000
France,FRA,2008,11111000
France,FRA,2009,10234000
France,FRA,2010,9702900
France,FRA,2011,11120400
France,FRA,2012,10178900
France,FRA,2013,10178600
France,FRA,2014,11772500
France,FRA,2015,11847000
France,FRA,2016,11663000
France,FRA,2017,11842000
France,FRA,2018,11064000
France,FRA,2019,11261200
French Guiana,GUF,2001,30000
French Guiana,GUF,2002,24000
French Guiana,GUF,2005,48000
French Guiana,GUF,2007,67000
French Guiana,GUF,2009,37000
French Guiana,GUF,2015,34700
French Guiana,GUF,2016,38200
French Guiana,GUF,2017,44300
French Polynesia,PYF,1995,8000
French Polynesia,PYF,1996,7000
French Polynesia,PYF,1997,12000
French Polynesia,PYF,1998,10000
French Polynesia,PYF,2001,10000
French Polynesia,PYF,2002,12000
French Polynesia,PYF,2003,14000
French Polynesia,PYF,2004,13000
French Polynesia,PYF,2005,13000
French Polynesia,PYF,2006,14000
French Polynesia,PYF,2007,12000
French Polynesia,PYF,2008,15000
French Polynesia,PYF,2009,13000
French Polynesia,PYF,2010,12000
French Polynesia,PYF,2011,12000
French Polynesia,PYF,2012,12000
French Polynesia,PYF,2013,11000
French Polynesia,PYF,2014,13500
French Polynesia,PYF,2015,12700
French Polynesia,PYF,2016,18000
French Polynesia,PYF,2017,13000
French Polynesia,PYF,2018,12000
French Polynesia,PYF,2019,14300
French Polynesia,PYF,2020,5500
French Polynesia,PYF,2021,6400
Gabon,GAB,1995,34000
Gabon,GAB,1996,23000
Gabon,GAB,1997,33000
Gabon,GAB,1998,44000
Gabon,GAB,1999,41000
Gambia,GMB,2004,1000
Gambia,GMB,2005,5000
Gambia,GMB,2006,3000
Gambia,GMB,2007,2000
Gambia,GMB,2008,8000
Gambia,GMB,2009,41000
Gambia,GMB,2010,21000
Gambia,GMB,2011,21000
Gambia,GMB,2015,1300
Gambia,GMB,2016,1200
Gambia,GMB,2017,5600
Gambia,GMB,2018,9400
Gambia,GMB,2019,4000
Gambia,GMB,2021,6400
Georgia,GEO,2015,533700
Georgia,GEO,2016,545500
Georgia,GEO,2017,532100
Georgia,GEO,2018,623800
Georgia,GEO,2019,831500
Ghana,GHA,2000,145000
Ghana,GHA,2001,160000
Ghana,GHA,2002,176000
Ghana,GHA,2003,193000
Ghana,GHA,2004,213000
Ghana,GHA,2005,158000
Ghana,GHA,2006,189000
Ghana,GHA,2007,258000
Ghana,GHA,2008,279000
Ghana,GHA,2009,321000
Ghana,GHA,2016,485900
Ghana,GHA,2017,685200
Ghana,GHA,2018,624500
Ghana,GHA,2019,621700
Ghana,GHA,2020,196400
Ghana,GHA,2021,276800
Greece,GRC,1995,964000
Grenada,GRD,1995,10000
Grenada,GRD,1997,12000
Grenada,GRD,1998,13000
Grenada,GRD,2000,12000
Grenada,GRD,2001,12000
Grenada,GRD,2002,19000
Grenada,GRD,2003,22000
Grenada,GRD,2004,31000
Grenada,GRD,2005,19000
Grenada,GRD,2006,19000
Grenada,GRD,2007,26000
Grenada,GRD,2008,26000
Grenada,GRD,2009,19000
Grenada,GRD,2010,21000
Grenada,GRD,2011,20000
Grenada,GRD,2012,9800
Grenada,GRD,2013,7300
Grenada,GRD,2014,11900
Grenada,GRD,2015,11400
Grenada,GRD,2016,14800
Grenada,GRD,2017,12000
Grenada,GRD,2018,11300
Grenada,GRD,2019,10800
Grenada,GRD,2020,3000
Grenada,GRD,2021,2900
Guadeloupe,GLP,2010,23000
Guadeloupe,GLP,2011,25000
Guadeloupe,GLP,2013,24000
Guadeloupe,GLP,2014,78000
Guadeloupe,GLP,2015,77000
Guam,GUM,1997,26000
Guam,GUM,1998,23000
Guam,GUM,1999,21000
Guam,GUM,2000,20000
Guam,GUM,2001,18000
Guam,GUM,2002,17000
Guam,GUM,2003,17000
Guam,GUM,2004,31000
Guam,GUM,2005,37000
Guam,GUM,2006,35000
Guam,GUM,2007,36000
Guam,GUM,2008,31000
Guam,GUM,2009,37000
Guam,GUM,2010,42000
Guam,GUM,2011,39000
Guam,GUM,2012,44000
Guam,GUM,2013,42000
Guam,GUM,2014,45000
Guam,GUM,2015,42000
Guam,GUM,2016,53400
Guam,GUM,2017,69700
Guam,GUM,2018,46800
Guam,GUM,2019,51200
Guam,GUM,2020,9800
Guam,GUM,2021,13500
Guatemala,GTM,1995,175000
Guatemala,GTM,1996,161000
Guatemala,GTM,1997,179000
Guatemala,GTM,2006,315000
Guatemala,GTM,2007,342000
Guatemala,GTM,2008,395000
Guatemala,GTM,2009,245300
Guatemala,GTM,2010,282300
Guatemala,GTM,2011,283100
Guatemala,GTM,2012,294900
Guatemala,GTM,2013,298700
Guatemala,GTM,2014,337100
Guatemala,GTM,2015,395400
Guatemala,GTM,2016,236900
Guatemala,GTM,2017,301700
Guatemala,GTM,2018,338800
Guatemala,GTM,2019,356400
Guatemala,GTM,2020,84700
Guatemala,GTM,2021,134400
Guinea,GIN,1998,19000
Guinea,GIN,1999,14000
Guinea,GIN,2000,16000
Guinea,GIN,2001,18000
Guinea,GIN,2002,20000
Guinea,GIN,2003,20000
Guinea,GIN,2004,19000
Guinea,GIN,2005,20000
Guinea,GIN,2006,20000
Guinea,GIN,2007,12000
Guinea,GIN,2008,9700
Guinea,GIN,2010,6900
Guinea,GIN,2011,54800
Guinea,GIN,2012,38400
Guinea,GIN,2013,28600
Guinea,GIN,2014,15600
Guinea,GIN,2015,18200
Guinea,GIN,2016,33000
Guinea,GIN,2017,52000
Guinea-Bissau,GNB,2001,3200
Guinea-Bissau,GNB,2005,1800
Guinea-Bissau,GNB,2006,4400
Guyana,GUY,1995,5000
Guyana,GUY,1996,2000
Guyana,GUY,1997,2000
Guyana,GUY,2010,19600
Guyana,GUY,2011,18700
Guyana,GUY,2012,18200
Guyana,GUY,2013,20700
Guyana,GUY,2014,23200
Guyana,GUY,2015,27100
Guyana,GUY,2016,30000
Guyana,GUY,2017,31500
Guyana,GUY,2018,35600
Guyana,GUY,2019,46600
Guyana,GUY,2020,15700
Guyana,GUY,2021,27200
Haiti,HTI,1995,26000
Haiti,HTI,1997,27000
Haiti,HTI,1998,27000
Haiti,HTI,1999,26000
Haiti,HTI,2003,18000
Haiti,HTI,2004,14000
Haiti,HTI,2005,22000
Haiti,HTI,2006,22000
Haiti,HTI,2007,77000
Haiti,HTI,2008,20000
Haiti,HTI,2009,61000
Haiti,HTI,2010,44000
Haiti,HTI,2011,45000
Haiti,HTI,2013,53000
Haiti,HTI,2014,51300
Haiti,HTI,2015,53000
Haiti,HTI,2016,41500
Haiti,HTI,2017,39400
Haiti,HTI,2018,30500
Haiti,HTI,2019,16700
Haiti,HTI,2020,10000
Haiti,HTI,2021,9300
Honduras,HND,1995,50000
Honduras,HND,1996,59000
Honduras,HND,1997,46000
Honduras,HND,1998,56000
Honduras,HND,1999,65000
Honduras,HND,2000,69000
Honduras,HND,2001,69000
Honduras,HND,2002,83000
Honduras,HND,2003,93000
Honduras,HND,2004,97000
Honduras,HND,2005,102000
Honduras,HND,2006,136000
Honduras,HND,2007,261000
Honduras,HND,2008,286000
Honduras,HND,2009,289000
Honduras,HND,2010,236000
Honduras,HND,2011,210000
Honduras,HND,2012,248000
Honduras,HND,2013,179000
Honduras,HND,2014,211000
Honduras,HND,2015,183400
Honduras,HND,2016,159300
Honduras,HND,2017,159300
Honduras,HND,2018,143000
Honduras,HND,2019,102700
Honduras,HND,2020,20200
Honduras,HND,2021,38700
Hong Kong,HKG,2004,3407000
Hong Kong,HKG,2005,3572000
Hong Kong,HKG,2006,3862000
Hong Kong,HKG,2007,3516000
Hong Kong,HKG,2008,3630000
Hong Kong,HKG,2009,3071000
Hong Kong,HKG,2010,3424000
Hong Kong,HKG,2011,3563000
Hong Kong,HKG,2012,3585000
Hong Kong,HKG,2013,3567000
Hong Kong,HKG,2014,3830000
Hong Kong,HKG,2015,3995700
Hong Kong,HKG,2016,4041300
Hong Kong,HKG,2017,3949000
Hong Kong,HKG,2018,3936500
Hong Kong,HKG,2019,3033100
Hungary,HUN,2004,1569000
Hungary,HUN,2005,1740000
Hungary,HUN,2006,1710000
Hungary,HUN,2007,1624000
Hungary,HUN,2008,1850000
Hungary,HUN,2009,1594000
Hungary,HUN,2010,1635000
Hungary,HUN,2011,1422000
Hungary,HUN,2012,1390000
Hungary,HUN,2013,1327000
Hungary,HUN,2014,1204000
Hungary,HUN,2015,1329000
Hungary,HUN,2016,1304000
Hungary,HUN,2017,1189500
Hungary,HUN,2018,1270400
Hungary,HUN,2019,1642000
Hungary,HUN,2020,1450429
Hungary,HUN,2021,2335400
India,IND,1995,144000
India,IND,1996,169000
India,IND,1997,154000
India,IND,1998,108000
India,IND,1999,110000
India,IND,2000,110000
India,IND,2001,78000
India,IND,2002,112000
India,IND,2003,188000
India,IND,2004,100000
India,IND,2005,133000
India,IND,2006,88000
India,IND,2007,275000
India,IND,2008,1558000
India,IND,2009,901000
India,IND,2010,861000
India,IND,2011,1419000
India,IND,2012,1480000
India,IND,2013,1693000
India,IND,2014,1144000
India,IND,2016,1371700
India,IND,2017,1364900
India,IND,2018,1719400
India,IND,2019,1605700
India,IND,2020,320600
India,IND,2021,189600
Indonesia,IDN,1995,1367000
Indonesia,IDN,1996,2116000
Indonesia,IDN,1997,2454000
Indonesia,IDN,1998,1599000
Indonesia,IDN,1999,1899000
Indonesia,IDN,2000,2093000
Indonesia,IDN,2001,2196000
Indonesia,IDN,2002,2056000
Indonesia,IDN,2003,1914000
Indonesia,IDN,2004,2191000
Indonesia,IDN,2005,2063000
Indonesia,IDN,2006,2011000
Indonesia,IDN,2007,2161000
Indonesia,IDN,2008,2433000
Indonesia,IDN,2009,2317000
Indonesia,IDN,2010,2570000
Indonesia,IDN,2011,2746000
Indonesia,IDN,2012,2784000
Indonesia,IDN,2013,3081000
Indonesia,IDN,2014,3162900
Indonesia,IDN,2015,3474100
Indonesia,IDN,2016,3863600
Indonesia,IDN,2017,3067700
Indonesia,IDN,2018,3454600
Indonesia,IDN,2019,3519400
Indonesia,IDN,2020,2551700
Indonesia,IDN,2021,716500
Iran,IRN,2016,16100
Ireland,IRL,1995,876000
Ireland,IRL,1996,1213000
Ireland,IRL,1997,1304000
Ireland,IRL,1998,1604000
Ireland,IRL,1999,1740000
Ireland,IRL,2000,1829000
Ireland,IRL,2001,878000
Ireland,IRL,2002,838000
Ireland,IRL,2003,815000
Ireland,IRL,2004,890000
Ireland,IRL,2005,910000
Ireland,IRL,2006,1026000
Ireland,IRL,2007,1108000
Ireland,IRL,2008,1207000
Ireland,IRL,2009,964000
Ireland,IRL,2010,1018000
Ireland,IRL,2011,1082000
Ireland,IRL,2012,1140000
Ireland,IRL,2013,1220000
Ireland,IRL,2014,1301000
Ireland,IRL,2015,1378000
Ireland,IRL,2016,1395000
Ireland,IRL,2017,1401000
Ireland,IRL,2018,1358000
Ireland,IRL,2019,1464000
Israel,ISR,1995,354000
Israel,ISR,1996,420000
Israel,ISR,1997,411000
Israel,ISR,1998,387000
Israel,ISR,1999,370000
Israel,ISR,2000,266000
Israel,ISR,2001,227000
Israel,ISR,2002,164000
Israel,ISR,2003,213000
Israel,ISR,2004,286000
Israel,ISR,2005,312000
Israel,ISR,2006,237000
Israel,ISR,2007,227000
Israel,ISR,2008,334000
Israel,ISR,2009,348000
Israel,ISR,2010,348000
Israel,ISR,2011,395000
Israel,ISR,2012,433000
Israel,ISR,2013,355000
Israel,ISR,2014,378000
Israel,ISR,2015,364000
Israel,ISR,2016,325000
Israel,ISR,2017,404700
Israel,ISR,2018,412100
Israel,ISR,2019,450600
Italy,ITA,1996,6994000
Italy,ITA,1997,8484000
Italy,ITA,1998,8922000
Italy,ITA,1999,8241000
Italy,ITA,2000,9741000
Italy,ITA,2001,9801000
Italy,ITA,2002,10630000
Italy,ITA,2003,9754000
Italy,ITA,2004,8597000
Italy,ITA,2005,9190000
Italy,ITA,2006,10833000
Italy,ITA,2007,11992000
Italy,ITA,2008,12392000
Italy,ITA,2009,13445000
Italy,ITA,2010,13530000
Italy,ITA,2011,13908000
Italy,ITA,2012,14522000
Italy,ITA,2013,14186000
Italy,ITA,2014,13636000
Italy,ITA,2015,13321000
Italy,ITA,2016,14649000
Italy,ITA,2017,14537000
Italy,ITA,2018,14377600
Italy,ITA,2019,14875200
Italy,ITA,2020,8656000
Italy,ITA,2021,10137000
Jamaica,JAM,1995,62000
Jamaica,JAM,1996,63000
Jamaica,JAM,1997,64000
Jamaica,JAM,1998,68000
Jamaica,JAM,1999,68000
Jamaica,JAM,2000,67000
Jamaica,JAM,2001,68000
Jamaica,JAM,2002,73000
Jamaica,JAM,2003,71000
Jamaica,JAM,2004,78000
Jamaica,JAM,2005,84000
Jamaica,JAM,2006,101000
Jamaica,JAM,2007,104000
Jamaica,JAM,2008,109000
Jamaica,JAM,2009,101000
Jamaica,JAM,2010,103000
Jamaica,JAM,2011,106000
Jamaica,JAM,2012,100000
Jamaica,JAM,2013,96400
Jamaica,JAM,2014,97000
Jamaica,JAM,2015,101000
Jamaica,JAM,2016,98400
Jamaica,JAM,2017,92100
Jamaica,JAM,2018,91600
Jamaica,JAM,2019,94000
Jamaica,JAM,2020,33500
Jamaica,JAM,2021,14500
Japan,JPN,1995,1048000
Japan,JPN,1996,1126000
Japan,JPN,1997,1202000
Japan,JPN,1998,1105000
Japan,JPN,1999,1187000
Japan,JPN,2000,1293000
Japan,JPN,2001,1236000
Japan,JPN,2002,1287000
Japan,JPN,2003,1281000
Japan,JPN,2004,1383000
Japan,JPN,2005,1477000
Japan,JPN,2006,1523000
Japan,JPN,2007,1576000
Japan,JPN,2008,1455000
Japan,JPN,2009,1193000
Japan,JPN,2010,1395000
Japan,JPN,2011,1244000
Japan,JPN,2012,1443000
Japan,JPN,2013,1465000
Japan,JPN,2014,1537100
Japan,JPN,2015,1641000
Japan,JPN,2016,1701900
Japan,JPN,2017,1782700
Japan,JPN,2018,1795200
Japan,JPN,2019,1757400
Japan,JPN,2020,216000
Japan,JPN,2021,18300
Jordan,JOR,2005,351000
Jordan,JOR,2006,362000
Jordan,JOR,2007,368000
Jordan,JOR,2008,397000
Jordan,JOR,2009,400000
Jordan,JOR,2010,299000
Jordan,JOR,2011,281000
Jordan,JOR,2012,296000
Jordan,JOR,2013,298000
Jordan,JOR,2014,254500
Jordan,JOR,2015,267300
Jordan,JOR,2016,453000
Jordan,JOR,2017,488100
Jordan,JOR,2018,527100
Jordan,JOR,2019,570000
Jordan,JOR,2020,135500
Jordan,JOR,2021,255500
Kazakhstan,KAZ,2002,646000
Kazakhstan,KAZ,2003,634000
Kazakhstan,KAZ,2004,825000
Kazakhstan,KAZ,2005,893000
Kazakhstan,KAZ,2006,1023000
Kazakhstan,KAZ,2007,1260000
Kazakhstan,KAZ,2008,1194000
Kazakhstan,KAZ,2009,1095000
Kazakhstan,KAZ,2010,1188000
Kazakhstan,KAZ,2011,239400
Kazakhstan,KAZ,2012,276800
Kazakhstan,KAZ,2013,1095600
Kazakhstan,KAZ,2014,1178900
Kazakhstan,KAZ,2015,1044699.94
Kazakhstan,KAZ,2016,1096900
Kazakhstan,KAZ,2017,1186500
Kazakhstan,KAZ,2018,1223300
Kazakhstan,KAZ,2019,1453400
Kazakhstan,KAZ,2020,743200
Kazakhstan,KAZ,2021,719800
Kenya,KEN,1995,101000
Kenya,KEN,1996,104000
Kenya,KEN,1997,102000
Kenya,KEN,1998,87000
Kenya,KEN,1999,94000
Kenya,KEN,2000,98000
Kenya,KEN,2001,92000
Kenya,KEN,2002,86000
Kenya,KEN,2003,182000
Kenya,KEN,2004,246000
Kenya,KEN,2005,206000
Kenya,KEN,2006,226000
Kenya,KEN,2007,242000
Kenya,KEN,2008,109000
Kenya,KEN,2009,180000
Kenya,KEN,2010,266000
Kenya,KEN,2011,310400
Kenya,KEN,2012,291000
Kenya,KEN,2013,258799.98
Kenya,KEN,2014,228700
Kenya,KEN,2015,159000
Kenya,KEN,2016,180000
Kenya,KEN,2017,198700
Kenya,KEN,2021,248900
Kiribati,KIR,1995,1200
Kiribati,KIR,1996,1200
Kiribati,KIR,1997,1600
Kiribati,KIR,1998,1800
Kiribati,KIR,1999,1700
Kiribati,KIR,2000,2200
Kiribati,KIR,2001,1900
Kiribati,KIR,2002,1600
Kiribati,KIR,2003,1600
Kiribati,KIR,2004,1700
Kiribati,KIR,2005,2000
Kiribati,KIR,2006,900
Kiribati,KIR,2007,1400
Kiribati,KIR,2008,1200
Kiribati,KIR,2009,1700
Kiribati,KIR,2010,2300
Kiribati,KIR,2011,2000
Kiribati,KIR,2012,1700
Kiribati,KIR,2013,2200
Kiribati,KIR,2014,1900
Kiribati,KIR,2015,1400
Kiribati,KIR,2016,2300
Kiribati,KIR,2017,1800
Kiribati,KIR,2018,2900
Kiribati,KIR,2019,3300
Kiribati,KIR,2020,500
Kiribati,KIR,2021,60
Kuwait,KWT,1997,50600
Kuwait,KWT,1998,43300
Kuwait,KWT,1999,30000
Kuwait,KWT,2000,36600
Kuwait,KWT,2001,46600
Kuwait,KWT,2002,33700
Kuwait,KWT,2003,17900
Kuwait,KWT,2004,2300
Kuwait,KWT,2005,10000
Kuwait,KWT,2006,16000
Kuwait,KWT,2007,21000
Kuwait,KWT,2008,15000
Kuwait,KWT,2009,14000
Kuwait,KWT,2010,9000
Kuwait,KWT,2011,10000
Kuwait,KWT,2012,11000
Kuwait,KWT,2013,43100
Kuwait,KWT,2014,10000
Kuwait,KWT,2015,52000
Kuwait,KWT,2016,45000
Kuwait,KWT,2017,44900
Kuwait,KWT,2018,44100
Kuwait,KWT,2019,37000
Kuwait,KWT,2020,15400
Kuwait,KWT,2021,20600
Kyrgyzstan,KGZ,1998,51000
Kyrgyzstan,KGZ,1999,27000
Kyrgyzstan,KGZ,2000,25000
Kyrgyzstan,KGZ,2001,28000
Laos,LAO,1996,137000
Laos,LAO,1997,129000
Laos,LAO,1998,140000
Laos,LAO,2001,80000
Laos,LAO,2003,89000
Laos,LAO,2004,54000
Laos,LAO,2005,66000
Laos,LAO,2006,219000
Laos,LAO,2007,179000
Laos,LAO,2008,278000
Laos,LAO,2009,301000
Laos,LAO,2010,452000
Laos,LAO,2011,133000
Laos,LAO,2012,249000
Laos,LAO,2013,329000
Laos,LAO,2014,258000
Laos,LAO,2015,276000
Laos,LAO,2016,466300
Laos,LAO,2017,622900
Laos,LAO,2018,489800
Laos,LAO,2019,689900
Latvia,LVA,1996,392000
Latvia,LVA,1997,398000
Latvia,LVA,1998,405000
Latvia,LVA,1999,336000
Latvia,LVA,2000,430000
Latvia,LVA,2001,434000
Latvia,LVA,2002,458000
Latvia,LVA,2003,409000
Latvia,LVA,2004,466000
Latvia,LVA,2005,441000
Latvia,LVA,2006,596000
Latvia,LVA,2007,724000
Latvia,LVA,2008,878000
Latvia,LVA,2009,651000
Latvia,LVA,2010,707000
Latvia,LVA,2011,797000
Latvia,LVA,2012,750100
Latvia,LVA,2013,715400
Latvia,LVA,2014,742500
Latvia,LVA,2015,819000
Latvia,LVA,2016,708200
Latvia,LVA,2017,761500
Latvia,LVA,2018,694000
Latvia,LVA,2019,710800
Latvia,LVA,2020,339800
Latvia,LVA,2021,161000
Lesotho,LSO,1995,26000
Lesotho,LSO,1996,71000
Lesotho,LSO,1997,53000
Lesotho,LSO,1998,46000
Lesotho,LSO,1999,46000
Lesotho,LSO,2000,45000
Lesotho,LSO,2001,44000
Lesotho,LSO,2002,43000
Lesotho,LSO,2003,54000
Lesotho,LSO,2004,57000
Lesotho,LSO,2005,60000
Lesotho,LSO,2007,46000
Lesotho,LSO,2008,39000
Lesotho,LSO,2009,40000
Lesotho,LSO,2010,52000
Lesotho,LSO,2011,51000
Lesotho,LSO,2012,50000
Lesotho,LSO,2013,46000
Lesotho,LSO,2016,287600
Libya,LBY,1995,966000
Libya,LBY,1996,826000
Libya,LBY,1997,627000
Libya,LBY,1998,594000
Libya,LBY,1999,51000
Libya,LBY,2000,50000
Libya,LBY,2001,58000
Libya,LBY,2002,38000
Libya,LBY,2003,40000
Lithuania,LTU,1996,357000
Lithuania,LTU,1997,348000
Lithuania,LTU,1998,294000
Lithuania,LTU,1999,336000
Lithuania,LTU,2000,337000
Lithuania,LTU,2001,272000
Lithuania,LTU,2002,326000
Lithuania,LTU,2003,335000
Lithuania,LTU,2004,408000
Lithuania,LTU,2005,500000
Lithuania,LTU,2006,540000
Lithuania,LTU,2007,424000
Lithuania,LTU,2008,560000
Lithuania,LTU,2009,485000
Lithuania,LTU,2010,455000
Lithuania,LTU,2011,527000
Lithuania,LTU,2012,547000
Lithuania,LTU,2013,577000
Lithuania,LTU,2014,610000
Lithuania,LTU,2015,616000
Lithuania,LTU,2016,639000
Lithuania,LTU,2017,716200
Lithuania,LTU,2018,788400
Lithuania,LTU,2019,728000
Lithuania,LTU,2020,212000
Lithuania,LTU,2021,212800
Luxembourg,LUX,2011,157000
Luxembourg,LUX,2012,190000
Luxembourg,LUX,2013,200300
Luxembourg,LUX,2014,239000
Luxembourg,LUX,2015,246000
Madagascar,MDG,1995,22000
Madagascar,MDG,1996,24000
Madagascar,MDG,1997,29000
Madagascar,MDG,1998,35000
Madagascar,MDG,1999,40000
Madagascar,MDG,2000,29000
Madagascar,MDG,2001,41000
Madagascar,MDG,2002,15000
Madagascar,MDG,2003,25000
Madagascar,MDG,2004,71000
Madagascar,MDG,2005,80000
Madagascar,MDG,2006,90000
Madagascar,MDG,2007,99000
Madagascar,MDG,2008,108000
Madagascar,MDG,2009,33000
Madagascar,MDG,2010,35000
Madagascar,MDG,2011,40000
Madagascar,MDG,2012,46100
Madagascar,MDG,2013,37000
Madagascar,MDG,2014,40500
Madagascar,MDG,2015,52800
Madagascar,MDG,2016,58500
Madagascar,MDG,2017,40800
Madagascar,MDG,2018,33400
Madagascar,MDG,2019,40400
Madagascar,MDG,2020,3300
Madagascar,MDG,2021,582
Malawi,MWI,1995,83000
Malawi,MWI,1996,84000
Malawi,MWI,1997,89000
Malawi,MWI,1998,106000
Malawi,MWI,1999,122000
Malawi,MWI,2000,124000
Malawi,MWI,2001,144000
Malawi,MWI,2002,206000
Malawi,MWI,2003,209000
Malawi,MWI,2004,208000
Malawi,MWI,2005,227000
Malawi,MWI,2006,312000
Malawi,MWI,2007,305000
Malawi,MWI,2008,372000
Malawi,MWI,2009,382000
Malawi,MWI,2010,435000
Malawi,MWI,2011,460000
Malawi,MWI,2012,486800
Malawi,MWI,2013,474600
Malawi,MWI,2014,579100
Malawi,MWI,2015,589100
Malawi,MWI,2016,613100
Malawi,MWI,2017,573200
Malawi,MWI,2018,596300
Malawi,MWI,2019,421000
Malawi,MWI,2020,159000
Malawi,MWI,2021,305000
Malaysia,MYS,1995,684000
Malaysia,MYS,1996,576000
Malaysia,MYS,1997,505000
Malaysia,MYS,1998,559000
Malaysia,MYS,1999,713000
Malaysia,MYS,2000,1055000
Malaysia,MYS,2001,1532000
Malaysia,MYS,2002,2160000
Malaysia,MYS,2003,1629000
Malaysia,MYS,2004,2168000
Malaysia,MYS,2005,2283000
Malaysia,MYS,2006,2304000
Malaysia,MYS,2007,2987000
Malaysia,MYS,2008,3131000
Mali,MLI,2008,74300
Mali,MLI,2009,96000
Mali,MLI,2010,62000
Mali,MLI,2011,70000
Mali,MLI,2012,42000
Mali,MLI,2013,49000
Mali,MLI,2014,49500
Mali,MLI,2015,45300
Mali,MLI,2016,9700
Mali,MLI,2017,55600
Mali,MLI,2019,62000
Mali,MLI,2020,5800
Mali,MLI,2021,8800
Malta,MLT,2003,88000
Malta,MLT,2004,87000
Malta,MLT,2005,95000
Malta,MLT,2006,102000
Malta,MLT,2007,99000
Malta,MLT,2008,112000
Malta,MLT,2009,109000
Malta,MLT,2010,118000
Malta,MLT,2011,118000
Malta,MLT,2012,115000
Malta,MLT,2013,118000
Malta,MLT,2014,130200
Malta,MLT,2015,126900
Malta,MLT,2016,136800
Malta,MLT,2017,180600
Malta,MLT,2018,180300
Malta,MLT,2019,189100
Malta,MLT,2020,50100
Malta,MLT,2021,62800
Marshall Islands,MHL,1995,2100
Marshall Islands,MHL,1996,2500
Marshall Islands,MHL,1997,2500
Marshall Islands,MHL,1998,1900
Marshall Islands,MHL,1999,2000
Marshall Islands,MHL,2000,2300
Marshall Islands,MHL,2001,1900
Marshall Islands,MHL,2002,2200
Marshall Islands,MHL,2003,2200
Marshall Islands,MHL,2004,3000
Marshall Islands,MHL,2005,3100
Marshall Islands,MHL,2006,2000
Marshall Islands,MHL,2007,2300
Marshall Islands,MHL,2008,2100
Marshall Islands,MHL,2009,2100
Marshall Islands,MHL,2010,2300
Marshall Islands,MHL,2011,2100
Marshall Islands,MHL,2014,1300
Marshall Islands,MHL,2015,2300
Marshall Islands,MHL,2016,2200
Marshall Islands,MHL,2017,2600
Martinique,MTQ,1995,45000
Martinique,MTQ,1996,51000
Martinique,MTQ,1997,74000
Martinique,MTQ,1998,64000
Martinique,MTQ,1999,76000
Martinique,MTQ,2000,74000
Martinique,MTQ,2001,66000
Martinique,MTQ,2002,44000
Martinique,MTQ,2003,53000
Martinique,MTQ,2004,61000
Martinique,MTQ,2005,79000
Martinique,MTQ,2006,58000
Martinique,MTQ,2007,80000
Martinique,MTQ,2008,72000
Martinique,MTQ,2009,65000
Martinique,MTQ,2010,57000
Martinique,MTQ,2011,40000
Martinique,MTQ,2012,56000
Martinique,MTQ,2013,39000
Martinique,MTQ,2014,56400
Martinique,MTQ,2017,81400
Martinique,MTQ,2018,79100
Martinique,MTQ,2019,64199.996
Martinique,MTQ,2020,46800
Martinique,MTQ,2021,44200
Mauritius,MUS,1995,17100
Mauritius,MUS,1996,20700
Mauritius,MUS,1997,23400
Mauritius,MUS,1998,24600
Mauritius,MUS,1999,26900
Mauritius,MUS,2000,27000
Mauritius,MUS,2001,26500
Mauritius,MUS,2002,28600
Mauritius,MUS,2003,31200
Mauritius,MUS,2004,30400
Mauritius,MUS,2005,30200
Mauritius,MUS,2006,32500
Mauritius,MUS,2007,34600
Mauritius,MUS,2008,37500
Mauritius,MUS,2009,29000
Mauritius,MUS,2010,36100
Mauritius,MUS,2011,40700
Mauritius,MUS,2012,42600
Mauritius,MUS,2013,43400
Mauritius,MUS,2014,44800
Mauritius,MUS,2015,48300
Mauritius,MUS,2016,50400
Mauritius,MUS,2017,52500
Mauritius,MUS,2018,58473
Mauritius,MUS,2019,56000
Mauritius,MUS,2020,10700
Mauritius,MUS,2021,6800
Mexico,MEX,1995,700000
Mexico,MEX,1996,802000
Mexico,MEX,1997,774000
Mexico,MEX,1998,545000
Mexico,MEX,1999,523000
Mexico,MEX,2000,584000
Mexico,MEX,2001,609000
Mexico,MEX,2002,632000
Mexico,MEX,2003,539000
Mexico,MEX,2004,586000
Mexico,MEX,2005,786000
Mexico,MEX,2006,775000
Mexico,MEX,2007,864000
Mexico,MEX,2008,792000
Mexico,MEX,2009,683000
Mexico,MEX,2010,809000
Mexico,MEX,2011,835000
Mexico,MEX,2012,931000
Mexico,MEX,2013,1064000
Mexico,MEX,2014,1254000
Mexico,MEX,2015,1391000
Mexico,MEX,2016,1628000
Mexico,MEX,2017,1935700
Mexico,MEX,2018,2002400
Mexico,MEX,2019,1890700
Mexico,MEX,2020,498300
Mexico,MEX,2021,573600
Micronesia (country),FSM,1996,2000
Micronesia (country),FSM,1997,2000
Micronesia (country),FSM,1998,2000
Micronesia (country),FSM,1999,2000
Micronesia (country),FSM,2000,3000
Micronesia (country),FSM,2001,2700
Micronesia (country),FSM,2002,3700
Micronesia (country),FSM,2003,3800
Micronesia (country),FSM,2004,4400
Micronesia (country),FSM,2005,4300
Micronesia (country),FSM,2006,4500
Micronesia (country),FSM,2007,5500
Micronesia (country),FSM,2008,5100
Micronesia (country),FSM,2009,5200
Micronesia (country),FSM,2010,5800
Micronesia (country),FSM,2011,6200
Micronesia (country),FSM,2012,5800
Micronesia (country),FSM,2013,5700
Micronesia (country),FSM,2014,5400
Micronesia (country),FSM,2015,6000
Micronesia (country),FSM,2016,6200
Micronesia (country),FSM,2018,7000
Monaco,MCO,1995,76000
Monaco,MCO,1996,65000
Monaco,MCO,1997,85000
Monaco,MCO,1998,84000
Monaco,MCO,1999,77000
Monaco,MCO,2000,104000
Monaco,MCO,2001,82000
Monaco,MCO,2002,79000
Monaco,MCO,2003,57000
Monaco,MCO,2004,59000
Monaco,MCO,2005,67000
Monaco,MCO,2006,69000
Monaco,MCO,2007,77000
Monaco,MCO,2008,73000
Monaco,MCO,2009,52000
Monaco,MCO,2010,59000
Monaco,MCO,2011,60000
Monaco,MCO,2012,57000
Monaco,MCO,2013,60000
Monaco,MCO,2014,57000
Monaco,MCO,2015,73000
Monaco,MCO,2016,77200
Monaco,MCO,2017,87500
Monaco,MCO,2018,90200
Monaco,MCO,2019,98000
Monaco,MCO,2020,23900
Monaco,MCO,2021,30600
Mongolia,MNG,1999,18300
Mongolia,MNG,2000,17800
Mongolia,MNG,2001,21500
Mongolia,MNG,2002,27600
Mongolia,MNG,2003,38700
Mongolia,MNG,2004,72800
Mongolia,MNG,2005,86000
Mongolia,MNG,2006,82600
Mongolia,MNG,2007,103000
Mongolia,MNG,2008,85400
Mongolia,MNG,2009,88200
Mongolia,MNG,2010,119800
Mongolia,MNG,2011,137400
Mongolia,MNG,2012,154800
Mongolia,MNG,2013,137400
Mongolia,MNG,2014,131500
Mongolia,MNG,2015,94500
Mongolia,MNG,2016,79400
Mongolia,MNG,2017,53900
Mongolia,MNG,2018,54400
Mongolia,MNG,2019,52700
Mongolia,MNG,2020,19700
Mongolia,MNG,2021,10900
Montserrat,MSR,1995,4000
Montserrat,MSR,1996,2000
Montserrat,MSR,1997,1000
Montserrat,MSR,2001,1800
Montserrat,MSR,2002,1500
Montserrat,MSR,2003,1400
Montserrat,MSR,2004,1800
Montserrat,MSR,2005,1900
Montserrat,MSR,2006,1300
Montserrat,MSR,2007,1500
Montserrat,MSR,2008,1900
Montserrat,MSR,2009,1500
Montserrat,MSR,2010,1400
Montserrat,MSR,2011,1400
Montserrat,MSR,2012,1100
Montserrat,MSR,2013,1200
Montserrat,MSR,2014,1100
Montserrat,MSR,2015,1100
Montserrat,MSR,2016,1300
Montserrat,MSR,2017,1400
Montserrat,MSR,2018,1200
Montserrat,MSR,2019,1000
Montserrat,MSR,2020,300
Montserrat,MSR,2021,230
Morocco,MAR,1995,208000
Morocco,MAR,1996,216000
Morocco,MAR,1997,246000
Morocco,MAR,1998,248000
Morocco,MAR,1999,305000
Morocco,MAR,2000,287000
Morocco,MAR,2001,293000
Morocco,MAR,2002,106000
Morocco,MAR,2003,110000
Morocco,MAR,2004,130000
Morocco,MAR,2005,143000
Morocco,MAR,2006,165000
Morocco,MAR,2009,459000
Morocco,MAR,2010,397000
Morocco,MAR,2011,259000
Morocco,MAR,2013,499200
Morocco,MAR,2014,517200
Morocco,MAR,2015,750400
Morocco,MAR,2016,746200
Morocco,MAR,2017,1262800
Morocco,MAR,2018,1346300
Morocco,MAR,2019,1416800
Mozambique,MOZ,2001,144000
Mozambique,MOZ,2002,210000
Mozambique,MOZ,2003,187000
Mozambique,MOZ,2004,254000
Mozambique,MOZ,2005,275000
Mozambique,MOZ,2006,310000
Mozambique,MOZ,2007,351000
Mozambique,MOZ,2008,214000
Mozambique,MOZ,2009,431000
Mozambique,MOZ,2010,405000
Mozambique,MOZ,2011,618000
Mozambique,MOZ,2012,437000
Mozambique,MOZ,2013,311700
Mozambique,MOZ,2014,264000
Mozambique,MOZ,2015,191000
Mozambique,MOZ,2016,184300
Mozambique,MOZ,2017,162600
Mozambique,MOZ,2018,308300
Mozambique,MOZ,2019,202400
Mozambique,MOZ,2020,108000
Mozambique,MOZ,2021,51500
Myanmar,MMR,1995,39000
Myanmar,MMR,1996,43000
Myanmar,MMR,1997,42000
Myanmar,MMR,1998,35000
Myanmar,MMR,1999,37000
Myanmar,MMR,2000,37000
Myanmar,MMR,2001,37000
Myanmar,MMR,2002,37000
Myanmar,MMR,2003,44000
Myanmar,MMR,2004,40000
Myanmar,MMR,2005,36000
Myanmar,MMR,2006,36000
Myanmar,MMR,2007,35000
Myanmar,MMR,2008,39000
Myanmar,MMR,2009,48000
Myanmar,MMR,2010,57000
Myanmar,MMR,2011,83000
Myanmar,MMR,2012,131000
Myanmar,MMR,2013,171000
Myanmar,MMR,2014,214800
Myanmar,MMR,2015,213100
Myanmar,MMR,2016,245100
Myanmar,MMR,2017,242400
Myanmar,MMR,2018,249100
Myanmar,MMR,2019,281900
Myanmar,MMR,2020,74300
Myanmar,MMR,2021,12500
Namibia,NAM,1996,64000
Namibia,NAM,1997,70000
Namibia,NAM,1998,98000
Namibia,NAM,2001,150000
Namibia,NAM,2002,53000
Namibia,NAM,2003,98000
Namibia,NAM,2005,101000
Namibia,NAM,2006,102000
Namibia,NAM,2007,89000
Namibia,NAM,2010,141000
Namibia,NAM,2011,123000
Namibia,NAM,2012,148300
Namibia,NAM,2013,147000
Namibia,NAM,2014,167400
Namibia,NAM,2015,178700
Namibia,NAM,2016,223600
Namibia,NAM,2017,205800
Namibia,NAM,2018,191600
Namibia,NAM,2019,197100
Namibia,NAM,2020,33000
Namibia,NAM,2021,66300
Nepal,NPL,1995,47000
Nepal,NPL,1996,51000
Nepal,NPL,1997,57000
Nepal,NPL,1998,52000
Nepal,NPL,1999,54000
Nepal,NPL,2000,56000
Nepal,NPL,2001,37000
Nepal,NPL,2002,35000
Nepal,NPL,2003,41000
Nepal,NPL,2004,31000
Nepal,NPL,2005,39000
Nepal,NPL,2006,39000
Nepal,NPL,2007,54000
Nepal,NPL,2008,73000
Nepal,NPL,2009,57000
Nepal,NPL,2010,57000
Nepal,NPL,2011,53000
Nepal,NPL,2012,69000
Nepal,NPL,2013,86000
Nepal,NPL,2014,70000
Nepal,NPL,2015,51400
Nepal,NPL,2016,58400
Netherlands,NLD,1999,2946000
New Caledonia,NCL,1995,9000
New Caledonia,NCL,1996,9000
New Caledonia,NCL,1997,10000
New Caledonia,NCL,1998,11000
New Caledonia,NCL,1999,11000
New Caledonia,NCL,2000,13000
New Caledonia,NCL,2001,13000
New Caledonia,NCL,2002,15000
New Caledonia,NCL,2003,13000
New Caledonia,NCL,2004,11000
New Caledonia,NCL,2005,12000
New Caledonia,NCL,2006,14000
New Caledonia,NCL,2007,17000
New Caledonia,NCL,2008,20000
New Caledonia,NCL,2009,18000
New Caledonia,NCL,2010,19000
New Caledonia,NCL,2011,20000
New Caledonia,NCL,2012,18000
New Caledonia,NCL,2013,18000
New Caledonia,NCL,2014,15000
New Caledonia,NCL,2015,15000
New Caledonia,NCL,2016,13500
New Caledonia,NCL,2017,13800
New Caledonia,NCL,2018,13900
New Caledonia,NCL,2019,17100
New Caledonia,NCL,2020,3700
New Caledonia,NCL,2021,2400
New Zealand,NZL,1995,182000
New Zealand,NZL,1996,194000
New Zealand,NZL,1997,200000
New Zealand,NZL,1998,212000
New Zealand,NZL,1999,227000
New Zealand,NZL,2000,235000
New Zealand,NZL,2001,247000
New Zealand,NZL,2002,252000
New Zealand,NZL,2003,262000
New Zealand,NZL,2004,303000
New Zealand,NZL,2005,319000
New Zealand,NZL,2006,328000
New Zealand,NZL,2007,330000
New Zealand,NZL,2008,311600
New Zealand,NZL,2009,330000
New Zealand,NZL,2010,363000
New Zealand,NZL,2011,358000
New Zealand,NZL,2012,353000
New Zealand,NZL,2013,368000
New Zealand,NZL,2014,378000
New Zealand,NZL,2015,399000
New Zealand,NZL,2016,421700
New Zealand,NZL,2017,439100
New Zealand,NZL,2018,446400
New Zealand,NZL,2019,498600
New Zealand,NZL,2020,101800
New Zealand,NZL,2021,22400
Nicaragua,NIC,1995,159000
Nicaragua,NIC,1996,220000
Nicaragua,NIC,1997,248000
Nicaragua,NIC,1998,264000
Nicaragua,NIC,1999,307000
Nicaragua,NIC,2000,282000
Nicaragua,NIC,2001,298000
Nicaragua,NIC,2002,261000
Nicaragua,NIC,2003,322000
Nicaragua,NIC,2004,176000
Nicaragua,NIC,2005,138000
Nicaragua,NIC,2006,140000
Nicaragua,NIC,2007,144000
Nicaragua,NIC,2008,157000
Nicaragua,NIC,2009,140000
Nicaragua,NIC,2010,136000
Nicaragua,NIC,2011,124000
Nicaragua,NIC,2012,225000
Nicaragua,NIC,2013,269300
Nicaragua,NIC,2014,286000
Nicaragua,NIC,2015,284200
Nicaragua,NIC,2016,297900
Nicaragua,NIC,2017,415500
Nicaragua,NIC,2018,214700
Nicaragua,NIC,2019,221500
Nicaragua,NIC,2020,36600
Nicaragua,NIC,2021,23700
Niger,NER,1995,12000
Niger,NER,1996,8000
Niger,NER,1997,8000
Niger,NER,1998,22000
Niger,NER,1999,23000
Niger,NER,2000,27000
Niger,NER,2001,28000
Niger,NER,2002,21000
Niger,NER,2003,29000
Niger,NER,2004,31000
Niger,NER,2005,28000
Niger,NER,2006,31000
Niger,NER,2007,25000
Niger,NER,2008,37000
Niger,NER,2009,34000
Niger,NER,2010,38000
Niger,NER,2011,42000
Niger,NER,2012,48000
Niger,NER,2013,62600
Niger,NER,2014,67300
Niger,NER,2015,67300
Niger,NER,2016,76200
Niger,NER,2017,82200
Niger,NER,2018,78600
Niger,NER,2019,96100
Niger,NER,2020,42700
Nigeria,NGA,1996,411000
Nigeria,NGA,1997,306000
Nigeria,NGA,1998,369000
Nigeria,NGA,1999,388000
Nigeria,NGA,2000,407000
Nigeria,NGA,2001,426000
Nigeria,NGA,2002,445000
Nigeria,NGA,2003,464000
Nigeria,NGA,2004,483000
Nigeria,NGA,2005,507000
Nigeria,NGA,2006,1527000
Nigeria,NGA,2007,1872000
Nigeria,NGA,2008,2131000
Nigeria,NGA,2009,2042000
Nigeria,NGA,2010,3729000
Nigeria,NGA,2011,1788000
Nigeria,NGA,2012,2332600
Nigeria,NGA,2013,813400
Nigeria,NGA,2014,1564900
Nigeria,NGA,2015,1706000
Nigeria,NGA,2016,1594100
Niue,NIU,1995,500
Niue,NIU,1996,400
Niue,NIU,1997,500
Niue,NIU,1998,400
Niue,NIU,1999,500
Niue,NIU,2000,500
Niue,NIU,2001,300
Niue,NIU,2002,400
Niue,NIU,2003,400
Niue,NIU,2004,800
Niue,NIU,2005,700
Niue,NIU,2006,400
Niue,NIU,2007,400
Niue,NIU,2008,1100
Niue,NIU,2009,1000
Niue,NIU,2010,1200
Niue,NIU,2015,1100
Niue,NIU,2016,1200
Niue,NIU,2017,1200
Northern Mariana Islands,MNP,1995,7000
Northern Mariana Islands,MNP,1996,11000
Northern Mariana Islands,MNP,1997,8000
Northern Mariana Islands,MNP,1998,10000
Norway,NOR,1998,789000
Norway,NOR,1999,796000
Norway,NOR,2000,777000
Norway,NOR,2001,776000
Norway,NOR,2002,738000
Norway,NOR,2003,749000
Norway,NOR,2004,848000
Norway,NOR,2005,911000
Norway,NOR,2006,970000
Norway,NOR,2007,1082000
Norway,NOR,2008,1135000
Norway,NOR,2009,971000
Norway,NOR,2010,1064000
Norway,NOR,2011,1096000
Oman,OMN,2001,152000
Oman,OMN,2002,164000
Oman,OMN,2003,213000
Oman,OMN,2004,298000
Oman,OMN,2005,163537
Oman,OMN,2006,227361
Oman,OMN,2007,195189
Oman,OMN,2008,271175
Oman,OMN,2009,229392
Oman,OMN,2010,229218
Oman,OMN,2011,230050.78
Oman,OMN,2012,320846.44
Oman,OMN,2013,360360.56
Oman,OMN,2014,403735.12
Oman,OMN,2015,483756.53
Oman,OMN,2016,560178.9
Oman,OMN,2017,547166.44
Oman,OMN,2018,349622.72
Oman,OMN,2019,411300
Oman,OMN,2020,99400
Oman,OMN,2021,78300
Pakistan,PAK,1995,110000
Pakistan,PAK,1996,105000
Pakistan,PAK,1997,102000
Pakistan,PAK,1998,110000
Pakistan,PAK,1999,108000
Pakistan,PAK,2000,139000
Pakistan,PAK,2001,127000
Pakistan,PAK,2002,127000
Pakistan,PAK,2003,127000
Pakistan,PAK,2004,165000
Pakistan,PAK,2005,203000
Pakistan,PAK,2006,228000
Pakistan,PAK,2007,213000
Pakistan,PAK,2008,209000
Pakistan,PAK,2009,217000
Pakistan,PAK,2010,313000
Pakistan,PAK,2011,368000
Pakistan,PAK,2012,333000
Palau,PLW,1995,2000
Palau,PLW,1996,3000
Palau,PLW,1997,3000
Palau,PLW,1998,4000
Palau,PLW,1999,3000
Palau,PLW,2000,3000
Palau,PLW,2001,3000
Palau,PLW,2002,3000
Palau,PLW,2003,3000
Palau,PLW,2004,4000
Palau,PLW,2005,4000
Palau,PLW,2006,4000
Palau,PLW,2007,4000
Palau,PLW,2008,3000
Palau,PLW,2009,4000
Palau,PLW,2010,3000
Palau,PLW,2011,3000
Palau,PLW,2012,3000
Palau,PLW,2013,3000
Palau,PLW,2014,2000
Palau,PLW,2015,1600
Panama,PAN,1995,111000
Panama,PAN,1996,129000
Panama,PAN,1997,140000
Panama,PAN,1998,139000
Panama,PAN,1999,141000
Panama,PAN,2000,147000
Panama,PAN,2001,142000
Panama,PAN,2002,141000
Panama,PAN,2003,164000
Panama,PAN,2004,174000
Panama,PAN,2005,199000
Panama,PAN,2006,245000
Panama,PAN,2007,333000
Panama,PAN,2008,401000
Panama,PAN,2009,388000
Panama,PAN,2010,422000
Panama,PAN,2011,465000
Panama,PAN,2012,519000
Panama,PAN,2013,160000
Panama,PAN,2014,179000
Panama,PAN,2015,84000
Panama,PAN,2016,68100
Panama,PAN,2017,226500
Panama,PAN,2018,223000
Panama,PAN,2019,224700
Panama,PAN,2020,34100
Panama,PAN,2021,39800
Papua New Guinea,PNG,1995,21000
Papua New Guinea,PNG,1996,32000
Papua New Guinea,PNG,1997,38000
Papua New Guinea,PNG,1998,37000
Papua New Guinea,PNG,1999,42000
Papua New Guinea,PNG,2000,37000
Papua New Guinea,PNG,2001,34000
Papua New Guinea,PNG,2002,33000
Papua New Guinea,PNG,2003,35000
Papua New Guinea,PNG,2004,37000
Papua New Guinea,PNG,2005,45000
Papua New Guinea,PNG,2006,50000
Papua New Guinea,PNG,2007,70000
Papua New Guinea,PNG,2008,78000
Papua New Guinea,PNG,2009,87000
Papua New Guinea,PNG,2010,104000
Papua New Guinea,PNG,2011,120000
Papua New Guinea,PNG,2012,128000
Papua New Guinea,PNG,2013,132000
Papua New Guinea,PNG,2014,129899.99
Papua New Guinea,PNG,2015,127200
Papua New Guinea,PNG,2016,126500
Papua New Guinea,PNG,2017,102400
Papua New Guinea,PNG,2018,100800
Papua New Guinea,PNG,2019,117000
Papua New Guinea,PNG,2020,31500
Papua New Guinea,PNG,2021,15000
Paraguay,PRY,1995,72000
Paraguay,PRY,1996,70000
Paraguay,PRY,1997,50000
Paraguay,PRY,1998,66000
Paraguay,PRY,1999,51000
Paraguay,PRY,2000,31000
Paraguay,PRY,2001,30000
Paraguay,PRY,2002,27000
Paraguay,PRY,2003,29000
Paraguay,PRY,2004,33000
Paraguay,PRY,2005,37000
Paraguay,PRY,2006,43000
Paraguay,PRY,2007,46000
Paraguay,PRY,2008,47000
Paraguay,PRY,2009,92000
Paraguay,PRY,2010,97000
Paraguay,PRY,2011,110000
Paraguay,PRY,2012,122000
Paraguay,PRY,2013,128000
Paraguay,PRY,2014,136000
Paraguay,PRY,2015,255100
Paraguay,PRY,2016,274700
Paraguay,PRY,2017,332600
Paraguay,PRY,2018,224400
Paraguay,PRY,2019,231000
Paraguay,PRY,2020,47900
Paraguay,PRY,2021,18000
Peru,PER,1995,22000
Peru,PER,1996,26000
Peru,PER,1997,35000
Peru,PER,1998,68000
Peru,PER,1999,58000
Peru,PER,2000,53000
Peru,PER,2001,33000
Peru,PER,2002,37000
Peru,PER,2003,39000
Peru,PER,2004,35000
Peru,PER,2005,41000
Peru,PER,2006,45000
Peru,PER,2007,49000
Peru,PER,2008,53000
Peru,PER,2009,55000
Peru,PER,2010,59000
Peru,PER,2011,67000
Peru,PER,2012,74000
Peru,PER,2013,82000
Peru,PER,2014,83000
Peru,PER,2015,89300
Peru,PER,2016,97000
Peru,PER,2017,108300
Peru,PER,2018,115400
Peru,PER,2019,114200
Peru,PER,2020,23500
Peru,PER,2021,11300
Philippines,PHL,1995,312000
Philippines,PHL,1996,418000
Philippines,PHL,1997,472000
Philippines,PHL,1998,442000
Philippines,PHL,1999,445000
Philippines,PHL,2000,393000
Philippines,PHL,2001,330000
Philippines,PHL,2002,336000
Philippines,PHL,2003,308000
Philippines,PHL,2004,344000
Philippines,PHL,2005,366000
Philippines,PHL,2006,409000
Philippines,PHL,2007,451000
Philippines,PHL,2008,465000
Philippines,PHL,2009,408000
Philippines,PHL,2010,194000
Philippines,PHL,2011,403000
Philippines,PHL,2012,481000
Philippines,PHL,2013,506000
Philippines,PHL,2014,498000
Philippines,PHL,2015,486000
Philippines,PHL,2016,487100
Philippines,PHL,2017,468800
Philippines,PHL,2018,426500
Philippines,PHL,2019,351700
Philippines,PHL,2020,47200
Philippines,PHL,2021,13000
Poland,POL,1995,3840000
Poland,POL,1996,6360000
Poland,POL,1997,7010000
Poland,POL,1998,5180000
Poland,POL,1999,4520000
Poland,POL,2000,4850000
Poland,POL,2001,4240000
Poland,POL,2002,4050000
Poland,POL,2003,4100000
Poland,POL,2004,3945000
Poland,POL,2005,4240000
Poland,POL,2006,4240000
Poland,POL,2007,4085000
Poland,POL,2008,3790000
Poland,POL,2009,3570000
Poland,POL,2010,3370000
Poland,POL,2011,3760000
Poland,POL,2012,4160000
Poland,POL,2013,3950000
Poland,POL,2014,3276000
Poland,POL,2015,4064000
Poland,POL,2016,4176000
Poland,POL,2017,4528000
Poland,POL,2018,4922000
Poland,POL,2019,5036000
Poland,POL,2020,2034000
Poland,POL,2021,2417000
Portugal,PRT,1995,1502000
Portugal,PRT,1996,1664000
Portugal,PRT,1997,1953000
Portugal,PRT,1998,1864000
Portugal,PRT,1999,2198000
Portugal,PRT,2004,3272000
Portugal,PRT,2005,3308000
Portugal,PRT,2006,3555000
Reunion,REU,1995,28000
Reunion,REU,1996,30000
Reunion,REU,1997,33000
Reunion,REU,1998,32000
Reunion,REU,1999,41000
Reunion,REU,2000,44000
Reunion,REU,2001,44000
Reunion,REU,2002,45000
Reunion,REU,2003,44000
Reunion,REU,2004,52000
Reunion,REU,2005,47000
Reunion,REU,2006,47000
Reunion,REU,2007,52000
Reunion,REU,2008,50000
Reunion,REU,2009,41000
Reunion,REU,2010,40000
Reunion,REU,2011,43000
Reunion,REU,2012,43000
Reunion,REU,2013,36000
Reunion,REU,2014,45000
Reunion,REU,2015,49700
Reunion,REU,2016,52400
Reunion,REU,2017,52500
Reunion,REU,2018,45300
Reunion,REU,2019,40900
Reunion,REU,2020,14000
Reunion,REU,2021,21500
Romania,ROU,1995,150000
Romania,ROU,1996,194000
Romania,ROU,1997,183000
Romania,ROU,1998,182000
Russia,RUS,1995,2899000
Russia,RUS,1996,4814000
Russia,RUS,1997,3375000
Russia,RUS,1998,3011000
Russia,RUS,1999,4009000
Russia,RUS,2000,3218000
Russia,RUS,2001,3028000
Russia,RUS,2002,3014000
Russia,RUS,2003,2568000
Russia,RUS,2004,2723000
Russia,RUS,2005,3226000
Russia,RUS,2006,3234000
Russia,RUS,2007,3270000
Russia,RUS,2008,4112000
Russia,RUS,2009,3880000
Russia,RUS,2010,4432000
Russia,RUS,2011,5475000
Russia,RUS,2012,6201000
Russia,RUS,2013,5816800
Russia,RUS,2014,6263000
Russia,RUS,2015,7517100
Rwanda,RWA,2006,255000
Rwanda,RWA,2007,276000
Rwanda,RWA,2008,342100
Rwanda,RWA,2009,333000
Rwanda,RWA,2010,307000
Rwanda,RWA,2011,395000
Rwanda,RWA,2012,414600
Rwanda,RWA,2013,419200
Rwanda,RWA,2014,395300
Rwanda,RWA,2015,409700
Rwanda,RWA,2016,325000
Rwanda,RWA,2017,482000
Rwanda,RWA,2018,408000
Rwanda,RWA,2019,417000
Rwanda,RWA,2020,195800
Rwanda,RWA,2021,342400
Saint Kitts and Nevis,KNA,1995,5000
Saint Kitts and Nevis,KNA,1996,6000
Saint Kitts and Nevis,KNA,1997,6000
Saint Kitts and Nevis,KNA,1998,7000
Saint Kitts and Nevis,KNA,1999,5000
Saint Kitts and Nevis,KNA,2001,7000
Saint Kitts and Nevis,KNA,2009,12700
Saint Kitts and Nevis,KNA,2010,15100
Saint Kitts and Nevis,KNA,2011,15300
Saint Kitts and Nevis,KNA,2012,15300
Saint Kitts and Nevis,KNA,2013,16000
Saint Kitts and Nevis,KNA,2014,18200
Saint Kitts and Nevis,KNA,2018,19700
Saint Kitts and Nevis,KNA,2019,21300
Saint Kitts and Nevis,KNA,2020,4200
Saint Kitts and Nevis,KNA,2021,2000
Saint Lucia,LCA,1995,8000
Saint Lucia,LCA,1996,10000
Saint Lucia,LCA,1997,11000
Saint Lucia,LCA,1998,10000
Saint Lucia,LCA,1999,11000
Saint Lucia,LCA,2000,14000
Saint Lucia,LCA,2003,13000
Saint Lucia,LCA,2004,12000
Saint Lucia,LCA,2005,16000
Saint Lucia,LCA,2006,12000
Saint Lucia,LCA,2007,11000
Saint Lucia,LCA,2008,13000
Saint Lucia,LCA,2009,15000
Saint Lucia,LCA,2010,14000
Saint Lucia,LCA,2011,20000
Saint Lucia,LCA,2012,16000
Saint Lucia,LCA,2013,15400
Saint Lucia,LCA,2014,14000
Saint Lucia,LCA,2015,12000
Saint Lucia,LCA,2016,11400
Saint Lucia,LCA,2017,15200
Saint Lucia,LCA,2018,15800
Saint Lucia,LCA,2019,15600
Saint Lucia,LCA,2020,2900
Saint Lucia,LCA,2021,4100
Saint Vincent and the Grenadines,VCT,1995,6000
Saint Vincent and the Grenadines,VCT,1996,6000
Saint Vincent and the Grenadines,VCT,1997,8000
Saint Vincent and the Grenadines,VCT,1998,7000
Saint Vincent and the Grenadines,VCT,1999,8000
Saint Vincent and the Grenadines,VCT,2002,13000
Saint Vincent and the Grenadines,VCT,2003,14000
Saint Vincent and the Grenadines,VCT,2004,17000
Saint Vincent and the Grenadines,VCT,2005,21000
Saint Vincent and the Grenadines,VCT,2006,17000
Saint Vincent and the Grenadines,VCT,2007,15000
Saint Vincent and the Grenadines,VCT,2008,14000
Saint Vincent and the Grenadines,VCT,2009,15000
Saint Vincent and the Grenadines,VCT,2010,14000
Saint Vincent and the Grenadines,VCT,2011,14000
Saint Vincent and the Grenadines,VCT,2012,13000
Saint Vincent and the Grenadines,VCT,2013,12900
Saint Vincent and the Grenadines,VCT,2014,12700
Saint Vincent and the Grenadines,VCT,2015,13000
Saint Vincent and the Grenadines,VCT,2016,13500
Saint Vincent and the Grenadines,VCT,2017,13700
Saint Vincent and the Grenadines,VCT,2018,14300
Saint Vincent and the Grenadines,VCT,2019,16900
Saint Vincent and the Grenadines,VCT,2020,3800
Saint Vincent and the Grenadines,VCT,2021,3800
Samoa,WSM,1995,8000
Samoa,WSM,1996,9000
Samoa,WSM,1997,8000
Samoa,WSM,1998,9000
Samoa,WSM,1999,11000
Samoa,WSM,2000,11000
Samoa,WSM,2001,11000
Samoa,WSM,2002,10000
Samoa,WSM,2003,10000
Samoa,WSM,2004,11000
Samoa,WSM,2005,10000
Samoa,WSM,2006,12000
Samoa,WSM,2007,12000
Samoa,WSM,2008,10000
Samoa,WSM,2009,11000
Samoa,WSM,2010,12000
Samoa,WSM,2011,11000
Samoa,WSM,2012,33000
Samoa,WSM,2013,12000
Samoa,WSM,2014,13400
Samoa,WSM,2015,11700
Samoa,WSM,2016,12200
Samoa,WSM,2017,14300
Samoa,WSM,2018,9600
Samoa,WSM,2019,13300
Samoa,WSM,2020,1300
San Marino,SMR,2005,695000
San Marino,SMR,2006,700000
San Marino,SMR,2007,584000
San Marino,SMR,2008,612000
San Marino,SMR,2009,1028000
San Marino,SMR,2010,889000
San Marino,SMR,2011,258000
San Marino,SMR,2012,598000
San Marino,SMR,2013,611500
San Marino,SMR,2014,612000
San Marino,SMR,2015,472000
Sao Tome and Principe,STP,1995,2900
Sao Tome and Principe,STP,1996,2700
Sao Tome and Principe,STP,1997,1200
Sao Tome and Principe,STP,2001,600
Sao Tome and Principe,STP,2005,1100
Sao Tome and Principe,STP,2006,600
Sao Tome and Principe,STP,2007,1000
Sao Tome and Principe,STP,2008,600
Sao Tome and Principe,STP,2009,400
Sao Tome and Principe,STP,2010,1000
Sao Tome and Principe,STP,2011,1300
Sao Tome and Principe,STP,2015,5684
Sao Tome and Principe,STP,2016,3200
Sao Tome and Principe,STP,2017,5300
Sao Tome and Principe,STP,2018,4200
Sao Tome and Principe,STP,2021,5200
Saudi Arabia,SAU,2000,688000
Saudi Arabia,SAU,2004,2381000
Saudi Arabia,SAU,2005,1951000
Saudi Arabia,SAU,2006,1603000
Saudi Arabia,SAU,2007,2659000
Saudi Arabia,SAU,2008,3660000
Saudi Arabia,SAU,2009,1604000
Saudi Arabia,SAU,2010,2660000
Saudi Arabia,SAU,2011,1912000
Saudi Arabia,SAU,2012,2824000
Saudi Arabia,SAU,2013,1476000
Saudi Arabia,SAU,2014,2684000
Saudi Arabia,SAU,2015,1880600
Saudi Arabia,SAU,2016,4006500
Saudi Arabia,SAU,2017,2695000
Saudi Arabia,SAU,2018,2450700
Saudi Arabia,SAU,2019,3164600
Saudi Arabia,SAU,2020,771900
Saudi Arabia,SAU,2021,1013100
Senegal,SEN,2014,221500
Senegal,SEN,2015,231500
Senegal,SEN,2016,278300
Senegal,SEN,2017,313900
Seychelles,SYC,1995,10000
Seychelles,SYC,1996,6000
Seychelles,SYC,1997,6000
Seychelles,SYC,1998,6000
Seychelles,SYC,1999,7000
Seychelles,SYC,2000,6000
Seychelles,SYC,2001,6000
Seychelles,SYC,2002,7000
Seychelles,SYC,2003,6000
Seychelles,SYC,2004,7000
Seychelles,SYC,2005,7000
Seychelles,SYC,2006,7000
Seychelles,SYC,2007,8000
Seychelles,SYC,2008,10000
Seychelles,SYC,2009,10000
Seychelles,SYC,2010,10000
Seychelles,SYC,2011,7000
Seychelles,SYC,2012,6000
Seychelles,SYC,2013,8000
Seychelles,SYC,2014,8900
Seychelles,SYC,2015,10400
Seychelles,SYC,2016,9400
Seychelles,SYC,2017,9100
Seychelles,SYC,2018,9900
Seychelles,SYC,2019,8700
Seychelles,SYC,2020,1900
Seychelles,SYC,2021,1900
Sierra Leone,SLE,1995,5800
Sierra Leone,SLE,1996,10600
Sierra Leone,SLE,1997,3400
Sierra Leone,SLE,1998,6100
Sierra Leone,SLE,1999,3900
Sierra Leone,SLE,2000,5800
Sierra Leone,SLE,2001,9500
Sierra Leone,SLE,2002,11300
Sierra Leone,SLE,2003,20100
Sierra Leone,SLE,2004,14600
Sierra Leone,SLE,2005,13600
Sierra Leone,SLE,2006,12500
Sierra Leone,SLE,2007,11400
Sierra Leone,SLE,2008,13000
Sierra Leone,SLE,2009,16000
Sierra Leone,SLE,2010,17000
Sierra Leone,SLE,2011,24000
Sierra Leone,SLE,2012,30000
Sierra Leone,SLE,2013,42000
Sierra Leone,SLE,2014,22300
Sierra Leone,SLE,2015,11000
Sierra Leone,SLE,2016,26400
Sierra Leone,SLE,2017,19300
Sierra Leone,SLE,2018,22100
Sierra Leone,SLE,2019,26600
Sierra Leone,SLE,2020,7600
Sierra Leone,SLE,2021,14000
Singapore,SGP,1995,1321000
Singapore,SGP,1996,1385000
Singapore,SGP,1997,1579000
Singapore,SGP,1998,1385000
Singapore,SGP,1999,1523000
Singapore,SGP,2000,1715000
Singapore,SGP,2001,1601000
Singapore,SGP,2002,1567000
Singapore,SGP,2003,1299000
Singapore,SGP,2004,2332000
Singapore,SGP,2005,2549000
Singapore,SGP,2006,2886000
Singapore,SGP,2007,3168000
Singapore,SGP,2008,3065500
Singapore,SGP,2009,2614300
Singapore,SGP,2010,3175000
Singapore,SGP,2011,3225600
Singapore,SGP,2012,3402100
Singapore,SGP,2013,3616800
Singapore,SGP,2014,3202000
Singapore,SGP,2015,2923200
Singapore,SGP,2016,2460500
Singapore,SGP,2017,2464100
Singapore,SGP,2018,2617300
Singapore,SGP,2019,2460500
Slovenia,SVN,1995,95000
Slovenia,SVN,1996,116000
Slovenia,SVN,1997,156000
Slovenia,SVN,1998,156000
Slovenia,SVN,1999,141000
Slovenia,SVN,2000,191000
Slovenia,SVN,2001,213000
Slovenia,SVN,2002,228000
Slovenia,SVN,2003,273000
Slovenia,SVN,2004,298000
Slovenia,SVN,2005,309000
Slovenia,SVN,2006,314000
Slovenia,SVN,2007,340000
Slovenia,SVN,2008,380000
Slovenia,SVN,2009,244000
Slovenia,SVN,2010,274400
Slovenia,SVN,2011,299500
Slovenia,SVN,2012,207400
Slovenia,SVN,2013,218300
Slovenia,SVN,2014,233500
Slovenia,SVN,2015,415200
Slovenia,SVN,2016,466700
Slovenia,SVN,2017,548200
Slovenia,SVN,2018,607900
Slovenia,SVN,2019,560000
Slovenia,SVN,2020,144800
Slovenia,SVN,2021,218100
Solomon Islands,SLB,2000,2500
Solomon Islands,SLB,2003,3000
Solomon Islands,SLB,2004,2300
Solomon Islands,SLB,2006,5400
Solomon Islands,SLB,2007,6200
Solomon Islands,SLB,2008,6500
Solomon Islands,SLB,2009,7500
Solomon Islands,SLB,2010,8600
Solomon Islands,SLB,2011,8800
Solomon Islands,SLB,2012,7800
Solomon Islands,SLB,2013,8000
Solomon Islands,SLB,2014,7400
Solomon Islands,SLB,2015,6800
Solomon Islands,SLB,2016,6500
Solomon Islands,SLB,2017,7000
Solomon Islands,SLB,2018,7100
Solomon Islands,SLB,2019,7300
Solomon Islands,SLB,2020,1040
South Africa,ZAF,1995,651000
South Africa,ZAF,1996,661000
South Africa,ZAF,1997,646000
South Africa,ZAF,1998,728000
South Africa,ZAF,1999,627000
South Africa,ZAF,2000,629000
South Africa,ZAF,2001,556000
South Africa,ZAF,2002,540000
South Africa,ZAF,2003,406000
South Africa,ZAF,2004,361000
South Africa,ZAF,2005,335000
South Africa,ZAF,2006,324000
South Africa,ZAF,2007,310000
South Africa,ZAF,2008,295000
South Africa,ZAF,2009,197000
South Africa,ZAF,2010,331000
South Africa,ZAF,2011,267000
South Africa,ZAF,2012,293000
South Africa,ZAF,2013,272000
South Africa,ZAF,2014,407000
South Africa,ZAF,2015,400400
South Africa,ZAF,2016,337600
South Africa,ZAF,2017,333800
South Africa,ZAF,2018,316100
South Africa,ZAF,2019,275200
South Africa,ZAF,2020,110600
South Africa,ZAF,2021,194100
South Korea,KOR,1995,218000
South Korea,KOR,1996,219000
South Korea,KOR,1997,212000
South Korea,KOR,1998,182000
South Korea,KOR,1999,187000
South Korea,KOR,2000,203000
South Korea,KOR,2001,213000
South Korea,KOR,2002,225000
South Korea,KOR,2003,231000
South Korea,KOR,2004,267000
South Korea,KOR,2005,304000
South Korea,KOR,2006,348000
South Korea,KOR,2007,359000
South Korea,KOR,2008,362000
South Korea,KOR,2009,312000
South Korea,KOR,2010,311000
South Korea,KOR,2011,271000
South Korea,KOR,2012,245000
South Korea,KOR,2013,328000
South Korea,KOR,2014,315300
South Korea,KOR,2015,243600
South Korea,KOR,2016,239000
South Korea,KOR,2017,232000
South Korea,KOR,2018,236600
South Korea,KOR,2019,252700
South Korea,KOR,2020,46100
South Korea,KOR,2021,40000
Spain,ESP,1997,2822000
Spain,ESP,1998,4032000
Spain,ESP,1999,4760000
Spain,ESP,2000,5300000
Spain,ESP,2001,4484000
Spain,ESP,2002,4875000
Spain,ESP,2003,4724000
Spain,ESP,2004,5286000
Spain,ESP,2005,5924000
Spain,ESP,2006,4915000
Spain,ESP,2007,5275000
Spain,ESP,2008,5271000
Spain,ESP,2009,4335600
Spain,ESP,2010,4375000
Spain,ESP,2011,4115299.8
Spain,ESP,2012,3974200
Spain,ESP,2013,4071000
Spain,ESP,2014,4313000
Spain,ESP,2015,4978800
Spain,ESP,2016,5703700
Spain,ESP,2017,5706700
Spain,ESP,2018,5636800
Spain,ESP,2019,6112700
Spain,ESP,2020,1565500
Spain,ESP,2021,2270300
Sri Lanka,LKA,1995,15000
Sri Lanka,LKA,1996,11000
Sri Lanka,LKA,1997,14000
Sri Lanka,LKA,1998,19000
Sri Lanka,LKA,1999,23000
Sri Lanka,LKA,2000,19000
Sri Lanka,LKA,2001,23000
Sri Lanka,LKA,2002,42000
Sri Lanka,LKA,2003,56000
Sri Lanka,LKA,2004,74000
Sri Lanka,LKA,2005,105000
Sri Lanka,LKA,2006,116000
Sri Lanka,LKA,2007,57000
Sri Lanka,LKA,2008,43000
Sri Lanka,LKA,2009,45000
Sri Lanka,LKA,2010,90000
Sri Lanka,LKA,2011,83000
Sri Lanka,LKA,2012,112300
Sri Lanka,LKA,2013,94000
Sri Lanka,LKA,2014,31100
Sri Lanka,LKA,2015,38000
Sri Lanka,LKA,2016,59200
Sri Lanka,LKA,2017,106100
Sri Lanka,LKA,2018,135000
Sri Lanka,LKA,2019,225700
Sri Lanka,LKA,2020,19900
Sri Lanka,LKA,2021,5000
Sudan,SDN,1998,7000
Sudan,SDN,1999,8000
Sudan,SDN,2000,8000
Sudan,SDN,2001,10000
Sudan,SDN,2005,61000
Sudan,SDN,2006,76000
Sudan,SDN,2007,100000
Sudan,SDN,2008,101000
Sudan,SDN,2009,97000
Sudan,SDN,2010,99000
Sudan,SDN,2011,107000
Sudan,SDN,2012,132200
Sudan,SDN,2013,136000
Sudan,SDN,2014,177700
Sudan,SDN,2015,192000
Sudan,SDN,2016,208000
Sudan,SDN,2017,211000
Sudan,SDN,2018,217000
Suriname,SUR,1995,3000
Suriname,SUR,1996,4000
Suriname,SUR,1997,4000
Suriname,SUR,1998,4000
Suriname,SUR,1999,4000
Suriname,SUR,2000,3000
Suriname,SUR,2001,3000
Suriname,SUR,2002,3000
Suriname,SUR,2003,12000
Suriname,SUR,2004,14000
Suriname,SUR,2005,16000
Suriname,SUR,2006,16000
Suriname,SUR,2007,17000
Suriname,SUR,2008,16000
Suriname,SUR,2009,15000
Suriname,SUR,2010,19000
Suriname,SUR,2011,23000
Suriname,SUR,2012,23000
Suriname,SUR,2013,25000
Suriname,SUR,2014,22700
Suriname,SUR,2015,19000
Sweden,SWE,2001,2781000
Sweden,SWE,2002,2414000
Sweden,SWE,2003,2518000
Sweden,SWE,2011,2840000
Sweden,SWE,2012,3456000
Sweden,SWE,2013,3362000
Sweden,SWE,2014,3191000
Syria,SYR,1995,97000
Syria,SYR,1996,110000
Syria,SYR,1997,158000
Syria,SYR,1998,200000
Syria,SYR,1999,300000
Syria,SYR,2000,400000
Syria,SYR,2001,300000
Syria,SYR,2002,398000
Syria,SYR,2003,408000
Syria,SYR,2004,507000
Syria,SYR,2005,469000
Syria,SYR,2006,455000
Syria,SYR,2007,435000
Syria,SYR,2008,556000
Syria,SYR,2009,539000
Syria,SYR,2010,442000
Taiwan,TWN,1995,704000
Taiwan,TWN,1996,758000
Taiwan,TWN,1997,804000
Taiwan,TWN,1998,825000
Taiwan,TWN,1999,864000
Taiwan,TWN,2000,963000
Taiwan,TWN,2001,915000
Taiwan,TWN,2002,933000
Taiwan,TWN,2003,779000
Taiwan,TWN,2004,1001000
Taiwan,TWN,2005,1033000
Taiwan,TWN,2006,1041000
Taiwan,TWN,2007,1031000
Taiwan,TWN,2008,986000
Taiwan,TWN,2009,919000
Taiwan,TWN,2010,1088000
Taiwan,TWN,2011,1129000
Taiwan,TWN,2012,1035000
Taiwan,TWN,2013,1081000
Taiwan,TWN,2014,903000
Taiwan,TWN,2015,892600
Taiwan,TWN,2016,880500
Taiwan,TWN,2017,900300
Taiwan,TWN,2018,905800
Taiwan,TWN,2019,921400
Taiwan,TWN,2020,105400
Taiwan,TWN,2021,19700
Tajikistan,TJK,2012,2000
Tajikistan,TJK,2013,2000
Tajikistan,TJK,2014,31000
Tajikistan,TJK,2015,22000
Tajikistan,TJK,2016,29000
Tajikistan,TJK,2017,35000
Tajikistan,TJK,2018,5400
Tanzania,TZA,1995,59000
Tanzania,TZA,1996,65000
Tanzania,TZA,1997,81000
Tanzania,TZA,1998,128000
Tanzania,TZA,1999,133000
Tanzania,TZA,2000,130000
Tanzania,TZA,2001,152000
Tanzania,TZA,2002,115000
Tanzania,TZA,2003,133000
Tanzania,TZA,2004,83000
Tanzania,TZA,2005,85000
Tanzania,TZA,2006,71000
Tanzania,TZA,2007,57000
Tanzania,TZA,2008,37000
Tanzania,TZA,2009,29000
Tanzania,TZA,2010,56000
Tanzania,TZA,2011,47000
Tanzania,TZA,2012,56000
Tanzania,TZA,2013,66000
Tanzania,TZA,2014,68300
Tanzania,TZA,2015,76200
Tanzania,TZA,2016,67100
Tanzania,TZA,2017,58000
Tanzania,TZA,2018,76100
Tanzania,TZA,2019,64600
Tanzania,TZA,2020,19500
Tanzania,TZA,2021,92700
Thailand,THA,1995,695000
Thailand,THA,1996,809000
Thailand,THA,1997,823000
Thailand,THA,1998,804000
Thailand,THA,1999,862000
Thailand,THA,2000,973000
Thailand,THA,2001,1014000
Thailand,THA,2002,972000
Thailand,THA,2003,985000
Thailand,THA,2004,1174000
Thailand,THA,2005,1545000
Thailand,THA,2006,1976000
Thailand,THA,2007,1817000
Thailand,THA,2008,1383000
Thailand,THA,2009,1883000
Thailand,THA,2010,2266000
Thailand,THA,2011,1965000
Thailand,THA,2012,2175000
Thailand,THA,2013,2341000
Thailand,THA,2017,1632900
Thailand,THA,2018,2056700
Thailand,THA,2019,2043500
Thailand,THA,2020,241800
Togo,TGO,2015,123000
Togo,TGO,2016,184000
Togo,TGO,2017,331000
Togo,TGO,2018,245200
Togo,TGO,2019,507100
Tonga,TON,1995,5000
Tonga,TON,1996,6000
Tonga,TON,1997,3000
Tonga,TON,1998,6000
Tonga,TON,1999,5000
Tonga,TON,2000,8000
Tonga,TON,2001,6000
Tonga,TON,2002,1000
Tonga,TON,2003,3000
Tonga,TON,2008,4000
Tonga,TON,2009,3100
Tonga,TON,2010,4600
Tonga,TON,2011,5300
Tonga,TON,2012,4700
Tonga,TON,2013,5200
Tonga,TON,2014,5500
Tonga,TON,2015,4300
Tonga,TON,2016,4800
Tonga,TON,2017,4800
Tonga,TON,2018,4300
Tonga,TON,2019,3800
Tonga,TON,2020,400
Trinidad and Tobago,TTO,1995,50000
Trinidad and Tobago,TTO,1996,48000
Trinidad and Tobago,TTO,1997,65000
Trinidad and Tobago,TTO,1998,60000
Trinidad and Tobago,TTO,1999,61000
Trinidad and Tobago,TTO,2000,68000
Trinidad and Tobago,TTO,2001,69000
Trinidad and Tobago,TTO,2002,72000
Trinidad and Tobago,TTO,2003,79000
Trinidad and Tobago,TTO,2004,86000
Trinidad and Tobago,TTO,2005,89000
Trinidad and Tobago,TTO,2006,92000
Trinidad and Tobago,TTO,2007,85000
Trinidad and Tobago,TTO,2008,89000
Trinidad and Tobago,TTO,2009,90000
Trinidad and Tobago,TTO,2010,74000
Trinidad and Tobago,TTO,2011,103000
Trinidad and Tobago,TTO,2012,105000
Trinidad and Tobago,TTO,2013,65100
Trinidad and Tobago,TTO,2014,92500
Trinidad and Tobago,TTO,2015,92900
Trinidad and Tobago,TTO,2016,89100
Trinidad and Tobago,TTO,2017,82800
Trinidad and Tobago,TTO,2018,81600
Trinidad and Tobago,TTO,2019,82000
Trinidad and Tobago,TTO,2020,16299.999
Trinidad and Tobago,TTO,2021,8900
Turkey,TUR,1995,585000
Turkey,TUR,1996,1853000
Turkey,TUR,1997,1793000
Turkey,TUR,1998,1973000
Turkey,TUR,2001,1243000
Turkey,TUR,2002,1381000
Turkey,TUR,2003,1543000
Turkey,TUR,2004,1897000
Turkey,TUR,2005,1972000
Turkey,TUR,2006,2316000
Turkey,TUR,2007,2497000
Turkey,TUR,2008,2525000
Turkey,TUR,2009,1795000
Turkey,TUR,2010,1901000
Turkey,TUR,2011,2375000
Turkey,TUR,2012,2381000
Turkey,TUR,2013,2523000
Turkey,TUR,2014,2491500
Turkey,TUR,2015,2356400
Turkey,TUR,2016,1911700
Turkey,TUR,2017,1885700
Turkey,TUR,2018,2016100
Turkey,TUR,2019,1986100
Turkey,TUR,2020,662000
Turkey,TUR,2021,1102400
Turkmenistan,TKM,1995,30000
Turkmenistan,TKM,1996,84000
Turkmenistan,TKM,1997,154000
Turkmenistan,TKM,1998,90000
Turkmenistan,TKM,2003,600
Turkmenistan,TKM,2004,1400
Turkmenistan,TKM,2005,1300
Turkmenistan,TKM,2006,400
Turkmenistan,TKM,2007,3000
Turks and Caicos Islands,TCA,1995,4000
Turks and Caicos Islands,TCA,1996,5000
Turks and Caicos Islands,TCA,1997,5000
Turks and Caicos Islands,TCA,1998,8000
Turks and Caicos Islands,TCA,1999,23000
Turks and Caicos Islands,TCA,2000,48000
Turks and Caicos Islands,TCA,2001,65000
Turks and Caicos Islands,TCA,2002,47000
Turks and Caicos Islands,TCA,2003,59000
Tuvalu,TUV,1996,500
Tuvalu,TUV,1997,400
Tuvalu,TUV,1998,500
Tuvalu,TUV,1999,500
Tuvalu,TUV,2000,500
Tuvalu,TUV,2001,500
Tuvalu,TUV,2002,300
Tuvalu,TUV,2003,300
Tuvalu,TUV,2004,900
Tuvalu,TUV,2005,600
Tuvalu,TUV,2006,200
Tuvalu,TUV,2007,100
Tuvalu,TUV,2011,300
Tuvalu,TUV,2012,300
Tuvalu,TUV,2013,600
Tuvalu,TUV,2014,600
Tuvalu,TUV,2015,1100
Tuvalu,TUV,2016,1200
Tuvalu,TUV,2018,1500
Tuvalu,TUV,2019,2200
Tuvalu,TUV,2020,400
Tuvalu,TUV,2021,20
Uganda,UGA,1997,44000
Uganda,UGA,1998,43000
Uganda,UGA,1999,48000
Uganda,UGA,2000,54000
Uganda,UGA,2001,53000
Uganda,UGA,2002,59000
Uganda,UGA,2003,67000
Uganda,UGA,2004,81000
Uganda,UGA,2005,31000
Uganda,UGA,2006,72000
Uganda,UGA,2007,110000
Uganda,UGA,2008,163000
Uganda,UGA,2009,167000
Uganda,UGA,2010,184000
Uganda,UGA,2011,160000
Uganda,UGA,2012,210000
Uganda,UGA,2013,296000
Uganda,UGA,2014,271500
Uganda,UGA,2015,322000
Uganda,UGA,2016,289900
Uganda,UGA,2017,492200
Uganda,UGA,2018,432100
Uganda,UGA,2019,630900
Uganda,UGA,2020,302900
Uganda,UGA,2021,128200
Ukraine,UKR,1995,803000
Ukraine,UKR,1996,948000
Ukraine,UKR,1997,1194000
Ukraine,UKR,1998,1478000
Ukraine,UKR,1999,1548000
Ukraine,UKR,2000,1425000
Ukraine,UKR,2001,1655000
Ukraine,UKR,2002,1786000
Ukraine,UKR,2003,955000
Ukraine,UKR,2004,1028000
Ukraine,UKR,2005,1040000
Ukraine,UKR,2006,1056000
Ukraine,UKR,2007,958000
Ukraine,UKR,2008,1114000
Ukraine,UKR,2009,845000
Ukraine,UKR,2010,762000
Ukraine,UKR,2011,704000
Ukraine,UKR,2012,374000
Ukraine,UKR,2013,168000
Ukraine,UKR,2014,50500
Ukraine,UKR,2015,41000
Ukraine,UKR,2016,35500
Ukraine,UKR,2017,93500
Ukraine,UKR,2018,54200
Ukraine,UKR,2019,48000
Ukraine,UKR,2020,14300
Ukraine,UKR,2021,40300
United Arab Emirates,ARE,2014,1900900
United Arab Emirates,ARE,2015,4074100
United Arab Emirates,ARE,2016,5056200
United Arab Emirates,ARE,2017,5178500
United Arab Emirates,ARE,2018,5436000
United Arab Emirates,ARE,2019,6080200
United Arab Emirates,ARE,2020,2370500
United Arab Emirates,ARE,2021,3748700
United Kingdom,GBR,1995,6560000
United Kingdom,GBR,1996,6923000
United Kingdom,GBR,1997,7056000
United Kingdom,GBR,1998,7589000
United Kingdom,GBR,1999,7762000
United Kingdom,GBR,2000,8008000
United Kingdom,GBR,2001,7387000
United Kingdom,GBR,2002,7840000
United Kingdom,GBR,2003,7590000
United Kingdom,GBR,2004,8055000
United Kingdom,GBR,2005,8773000
United Kingdom,GBR,2006,9717000
United Kingdom,GBR,2007,9496000
United Kingdom,GBR,2008,8683000
United Kingdom,GBR,2009,7449000
United Kingdom,GBR,2010,7552000
United Kingdom,GBR,2011,8112000
United Kingdom,GBR,2012,8292000
United Kingdom,GBR,2013,8696000
United Kingdom,GBR,2014,9206000
United Kingdom,GBR,2015,9602000
United Kingdom,GBR,2016,10019000
United Kingdom,GBR,2017,9567000
United Kingdom,GBR,2018,9360600
United Kingdom,GBR,2019,9269000
United Kingdom,GBR,2020,2469000
United Kingdom,GBR,2021,1341000
United States,USA,1997,7330782
United States,USA,1998,7180494
United States,USA,1999,7369171
United States,USA,2000,8130081.5
United States,USA,2001,6462529
United States,USA,2002,5792362.5
United States,USA,2003,5461942.5
United States,USA,2004,6157644
United States,USA,2005,6568594
United States,USA,2006,6565491.5
United States,USA,2007,7239360
United States,USA,2008,6892874.5
United States,USA,2009,5321385.5
United States,USA,2010,5773413
United States,USA,2011,5993323
United States,USA,2012,6134465.5
United States,USA,2013,6467991
United States,USA,2014,6459470
United States,USA,2015,7275934.5
United States,USA,2016,6863272.5
United States,USA,2017,6963915
United States,USA,2018,6979493
United States,USA,2019,6988000
United States,USA,2020,1625100
United States,USA,2021,1128500
Uruguay,URY,1995,173000
Uruguay,URY,1996,171000
Uruguay,URY,1997,155000
Uruguay,URY,1998,127000
Uruguay,URY,1999,117000
Uruguay,URY,2000,109000
Uruguay,URY,2001,120000
Uruguay,URY,2002,94000
Uruguay,URY,2003,91000
Uruguay,URY,2004,128000
Uruguay,URY,2005,137000
Uruguay,URY,2006,140000
Uruguay,URY,2007,111000
Uruguay,URY,2008,129000
Uruguay,URY,2009,174000
Uruguay,URY,2010,207000
Uruguay,URY,2011,206000
Uruguay,URY,2012,188000
Uruguay,URY,2013,216000
Uruguay,URY,2014,203500
Uruguay,URY,2015,221000
Uruguay,URY,2016,236800
Uruguay,URY,2017,243600
Uruguay,URY,2018,237700
Uruguay,URY,2019,220900
Uruguay,URY,2021,18700
Uzbekistan,UZB,1997,95000
Uzbekistan,UZB,1998,64000
Uzbekistan,UZB,1999,48000
Uzbekistan,UZB,2000,42000
Uzbekistan,UZB,2001,76000
Uzbekistan,UZB,2002,73000
Uzbekistan,UZB,2003,22000
Uzbekistan,UZB,2004,37000
Uzbekistan,UZB,2005,48000
Uzbekistan,UZB,2006,80000
Uzbekistan,UZB,2007,111000
Uzbekistan,UZB,2008,131000
Uzbekistan,UZB,2009,104000
Uzbekistan,UZB,2010,75000
Uzbekistan,UZB,2011,76600
Uzbekistan,UZB,2012,87500
Uzbekistan,UZB,2013,140000
Uzbekistan,UZB,2014,145400
Uzbekistan,UZB,2015,139400
Uzbekistan,UZB,2016,173200
Uzbekistan,UZB,2017,185400
Uzbekistan,UZB,2018,122100
Uzbekistan,UZB,2019,128399.99
Vanuatu,VUT,1995,6000
Vanuatu,VUT,1996,6000
Vanuatu,VUT,1997,6000
Vanuatu,VUT,1998,6000
Vanuatu,VUT,1999,6000
Vanuatu,VUT,2000,6000
Vanuatu,VUT,2001,6000
Vanuatu,VUT,2002,6000
Vanuatu,VUT,2003,7000
Vanuatu,VUT,2004,8000
Vanuatu,VUT,2005,8000
Vanuatu,VUT,2006,9000
Vanuatu,VUT,2007,11000
Vanuatu,VUT,2008,10000
Vanuatu,VUT,2009,9400
Vanuatu,VUT,2010,9600
Vanuatu,VUT,2011,9900
Vanuatu,VUT,2012,11300
Vanuatu,VUT,2013,9100
Vanuatu,VUT,2014,8000
Vanuatu,VUT,2015,8700
Vanuatu,VUT,2016,8500
Vanuatu,VUT,2017,8300
Vanuatu,VUT,2018,7600
Vanuatu,VUT,2019,8000
Vanuatu,VUT,2020,1100
Venezuela,VEN,1995,268000
Venezuela,VEN,1996,313000
Venezuela,VEN,1997,356000
Venezuela,VEN,1998,302000
Venezuela,VEN,1999,275000
Venezuela,VEN,2000,249000
Venezuela,VEN,2001,322000
Venezuela,VEN,2002,230000
Venezuela,VEN,2003,169000
Venezuela,VEN,2004,185000
Venezuela,VEN,2005,273000
Venezuela,VEN,2006,259000
Venezuela,VEN,2007,215000
Venezuela,VEN,2008,186000
Venezuela,VEN,2009,145000
Venezuela,VEN,2010,124000
Venezuela,VEN,2011,147100
Venezuela,VEN,2012,221600
Venezuela,VEN,2013,259100
Venezuela,VEN,2014,190100
Venezuela,VEN,2015,257400
Venezuela,VEN,2016,140700
Venezuela,VEN,2017,131100
Vietnam,VNM,1995,308000
Vietnam,VNM,1996,365000
Vietnam,VNM,1997,403000
Vietnam,VNM,1998,292000
Vietnam,VNM,1999,266000
Vietnam,VNM,2000,420000
Vietnam,VNM,2001,395000
Vietnam,VNM,2002,446000
Vietnam,VNM,2003,468000
Vietnam,VNM,2004,522000
Vietnam,VNM,2005,496000
Vietnam,VNM,2006,576000
Vietnam,VNM,2007,674000
Vietnam,VNM,2008,844000
Vietnam,VNM,2009,742000
Vietnam,VNM,2010,1024000
Vietnam,VNM,2011,1003000
Vietnam,VNM,2012,1166000
Vietnam,VNM,2013,1267000
Vietnam,VNM,2014,1322000
Zambia,ZMB,1995,39000
Zambia,ZMB,1996,109000
Zambia,ZMB,1997,140000
Zambia,ZMB,1998,166000
Zambia,ZMB,1999,184000
Zambia,ZMB,2000,201000
Zambia,ZMB,2001,201000
Zambia,ZMB,2002,248000
Zambia,ZMB,2003,156000
Zambia,ZMB,2004,160000
Zambia,ZMB,2005,253000
Zambia,ZMB,2006,290000
Zambia,ZMB,2007,340000
Zambia,ZMB,2008,339000
Zambia,ZMB,2009,329000
Zambia,ZMB,2010,442000
Zambia,ZMB,2011,570600
Zambia,ZMB,2012,473600
Zambia,ZMB,2013,535300
Zambia,ZMB,2014,434000
Zambia,ZMB,2015,582100
Zambia,ZMB,2016,548500
Zambia,ZMB,2017,599100
Zambia,ZMB,2018,626400
Zambia,ZMB,2019,580400
Zambia,ZMB,2020,214600
Zambia,ZMB,2021,211100
Zimbabwe,ZWE,1996,186000
Zimbabwe,ZWE,1997,260000
Zimbabwe,ZWE,1998,262000
Zimbabwe,ZWE,1999,487000
Zimbabwe,ZWE,2000,352000
Zimbabwe,ZWE,2001,436000
Zimbabwe,ZWE,2004,593000
Zimbabwe,ZWE,2005,265000
Zimbabwe,ZWE,2006,393000
Zimbabwe,ZWE,2007,378000
Zimbabwe,ZWE,2008,129000
Zimbabwe,ZWE,2009,136000
Zimbabwe,ZWE,2010,343000
Zimbabwe,ZWE,2011,417000
Zimbabwe,ZWE,2012,369000
Zimbabwe,ZWE,2013,237400
Zimbabwe,ZWE,2014,184400
Zimbabwe,ZWE,2015,159900
Zimbabwe,ZWE,2016,142200
Zimbabwe,ZWE,2017,165600
Zimbabwe,ZWE,2018,302400
Zimbabwe,ZWE,2019,220600
Zimbabwe,ZWE,2020,100600
Zimbabwe,ZWE,2021,105700