Entity,Code,Year,Domestic guests in tourism accommodation (hotels and similar establishments)
Albania,ALB,1995,101000
Albania,ALB,1996,150000
Albania,ALB,1997,38000
Albania,ALB,1998,64000
Albania,ALB,1999,77000
Albania,ALB,2000,133000
Albania,ALB,2001,136000
Albania,ALB,2002,135000
Albania,ALB,2003,131000
Albania,ALB,2004,42000
Albania,ALB,2005,56000
Albania,ALB,2006,67000
Albania,ALB,2007,104000
Albania,ALB,2008,156000
Albania,ALB,2009,171000
Albania,ALB,2010,181000
Albania,ALB,2011,182000
Albania,ALB,2012,101000
Albania,ALB,2013,106000
Albania,ALB,2014,136000
Albania,ALB,2015,171000
Albania,ALB,2018,421000
Albania,ALB,2019,430000
Albania,ALB,2020,350000
Albania,ALB,2021,517000
Algeria,DZA,2015,3773000
Algeria,DZA,2016,3731000
Algeria,DZA,2017,3634000
Algeria,DZA,2018,3679000
Algeria,DZA,2019,3719000
Algeria,DZA,2020,1389000
Angola,AGO,2004,48000
Angola,AGO,2005,47000
Angola,AGO,2006,36000
Angola,AGO,2007,59000
Angola,AGO,2008,28000
Angola,AGO,2009,96000
Angola,AGO,2010,152000
Angola,AGO,2011,251000
Angola,AGO,2012,281000
Angola,AGO,2013,337000
Angola,AGO,2014,369000
Angola,AGO,2015,264000
Angola,AGO,2016,130000
Angola,AGO,2017,111000
Angola,AGO,2018,264000
Angola,AGO,2019,240000
Angola,AGO,2020,196000
Angola,AGO,2021,216000
Argentina,ARG,2005,11813000
Argentina,ARG,2007,15088000
Argentina,ARG,2008,14674000
Argentina,ARG,2009,13588000
Argentina,ARG,2010,14530000
Argentina,ARG,2011,15248000
Argentina,ARG,2012,15384000
Argentina,ARG,2013,14993000
Argentina,ARG,2014,15078000
Argentina,ARG,2015,15708000
Argentina,ARG,2016,15523000
Argentina,ARG,2017,16763000
Argentina,ARG,2018,16330000
Argentina,ARG,2019,16289000
Argentina,ARG,2020,4669000
Argentina,ARG,2021,10389000
Australia,AUS,1999,25687000
Australia,AUS,2000,24999000
Australia,AUS,2001,25747000
Australia,AUS,2002,26005000
Australia,AUS,2003,25926000
Australia,AUS,2004,26964000
Australia,AUS,2005,26196000
Australia,AUS,2006,26685000
Australia,AUS,2007,28271000
Australia,AUS,2008,27387000
Australia,AUS,2009,25667000
Australia,AUS,2010,26628000
Australia,AUS,2011,27513000
Australia,AUS,2012,27421000
Australia,AUS,2013,27896000
Australia,AUS,2014,29635000
Australia,AUS,2015,31072000
Australia,AUS,2016,31837000
Australia,AUS,2017,35251000
Australia,AUS,2018,36591000
Australia,AUS,2019,40088000
Australia,AUS,2020,19102000
Australia,AUS,2021,23403000
Austria,AUT,1995,4761000
Austria,AUT,1996,4856000
Austria,AUT,1997,5033000
Austria,AUT,1998,5301000
Austria,AUT,1999,5620000
Austria,AUT,2000,5956000
Austria,AUT,2001,6262000
Austria,AUT,2002,6286000
Austria,AUT,2003,6437000
Austria,AUT,2004,6600000
Austria,AUT,2005,6896000
Austria,AUT,2006,7400000
Austria,AUT,2007,7875000
Austria,AUT,2008,8119000
Austria,AUT,2009,8323000
Austria,AUT,2010,8804000
Austria,AUT,2011,8966000
Austria,AUT,2012,9310000
Austria,AUT,2013,9366000
Austria,AUT,2014,9574000
Austria,AUT,2015,9862000
Austria,AUT,2016,10331000
Austria,AUT,2017,10576000
Austria,AUT,2018,10912000
Austria,AUT,2019,11144000
Austria,AUT,2020,7236000
Austria,AUT,2021,7042000
Azerbaijan,AZE,2001,44000
Azerbaijan,AZE,2002,56000
Azerbaijan,AZE,2003,69000
Azerbaijan,AZE,2004,114000
Azerbaijan,AZE,2005,134000
Azerbaijan,AZE,2006,141000
Azerbaijan,AZE,2007,152000
Azerbaijan,AZE,2008,207000
Azerbaijan,AZE,2009,215000
Azerbaijan,AZE,2010,226000
Azerbaijan,AZE,2011,252000
Azerbaijan,AZE,2012,253000
Azerbaijan,AZE,2013,271000
Azerbaijan,AZE,2014,280000
Azerbaijan,AZE,2015,342000
Azerbaijan,AZE,2016,345000
Azerbaijan,AZE,2017,433000
Azerbaijan,AZE,2018,515000
Azerbaijan,AZE,2019,603000
Azerbaijan,AZE,2020,401000
Azerbaijan,AZE,2021,901000
Bahrain,BHR,2016,55000
Bahrain,BHR,2017,48000
Bahrain,BHR,2018,86000
Bahrain,BHR,2019,100000
Belarus,BLR,1998,1070000
Belarus,BLR,1999,1194000
Belarus,BLR,2000,1187000
Belarus,BLR,2001,1109000
Belarus,BLR,2002,862000
Belarus,BLR,2003,989000
Belarus,BLR,2004,1030000
Belarus,BLR,2005,1084000
Belarus,BLR,2006,1171000
Belarus,BLR,2007,1184000
Belarus,BLR,2008,1174000
Belarus,BLR,2009,1098000
Belarus,BLR,2010,1127000
Belarus,BLR,2011,1144000
Belarus,BLR,2012,1097000
Belarus,BLR,2013,1065000
Belarus,BLR,2014,998000
Belarus,BLR,2015,918000
Belarus,BLR,2016,885000
Belarus,BLR,2017,888000
Belarus,BLR,2018,970000
Belarus,BLR,2019,965000
Belarus,BLR,2020,751000
Belarus,BLR,2021,1073000
Belgium,BEL,1995,1114000
Belgium,BEL,1996,1543000
Belgium,BEL,1997,1647000
Belgium,BEL,1998,1740000
Belgium,BEL,1999,1862000
Belgium,BEL,2000,2048000
Belgium,BEL,2001,2093000
Belgium,BEL,2002,2103000
Belgium,BEL,2003,2119000
Belgium,BEL,2004,2208000
Belgium,BEL,2005,2364000
Belgium,BEL,2006,2596000
Belgium,BEL,2007,2877000
Belgium,BEL,2008,3081000
Belgium,BEL,2009,3218000
Belgium,BEL,2010,3601000
Belgium,BEL,2011,3883000
Belgium,BEL,2012,3806000
Belgium,BEL,2013,3947000
Belgium,BEL,2014,4175000
Belgium,BEL,2015,4304000
Belgium,BEL,2016,4326000
Belgium,BEL,2017,4492000
Belgium,BEL,2018,4801000
Belgium,BEL,2019,4954000
Belgium,BEL,2020,2538000
Belgium,BEL,2021,3996000
Bolivia,BOL,1995,647000
Bolivia,BOL,1996,677000
Bolivia,BOL,1997,702000
Bolivia,BOL,1998,728000
Bolivia,BOL,1999,708000
Bolivia,BOL,2000,658000
Bolivia,BOL,2001,673000
Bolivia,BOL,2002,742000
Bolivia,BOL,2003,775000
Bolivia,BOL,2004,871000
Bolivia,BOL,2005,933000
Bolivia,BOL,2006,1088000
Bolivia,BOL,2007,1092000
Bolivia,BOL,2008,1129000
Bolivia,BOL,2009,1151000
Bolivia,BOL,2010,1197000
Bolivia,BOL,2011,1299000
Bolivia,BOL,2012,1367000
Bolivia,BOL,2013,1507000
Bolivia,BOL,2014,1559000
Bolivia,BOL,2015,1570000
Bolivia,BOL,2016,1581000
Bolivia,BOL,2017,1597000
Bolivia,BOL,2018,1553000
Bolivia,BOL,2019,1535000
Bolivia,BOL,2020,499000
Bolivia,BOL,2021,764000
Bosnia and Herzegovina,BIH,2007,265000
Bosnia and Herzegovina,BIH,2008,275000
Bosnia and Herzegovina,BIH,2009,246000
Bosnia and Herzegovina,BIH,2010,261000
Bosnia and Herzegovina,BIH,2011,262000
Bosnia and Herzegovina,BIH,2012,274000
Bosnia and Herzegovina,BIH,2013,297000
Bosnia and Herzegovina,BIH,2014,293000
Bosnia and Herzegovina,BIH,2015,329000
Bosnia and Herzegovina,BIH,2016,346000
Bosnia and Herzegovina,BIH,2017,357000
Bosnia and Herzegovina,BIH,2018,375000
Bosnia and Herzegovina,BIH,2019,412000
Bosnia and Herzegovina,BIH,2020,288000
Bosnia and Herzegovina,BIH,2021,443000
Botswana,BWA,2001,74000
Botswana,BWA,2002,149000
Botswana,BWA,2003,119000
Botswana,BWA,2004,89000
Botswana,BWA,2005,145000
Botswana,BWA,2011,481000
Botswana,BWA,2013,503000
Bulgaria,BGR,1999,1264000
Bulgaria,BGR,2000,1321000
Bulgaria,BGR,2001,1204000
Bulgaria,BGR,2002,1352000
Bulgaria,BGR,2003,1431000
Bulgaria,BGR,2004,1503000
Bulgaria,BGR,2005,1721000
Bulgaria,BGR,2006,1921000
Bulgaria,BGR,2007,2228000
Bulgaria,BGR,2008,2442000
Bulgaria,BGR,2009,2100000
Bulgaria,BGR,2010,1996000
Bulgaria,BGR,2011,2242000
Bulgaria,BGR,2012,2450000
Bulgaria,BGR,2013,2611000
Bulgaria,BGR,2014,2727000
Bulgaria,BGR,2015,2938000
Bulgaria,BGR,2016,3273000
Bulgaria,BGR,2017,3262000
Bulgaria,BGR,2018,3317000
Bulgaria,BGR,2019,3517000
Bulgaria,BGR,2020,2410000
Bulgaria,BGR,2021,3242000
Burkina Faso,BFA,1995,49000
Burkina Faso,BFA,1996,52000
Burkina Faso,BFA,1997,55000
Burkina Faso,BFA,1998,49000
Burkina Faso,BFA,1999,33000
Burkina Faso,BFA,2000,40000
Burkina Faso,BFA,2001,56000
Burkina Faso,BFA,2002,48000
Burkina Faso,BFA,2003,54000
Burkina Faso,BFA,2004,68000
Burkina Faso,BFA,2005,80000
Burkina Faso,BFA,2006,95000
Burkina Faso,BFA,2007,85000
Burkina Faso,BFA,2008,104000
Burkina Faso,BFA,2009,132000
Burkina Faso,BFA,2010,153000
Burkina Faso,BFA,2011,196000
Burkina Faso,BFA,2012,246000
Burkina Faso,BFA,2013,289000
Burkina Faso,BFA,2014,295000
Burkina Faso,BFA,2015,311000
Burkina Faso,BFA,2016,337000
Burkina Faso,BFA,2017,369000
Burkina Faso,BFA,2018,396000
Burkina Faso,BFA,2019,426000
Burkina Faso,BFA,2020,369000
Burkina Faso,BFA,2021,414000
Cameroon,CMR,2004,886000
Cameroon,CMR,2005,977000
Cameroon,CMR,2006,1162000
Cameroon,CMR,2007,1340000
Cameroon,CMR,2008,1489000
Cameroon,CMR,2009,1680000
Cameroon,CMR,2010,1855000
Cameroon,CMR,2011,1980000
Cameroon,CMR,2012,2115000
Cameroon,CMR,2013,1546000
Cameroon,CMR,2014,1590000
Cameroon,CMR,2015,1612000
Cameroon,CMR,2016,1645000
Cameroon,CMR,2017,1584000
Cameroon,CMR,2018,1596000
Cameroon,CMR,2019,1766000
Cameroon,CMR,2020,1005000
Cape Verde,CPV,2000,30000
Cape Verde,CPV,2001,28000
Cape Verde,CPV,2002,26000
Cape Verde,CPV,2003,28000
Cape Verde,CPV,2004,28000
Cape Verde,CPV,2005,36000
Cape Verde,CPV,2006,39000
Cape Verde,CPV,2007,46000
Cape Verde,CPV,2008,48000
Cape Verde,CPV,2009,43000
Cape Verde,CPV,2010,46000
Cape Verde,CPV,2011,47000
Cape Verde,CPV,2012,52000
Cape Verde,CPV,2013,49000
Cape Verde,CPV,2014,46000
Cape Verde,CPV,2015,50000
Cape Verde,CPV,2016,46000
Cape Verde,CPV,2017,49000
Cape Verde,CPV,2018,56000
Cape Verde,CPV,2019,61000
Cape Verde,CPV,2020,27200
Cape Verde,CPV,2021,34000
Central African Republic,CAF,2000,1000
Central African Republic,CAF,2003,1000
Central African Republic,CAF,2004,1000
Central African Republic,CAF,2007,1000
Central African Republic,CAF,2008,3000
Central African Republic,CAF,2009,2000
Central African Republic,CAF,2010,3000
Central African Republic,CAF,2011,3300
Central African Republic,CAF,2012,3800
Central African Republic,CAF,2013,11200
Central African Republic,CAF,2014,12200
Central African Republic,CAF,2015,14700
Central African Republic,CAF,2016,58000
Central African Republic,CAF,2017,68000
Central African Republic,CAF,2018,69000
Central African Republic,CAF,2019,79000
Central African Republic,CAF,2020,52000
Central African Republic,CAF,2021,125000
Chad,TCD,2008,1100
Chad,TCD,2009,1100
Chad,TCD,2010,1000
Chad,TCD,2011,1800
Chad,TCD,2012,4500
Chad,TCD,2020,4200
Chad,TCD,2021,10700
Chile,CHL,1998,2036000
Chile,CHL,1999,1868000
Chile,CHL,2000,1944000
Chile,CHL,2001,1900000
Chile,CHL,2002,2124000
Chile,CHL,2003,2199000
Chile,CHL,2004,2287000
Chile,CHL,2005,2888000
Chile,CHL,2006,3082000
Chile,CHL,2007,3371000
Chile,CHL,2008,3531000
Chile,CHL,2009,3328000
Chile,CHL,2010,3337000
Chile,CHL,2011,3978000
Chile,CHL,2012,4438000
Chile,CHL,2013,4614000
Chile,CHL,2014,6116000
Chile,CHL,2015,5977000
Chile,CHL,2016,6017000
Chile,CHL,2017,7943962
Chile,CHL,2018,8143576.5
Chile,CHL,2019,7797161
Congo,COG,1996,22000
Congo,COG,1997,19000
Congo,COG,1998,12000
Congo,COG,1999,12000
Congo,COG,2000,16000
Congo,COG,2001,15000
Congo,COG,2002,12000
Congo,COG,2003,10000
Congo,COG,2004,13000
Congo,COG,2005,15000
Congo,COG,2006,17000
Congo,COG,2007,20000
Congo,COG,2008,25000
Congo,COG,2009,46000
Congo,COG,2010,51000
Congo,COG,2011,76000
Congo,COG,2012,80000
Congo,COG,2013,152000
Congo,COG,2014,188000
Congo,COG,2015,150000
Congo,COG,2016,139000
Congo,COG,2017,92000
Congo,COG,2018,112000
Croatia,HRV,1995,882000
Croatia,HRV,1996,940000
Croatia,HRV,1997,968000
Croatia,HRV,1998,962000
Croatia,HRV,1999,948000
Croatia,HRV,2000,911000
Croatia,HRV,2001,927000
Croatia,HRV,2002,886000
Croatia,HRV,2003,960000
Croatia,HRV,2004,979000
Croatia,HRV,2005,1002000
Croatia,HRV,2006,1071000
Croatia,HRV,2007,1153000
Croatia,HRV,2008,1128000
Croatia,HRV,2009,970000
Croatia,HRV,2010,911000
Croatia,HRV,2011,942000
Croatia,HRV,2012,889000
Croatia,HRV,2013,888000
Croatia,HRV,2014,874000
Croatia,HRV,2015,946000
Croatia,HRV,2016,1005000
Croatia,HRV,2017,1014000
Croatia,HRV,2018,1099000
Croatia,HRV,2019,1187000
Croatia,HRV,2020,640000
Croatia,HRV,2021,1111000
Cyprus,CYP,2000,279000
Cyprus,CYP,2001,332000
Cyprus,CYP,2002,376000
Cyprus,CYP,2003,400000
Cyprus,CYP,2004,446000
Cyprus,CYP,2005,449000
Cyprus,CYP,2006,509000
Cyprus,CYP,2007,535000
Cyprus,CYP,2008,528000
Cyprus,CYP,2009,593000
Cyprus,CYP,2010,613000
Cyprus,CYP,2011,546000
Cyprus,CYP,2012,505000
Cyprus,CYP,2013,438000
Cyprus,CYP,2014,432000
Cyprus,CYP,2015,441000
Cyprus,CYP,2016,462000
Cyprus,CYP,2017,457000
Cyprus,CYP,2018,511000
Cyprus,CYP,2019,553000
Cyprus,CYP,2020,572000
Cyprus,CYP,2021,713000
Czechia,CZE,1999,3160000
Czechia,CZE,2000,3398000
Czechia,CZE,2001,3293000
Czechia,CZE,2002,3438000
Czechia,CZE,2003,3462000
Czechia,CZE,2004,3346000
Czechia,CZE,2005,3388000
Czechia,CZE,2006,3595000
Czechia,CZE,2007,3795000
Czechia,CZE,2008,3954000
Czechia,CZE,2009,3726000
Czechia,CZE,2010,3816000
Czechia,CZE,2011,4102000
Czechia,CZE,2012,5048000
Czechia,CZE,2013,5046000
Czechia,CZE,2014,5053000
Czechia,CZE,2015,5736000
Czechia,CZE,2016,6298000
Czechia,CZE,2017,6924000
Czechia,CZE,2018,7455000
Czechia,CZE,2019,7768000
Czechia,CZE,2020,5368000
Czechia,CZE,2021,6324000
Democratic Republic of Congo,COD,1999,7000
Democratic Republic of Congo,COD,2000,3000
Democratic Republic of Congo,COD,2001,5000
Democratic Republic of Congo,COD,2002,5000
Democratic Republic of Congo,COD,2003,11000
Democratic Republic of Congo,COD,2004,16000
Democratic Republic of Congo,COD,2005,13000
Democratic Republic of Congo,COD,2006,11000
Democratic Republic of Congo,COD,2007,9000
Democratic Republic of Congo,COD,2008,12000
Democratic Republic of Congo,COD,2009,11000
Denmark,DNK,1996,1500000
Denmark,DNK,1997,1489000
Denmark,DNK,1998,1550000
Denmark,DNK,1999,1577000
Denmark,DNK,2000,2101000
Denmark,DNK,2001,2096000
Denmark,DNK,2002,2172000
Denmark,DNK,2003,2112000
Denmark,DNK,2004,2805000
Denmark,DNK,2005,3348000
Denmark,DNK,2006,3799000
Denmark,DNK,2007,4186000
Denmark,DNK,2008,4082000
Denmark,DNK,2009,3706000
Denmark,DNK,2010,3928000
Denmark,DNK,2011,1666000
Denmark,DNK,2012,1713000
Denmark,DNK,2013,1767000
Denmark,DNK,2014,3631000
Denmark,DNK,2015,3917000
Denmark,DNK,2016,4089000
Denmark,DNK,2017,4487000
Denmark,DNK,2018,4616000
Denmark,DNK,2019,6275000
Denmark,DNK,2020,4239000
Denmark,DNK,2021,5544000
East Timor,TLS,2009,1100
East Timor,TLS,2010,1900
East Timor,TLS,2011,180
East Timor,TLS,2013,3300
East Timor,TLS,2014,1500
East Timor,TLS,2015,2000
East Timor,TLS,2016,1700
East Timor,TLS,2017,1200
East Timor,TLS,2018,1200
Ecuador,ECU,2010,1455000
Ecuador,ECU,2011,1718000
Ecuador,ECU,2012,1708000
Ecuador,ECU,2013,1652000
Ecuador,ECU,2014,1768000
Ecuador,ECU,2015,1840000
Ecuador,ECU,2016,1868000
Ecuador,ECU,2017,1896000
Ecuador,ECU,2018,1924000
Ecuador,ECU,2019,1952000
Ecuador,ECU,2020,581800
Ecuador,ECU,2021,1194200
Egypt,EGY,2000,1030000
Egypt,EGY,2001,1140000
Egypt,EGY,2002,1397000
Egypt,EGY,2003,2212000
Estonia,EST,2001,306000
Estonia,EST,2002,250000
Estonia,EST,2003,306000
Estonia,EST,2004,385000
Estonia,EST,2005,428000
Estonia,EST,2006,571000
Estonia,EST,2007,676000
Estonia,EST,2008,658000
Estonia,EST,2009,560000
Estonia,EST,2010,612000
Estonia,EST,2011,668000
Estonia,EST,2012,705000
Estonia,EST,2013,756000
Estonia,EST,2014,818000
Estonia,EST,2015,880000
Estonia,EST,2016,950000
Estonia,EST,2017,1033000
Estonia,EST,2018,1083000
Estonia,EST,2019,1138000
Estonia,EST,2020,993000
Estonia,EST,2021,1191000
Eswatini,SWZ,1996,22000
Eswatini,SWZ,1997,26000
Eswatini,SWZ,1998,22000
Eswatini,SWZ,1999,23000
Eswatini,SWZ,2000,24000
Eswatini,SWZ,2001,50000
Eswatini,SWZ,2002,76000
Eswatini,SWZ,2003,136000
Eswatini,SWZ,2005,39000
Eswatini,SWZ,2006,54000
Eswatini,SWZ,2007,86000
Eswatini,SWZ,2008,93000
Eswatini,SWZ,2009,121000
Eswatini,SWZ,2010,104000
Eswatini,SWZ,2011,95000
Eswatini,SWZ,2012,102000
Eswatini,SWZ,2013,108000
Eswatini,SWZ,2014,110000
Eswatini,SWZ,2015,115000
Eswatini,SWZ,2016,139000
Eswatini,SWZ,2017,114000
Eswatini,SWZ,2018,118000
Eswatini,SWZ,2019,128000
Eswatini,SWZ,2020,89000
Eswatini,SWZ,2021,106000
Finland,FIN,1995,4623000
Finland,FIN,1996,4793000
Finland,FIN,1997,5002000
Finland,FIN,1998,5202000
Finland,FIN,1999,5285000
Finland,FIN,2000,5415000
Finland,FIN,2001,5442000
Finland,FIN,2002,5327000
Finland,FIN,2003,5415000
Finland,FIN,2004,5736000
Finland,FIN,2005,5948000
Finland,FIN,2006,6203000
Finland,FIN,2007,6520000
Finland,FIN,2008,6671000
Finland,FIN,2009,6429000
Finland,FIN,2010,6753000
Finland,FIN,2011,6945000
Finland,FIN,2012,6967000
Finland,FIN,2013,6857000
Finland,FIN,2014,6743000
Finland,FIN,2015,6960000
Finland,FIN,2016,7120000
Finland,FIN,2017,7394000
Finland,FIN,2018,7499000
Finland,FIN,2019,7854000
Finland,FIN,2020,5062000
Finland,FIN,2021,6538000
France,FRA,1995,51873000
France,FRA,1998,54022000
France,FRA,1999,62128000
France,FRA,2000,64913000
France,FRA,2001,66111000
France,FRA,2002,65253000
France,FRA,2003,66365000
France,FRA,2004,69705000
France,FRA,2005,72587000
France,FRA,2006,72230000
France,FRA,2007,74892000
France,FRA,2008,75144000
France,FRA,2009,74904000
France,FRA,2010,75834000
France,FRA,2011,78793000
France,FRA,2012,77835000
France,FRA,2013,77580000
France,FRA,2014,78258000
France,FRA,2015,78668000
France,FRA,2016,80514000
France,FRA,2017,82619000
France,FRA,2018,81916000
France,FRA,2019,84379000
France,FRA,2020,62010000
France,FRA,2021,78458000
Georgia,GEO,2000,43000
Georgia,GEO,2001,43000
Georgia,GEO,2002,41000
Georgia,GEO,2003,44000
Georgia,GEO,2004,56000
Georgia,GEO,2005,89000
Georgia,GEO,2006,134000
Georgia,GEO,2007,179000
Georgia,GEO,2008,163000
Georgia,GEO,2009,199000
Georgia,GEO,2010,290000
Georgia,GEO,2011,415000
Georgia,GEO,2012,560000
Georgia,GEO,2013,482000
Georgia,GEO,2014,525000
Georgia,GEO,2015,685000
Georgia,GEO,2016,870000
Georgia,GEO,2017,1026000
Georgia,GEO,2018,1051000
Georgia,GEO,2019,1146000
Georgia,GEO,2020,934000
Germany,DEU,1995,58779000
Germany,DEU,1996,60216000
Germany,DEU,1997,61797000
Germany,DEU,1998,64186000
Germany,DEU,1999,68025000
Germany,DEU,2000,72368000
Germany,DEU,2001,72387000
Germany,DEU,2002,70023000
Germany,DEU,2003,70316000
Germany,DEU,2004,72857000
Germany,DEU,2005,75363000
Germany,DEU,2006,78037000
Germany,DEU,2007,80988000
Germany,DEU,2008,82654000
Germany,DEU,2009,82847000
Germany,DEU,2010,87304000
Germany,DEU,2011,92473000
Germany,DEU,2012,95238000
Germany,DEU,2013,96475000
Germany,DEU,2014,99760000
Germany,DEU,2015,103021000
Germany,DEU,2016,106445000
Germany,DEU,2017,110444000
Germany,DEU,2018,113803000
Germany,DEU,2019,117726000
Germany,DEU,2020,63491000
Germany,DEU,2021,63256000
Greece,GRC,1995,4702000
Greece,GRC,1996,4694000
Greece,GRC,1997,5375000
Greece,GRC,1998,5530000
Greece,GRC,1999,5619000
Greece,GRC,2000,5837000
Greece,GRC,2001,5528000
Greece,GRC,2002,5465000
Greece,GRC,2003,5650000
Greece,GRC,2004,5567000
Greece,GRC,2005,5933000
Greece,GRC,2006,6128000
Greece,GRC,2007,6950000
Greece,GRC,2008,6968000
Greece,GRC,2009,7352000
Greece,GRC,2010,6876000
Greece,GRC,2011,6313000
Greece,GRC,2012,5257000
Greece,GRC,2013,5519000
Greece,GRC,2014,5537000
Greece,GRC,2015,5744000
Greece,GRC,2016,5996000
Greece,GRC,2017,6106000
Greece,GRC,2018,7342000
Greece,GRC,2019,7369000
Greece,GRC,2020,3597000
Greece,GRC,2021,4465000
Hungary,HUN,1995,1613000
Hungary,HUN,1996,1657000
Hungary,HUN,1997,1748000
Hungary,HUN,1998,1874000
Hungary,HUN,1999,2029000
Hungary,HUN,2000,2135000
Hungary,HUN,2001,2148000
Hungary,HUN,2002,2273000
Hungary,HUN,2003,2380000
Hungary,HUN,2004,2452000
Hungary,HUN,2005,2778000
Hungary,HUN,2006,3007000
Hungary,HUN,2007,3188000
Hungary,HUN,2008,3313000
Hungary,HUN,2009,3068000
Hungary,HUN,2010,3184000
Hungary,HUN,2011,3337000
Hungary,HUN,2012,3371000
Hungary,HUN,2013,3626000
Hungary,HUN,2014,4054000
Hungary,HUN,2015,4450000
Hungary,HUN,2016,4752000
Hungary,HUN,2017,5067000
Hungary,HUN,2018,5423000
Hungary,HUN,2019,5572000
Hungary,HUN,2020,3333000
Hungary,HUN,2021,3579000
Iceland,ISL,1998,192000
Iceland,ISL,1999,208000
Iceland,ISL,2000,189000
Iceland,ISL,2001,176000
Iceland,ISL,2002,187000
Iceland,ISL,2003,194000
Iceland,ISL,2004,204000
Iceland,ISL,2005,229000
Iceland,ISL,2006,245000
Iceland,ISL,2007,274000
Iceland,ISL,2008,270000
Iceland,ISL,2009,255000
Iceland,ISL,2010,247000
Iceland,ISL,2011,258000
Iceland,ISL,2012,274000
Iceland,ISL,2013,302000
Iceland,ISL,2014,315000
Iceland,ISL,2015,323000
Iceland,ISL,2016,380000
Iceland,ISL,2017,379000
Iceland,ISL,2018,425000
Iceland,ISL,2019,378000
Iceland,ISL,2020,483000
Iceland,ISL,2021,695000
Indonesia,IDN,2001,8903000
Indonesia,IDN,2002,9861000
Indonesia,IDN,2003,10582000
Indonesia,IDN,2004,11682000
Indonesia,IDN,2005,11610000
Indonesia,IDN,2006,11659000
Indonesia,IDN,2007,13113000
Indonesia,IDN,2008,14351000
Indonesia,IDN,2009,17213000
Indonesia,IDN,2010,18560000
Indonesia,IDN,2011,22083000
Indonesia,IDN,2012,24763000
Indonesia,IDN,2013,38168000
Indonesia,IDN,2014,41396000
Indonesia,IDN,2015,46224000
Indonesia,IDN,2016,63228000
Indonesia,IDN,2017,70381000
Indonesia,IDN,2018,73097000
Indonesia,IDN,2019,74067000
Indonesia,IDN,2020,117611000
Indonesia,IDN,2021,187368000
Iran,IRN,1995,2812000
Iran,IRN,1996,3239000
Iran,IRN,1997,2934000
Iran,IRN,1998,3444000
Iran,IRN,1999,2213000
Iran,IRN,2000,2173000
Iran,IRN,2001,1987000
Iran,IRN,2002,2330000
Iran,IRN,2003,2516000
Iran,IRN,2010,21087000
Iran,IRN,2011,25704000
Ireland,IRL,1999,2697000
Ireland,IRL,2000,2773000
Ireland,IRL,2010,3351000
Ireland,IRL,2011,3162000
Ireland,IRL,2012,3680000
Ireland,IRL,2013,3712000
Ireland,IRL,2014,4055000
Ireland,IRL,2015,4179000
Ireland,IRL,2016,4082000
Ireland,IRL,2017,4405000
Ireland,IRL,2018,4691000
Ireland,IRL,2019,5113000
Israel,ISR,1997,3419000
Israel,ISR,1998,3938000
Israel,ISR,1999,4164000
Israel,ISR,2000,4132000
Israel,ISR,2001,4963000
Israel,ISR,2002,5134000
Israel,ISR,2003,5060000
Israel,ISR,2004,5180000
Israel,ISR,2005,5154000
Israel,ISR,2006,5178000
Israel,ISR,2007,5101000
Israel,ISR,2008,4800000
Israel,ISR,2009,4915000
Israel,ISR,2010,4943000
Israel,ISR,2011,5038000
Israel,ISR,2012,5331000
Israel,ISR,2013,5506000
Israel,ISR,2014,5699000
Israel,ISR,2015,6018000
Israel,ISR,2016,6151000
Israel,ISR,2017,6331000
Israel,ISR,2018,6406000
Israel,ISR,2019,6507000
Israel,ISR,2020,3111000
Israel,ISR,2021,6850000
Italy,ITA,1999,36497000
Italy,ITA,2000,37963000
Italy,ITA,2001,38648000
Italy,ITA,2002,38011000
Italy,ITA,2003,39155000
Italy,ITA,2004,40767000
Italy,ITA,2005,41276000
Italy,ITA,2006,42521000
Italy,ITA,2007,43282000
Italy,ITA,2008,43498000
Italy,ITA,2009,43698000
Italy,ITA,2010,44354000
Italy,ITA,2011,45072000
Italy,ITA,2012,43777000
Italy,ITA,2013,42650000
Italy,ITA,2014,43471000
Italy,ITA,2015,45922000
Italy,ITA,2016,46851000
Italy,ITA,2017,48425000
Italy,ITA,2018,49948000
Italy,ITA,2019,50422000
Italy,ITA,2020,28021000
Italy,ITA,2021,37612000
Japan,JPN,2008,225605000
Japan,JPN,2009,225142000
Japan,JPN,2010,251195000
Japan,JPN,2011,282478000
Japan,JPN,2012,294667000
Japan,JPN,2013,307224000
Japan,JPN,2014,304680000
Japan,JPN,2015,312900000
Japan,JPN,2016,311415000
Japan,JPN,2017,310073000
Japan,JPN,2018,316990000
Japan,JPN,2019,342883000
Japan,JPN,2020,223016000
Japan,JPN,2021,221243000
Jordan,JOR,2003,452000
Jordan,JOR,2004,522000
Jordan,JOR,2005,505000
Jordan,JOR,2006,559000
Jordan,JOR,2007,595000
Jordan,JOR,2008,633000
Jordan,JOR,2009,515000
Jordan,JOR,2010,469000
Jordan,JOR,2011,550000
Jordan,JOR,2012,582000
Jordan,JOR,2016,808000
Jordan,JOR,2017,753000
Jordan,JOR,2018,904000
Jordan,JOR,2019,1087000
Jordan,JOR,2020,627000
Jordan,JOR,2021,944000
Kyrgyzstan,KGZ,2000,102000
Kyrgyzstan,KGZ,2001,72000
Kyrgyzstan,KGZ,2002,80000
Kyrgyzstan,KGZ,2003,82000
Kyrgyzstan,KGZ,2004,101000
Kyrgyzstan,KGZ,2005,92000
Kyrgyzstan,KGZ,2006,95000
Kyrgyzstan,KGZ,2007,117000
Kyrgyzstan,KGZ,2008,129000
Kyrgyzstan,KGZ,2009,127000
Kyrgyzstan,KGZ,2010,100000
Kyrgyzstan,KGZ,2011,118000
Kyrgyzstan,KGZ,2012,148000
Kyrgyzstan,KGZ,2013,160000
Kyrgyzstan,KGZ,2014,155000
Kyrgyzstan,KGZ,2015,165000
Kyrgyzstan,KGZ,2016,151000
Kyrgyzstan,KGZ,2017,161000
Kyrgyzstan,KGZ,2018,153000
Kyrgyzstan,KGZ,2019,155000
Kyrgyzstan,KGZ,2020,77000
Kyrgyzstan,KGZ,2021,139000
Latvia,LVA,1999,198000
Latvia,LVA,2000,204000
Latvia,LVA,2001,210000
Latvia,LVA,2002,225000
Latvia,LVA,2003,257000
Latvia,LVA,2004,287000
Latvia,LVA,2005,354000
Latvia,LVA,2006,418000
Latvia,LVA,2007,541000
Latvia,LVA,2008,483000
Latvia,LVA,2009,302000
Latvia,LVA,2010,356000
Latvia,LVA,2011,427000
Latvia,LVA,2013,474000
Latvia,LVA,2014,545000
Latvia,LVA,2015,493000
Latvia,LVA,2016,515000
Latvia,LVA,2017,545000
Latvia,LVA,2018,614000
Latvia,LVA,2019,617000
Latvia,LVA,2020,493000
Latvia,LVA,2021,566000
Liechtenstein,LIE,1999,1000
Liechtenstein,LIE,2000,1300
Liechtenstein,LIE,2001,1300
Liechtenstein,LIE,2002,1000
Liechtenstein,LIE,2003,1200
Liechtenstein,LIE,2004,1600
Liechtenstein,LIE,2005,1300
Liechtenstein,LIE,2006,1300
Liechtenstein,LIE,2007,1300
Liechtenstein,LIE,2008,1800
Liechtenstein,LIE,2009,2100
Liechtenstein,LIE,2010,2000
Liechtenstein,LIE,2011,2500
Liechtenstein,LIE,2012,1600
Liechtenstein,LIE,2013,700
Liechtenstein,LIE,2014,400
Liechtenstein,LIE,2015,500
Liechtenstein,LIE,2016,1000
Liechtenstein,LIE,2017,1100
Liechtenstein,LIE,2018,1000
Liechtenstein,LIE,2019,1000
Liechtenstein,LIE,2020,1100
Liechtenstein,LIE,2021,2000
Lithuania,LTU,1995,177000
Lithuania,LTU,1996,156000
Lithuania,LTU,1997,160000
Lithuania,LTU,1998,172000
Lithuania,LTU,1999,148000
Lithuania,LTU,2000,142000
Lithuania,LTU,2001,141000
Lithuania,LTU,2002,156000
Lithuania,LTU,2003,175000
Lithuania,LTU,2004,258000
Lithuania,LTU,2005,347000
Lithuania,LTU,2006,463000
Lithuania,LTU,2007,567000
Lithuania,LTU,2008,565000
Lithuania,LTU,2009,414000
Lithuania,LTU,2010,451000
Lithuania,LTU,2011,519000
Lithuania,LTU,2012,586000
Lithuania,LTU,2013,647000
Lithuania,LTU,2014,708000
Lithuania,LTU,2015,777000
Lithuania,LTU,2016,821000
Lithuania,LTU,2017,925000
Lithuania,LTU,2018,1025000
Lithuania,LTU,2019,1152000
Lithuania,LTU,2020,856000
Lithuania,LTU,2021,1049000
Luxembourg,LUX,1999,19000
Luxembourg,LUX,2000,18000
Luxembourg,LUX,2001,20000
Luxembourg,LUX,2002,22000
Luxembourg,LUX,2003,24000
Luxembourg,LUX,2004,24000
Luxembourg,LUX,2005,29000
Luxembourg,LUX,2006,29000
Luxembourg,LUX,2007,32000
Luxembourg,LUX,2008,31000
Luxembourg,LUX,2009,31000
Luxembourg,LUX,2010,34000
Luxembourg,LUX,2011,34000
Luxembourg,LUX,2012,43000
Luxembourg,LUX,2013,68000
Luxembourg,LUX,2014,70000
Luxembourg,LUX,2015,69000
Luxembourg,LUX,2016,71000
Luxembourg,LUX,2017,73000
Luxembourg,LUX,2018,86000
Luxembourg,LUX,2019,86000
Luxembourg,LUX,2020,95000
Luxembourg,LUX,2021,67000
Malaysia,MYS,1999,11494000
Malaysia,MYS,2000,13606000
Malaysia,MYS,2001,15564000
Malaysia,MYS,2002,16458000
Malaysia,MYS,2003,18335000
Malaysia,MYS,2004,27885000
Malaysia,MYS,2005,29926000
Malaysia,MYS,2006,31900000
Malaysia,MYS,2007,36254000
Malaysia,MYS,2008,40610000
Malaysia,MYS,2009,32920000
Malaysia,MYS,2010,27535000
Malaysia,MYS,2011,27737000
Malaysia,MYS,2012,29901000
Malaysia,MYS,2013,34270000
Malaysia,MYS,2014,45377000
Malaysia,MYS,2015,45942000
Malaysia,MYS,2016,46437000
Malaysia,MYS,2017,49246000
Malaysia,MYS,2018,52419000
Malaysia,MYS,2019,51093000
Malaysia,MYS,2020,30704000
Malaysia,MYS,2021,19872000
Mali,MLI,2003,38000
Mali,MLI,2004,36000
Mali,MLI,2005,44000
Mali,MLI,2006,47000
Mali,MLI,2007,57000
Mali,MLI,2008,45000
Mali,MLI,2009,44000
Mali,MLI,2010,40000
Mali,MLI,2011,38000
Mali,MLI,2012,30000
Mali,MLI,2013,34000
Mali,MLI,2014,23000
Mali,MLI,2015,31000
Mali,MLI,2016,26000
Mali,MLI,2017,24000
Mali,MLI,2018,24500
Mali,MLI,2019,23000
Mali,MLI,2020,22500
Mali,MLI,2021,42800
Malta,MLT,2003,118300
Malta,MLT,2004,116700
Malta,MLT,2005,105000
Malta,MLT,2006,135000
Malta,MLT,2007,143300
Malta,MLT,2008,141600
Malta,MLT,2009,158100
Malta,MLT,2010,157700
Malta,MLT,2011,143600
Malta,MLT,2012,154300
Malta,MLT,2013,149000
Malta,MLT,2014,156000
Malta,MLT,2015,157000
Malta,MLT,2016,151000
Malta,MLT,2017,167000
Malta,MLT,2018,185000
Malta,MLT,2019,201000
Mexico,MEX,1995,20765000
Mexico,MEX,1996,21968000
Mexico,MEX,1997,23301000
Mexico,MEX,1999,32448000
Mexico,MEX,2000,30915000
Mexico,MEX,2001,29618000
Mexico,MEX,2002,29939000
Mexico,MEX,2003,31128000
Mexico,MEX,2004,34454000
Mexico,MEX,2005,34547000
Mexico,MEX,2006,35192000
Mexico,MEX,2007,41961000
Mexico,MEX,2008,45420000
Mexico,MEX,2009,43088000
Mexico,MEX,2010,45274000
Mexico,MEX,2011,46582000
Mexico,MEX,2012,47331000
Mexico,MEX,2013,48441000
Mexico,MEX,2014,50051000
Mexico,MEX,2015,53341000
Mexico,MEX,2016,55825000
Mexico,MEX,2017,58586000
Mexico,MEX,2018,61159000
Mexico,MEX,2019,62333000
Mexico,MEX,2020,28869000
Mexico,MEX,2021,46553000
Moldova,MDA,2004,99000
Moldova,MDA,2005,104000
Moldova,MDA,2006,107000
Moldova,MDA,2007,90000
Moldova,MDA,2008,74000
Moldova,MDA,2009,56000
Moldova,MDA,2010,61000
Moldova,MDA,2011,59300
Moldova,MDA,2012,60000
Moldova,MDA,2013,63000
Moldova,MDA,2014,65000
Moldova,MDA,2015,58000
Moldova,MDA,2016,73000
Moldova,MDA,2017,75000
Moldova,MDA,2018,78000
Moldova,MDA,2019,75000
Moldova,MDA,2020,41000
Moldova,MDA,2021,61000
Monaco,MCO,2015,10100
Monaco,MCO,2016,4000
Monaco,MCO,2017,5000
Monaco,MCO,2018,6000
Monaco,MCO,2019,6000
Monaco,MCO,2020,2000
Monaco,MCO,2021,3200
Montenegro,MNE,2002,174000
Montenegro,MNE,2003,165000
Montenegro,MNE,2004,196000
Montenegro,MNE,2005,197000
Montenegro,MNE,2006,169000
Montenegro,MNE,2007,84000
Montenegro,MNE,2008,96000
Montenegro,MNE,2009,88000
Montenegro,MNE,2010,85000
Montenegro,MNE,2011,83000
Montenegro,MNE,2012,80000
Montenegro,MNE,2013,69000
Montenegro,MNE,2014,63000
Montenegro,MNE,2015,76000
Montenegro,MNE,2016,77000
Montenegro,MNE,2017,112000
Montenegro,MNE,2018,118000
Montenegro,MNE,2019,125000
Montenegro,MNE,2020,89000
Montenegro,MNE,2021,101000
Morocco,MAR,1995,1013000
Morocco,MAR,1996,1004000
Morocco,MAR,1997,1060000
Morocco,MAR,1998,1064000
Morocco,MAR,1999,1042000
Morocco,MAR,2000,1079000
Morocco,MAR,2001,1117000
Morocco,MAR,2002,1173000
Morocco,MAR,2003,1250000
Morocco,MAR,2004,1331000
Morocco,MAR,2005,1400000
Morocco,MAR,2006,1403000
Morocco,MAR,2007,1502000
Morocco,MAR,2008,1587000
Morocco,MAR,2009,1702000
Morocco,MAR,2010,1858000
Morocco,MAR,2011,2061000
Morocco,MAR,2012,2265000
Morocco,MAR,2013,2401000
Morocco,MAR,2014,2405000
Morocco,MAR,2015,2650000
Morocco,MAR,2016,2936000
Morocco,MAR,2017,3121000
Morocco,MAR,2018,3247000
Morocco,MAR,2019,3550000
Morocco,MAR,2020,1442000
Morocco,MAR,2021,2766000
Mozambique,MOZ,2001,137000
Mozambique,MOZ,2002,130000
Mozambique,MOZ,2003,122000
Mozambique,MOZ,2004,158000
Mozambique,MOZ,2005,248000
Mozambique,MOZ,2006,181000
Mozambique,MOZ,2007,217000
Mozambique,MOZ,2008,245000
Mozambique,MOZ,2009,246000
Mozambique,MOZ,2010,254000
Mozambique,MOZ,2011,278000
Mozambique,MOZ,2012,248000
Mozambique,MOZ,2013,251000
Mozambique,MOZ,2014,264000
Mozambique,MOZ,2015,257000
Mozambique,MOZ,2016,208000
Mozambique,MOZ,2017,197000
Mozambique,MOZ,2018,197000
Mozambique,MOZ,2019,219000
Mozambique,MOZ,2020,155000
Mozambique,MOZ,2021,159000
Namibia,NAM,1995,115000
Namibia,NAM,1997,95000
Namibia,NAM,1998,105000
Namibia,NAM,1999,59000
Namibia,NAM,2000,88000
Namibia,NAM,2001,134000
Namibia,NAM,2002,150000
Namibia,NAM,2003,49000
Netherlands,NLD,1998,7062000
Netherlands,NLD,1999,7560000
Netherlands,NLD,2000,7801000
Netherlands,NLD,2001,7601000
Netherlands,NLD,2002,7515000
Netherlands,NLD,2003,7379000
Netherlands,NLD,2004,7911000
Netherlands,NLD,2005,8301000
Netherlands,NLD,2006,9463000
Netherlands,NLD,2007,10516000
Netherlands,NLD,2008,10461000
Netherlands,NLD,2009,10092000
Netherlands,NLD,2010,10499000
Netherlands,NLD,2011,10849000
Netherlands,NLD,2012,11113000
Netherlands,NLD,2013,11504000
Netherlands,NLD,2014,12143000
Netherlands,NLD,2015,12410000
Netherlands,NLD,2016,13349000
Netherlands,NLD,2017,14419000
Netherlands,NLD,2018,14975000
Netherlands,NLD,2019,15058000
Netherlands,NLD,2020,11061000
Netherlands,NLD,2021,13113000
New Caledonia,NCL,1995,39000
New Caledonia,NCL,1996,44000
New Caledonia,NCL,1997,40000
New Caledonia,NCL,1998,41000
New Caledonia,NCL,1999,44000
New Caledonia,NCL,2000,45000
New Caledonia,NCL,2001,51000
New Caledonia,NCL,2002,54000
New Caledonia,NCL,2003,59000
New Caledonia,NCL,2004,63000
New Caledonia,NCL,2005,69000
New Caledonia,NCL,2006,82000
New Caledonia,NCL,2007,100000
New Caledonia,NCL,2008,112000
New Caledonia,NCL,2009,117000
New Caledonia,NCL,2010,130000
New Caledonia,NCL,2011,173000
New Caledonia,NCL,2012,166000
New Caledonia,NCL,2013,158000
New Caledonia,NCL,2014,147000
Nicaragua,NIC,1999,62000
Nicaragua,NIC,2000,60000
Nicaragua,NIC,2001,65000
Nicaragua,NIC,2002,73000
Nicaragua,NIC,2003,74000
Nicaragua,NIC,2004,61000
Nicaragua,NIC,2005,71000
Nicaragua,NIC,2006,87000
Nicaragua,NIC,2007,107000
Nicaragua,NIC,2008,111000
Nicaragua,NIC,2009,108000
Nicaragua,NIC,2010,146000
Nicaragua,NIC,2011,145000
Nicaragua,NIC,2012,171000
Nicaragua,NIC,2013,176000
Nicaragua,NIC,2014,197000
Nicaragua,NIC,2015,205000
Nicaragua,NIC,2016,223000
Nicaragua,NIC,2017,275000
Nicaragua,NIC,2018,228000
Nicaragua,NIC,2019,260000
Nicaragua,NIC,2020,240000
Nicaragua,NIC,2021,302000
Niger,NER,2001,12000
Niger,NER,2002,13000
Niger,NER,2003,11000
Niger,NER,2004,8000
Niger,NER,2005,8000
Niger,NER,2006,9000
Niger,NER,2007,17000
Niger,NER,2008,23000
North Macedonia,MKD,1995,196000
North Macedonia,MKD,1996,189000
North Macedonia,MKD,1997,180000
North Macedonia,MKD,1998,198000
North Macedonia,MKD,1999,171000
North Macedonia,MKD,2000,195000
North Macedonia,MKD,2001,119000
North Macedonia,MKD,2002,154000
North Macedonia,MKD,2003,146000
North Macedonia,MKD,2004,128000
North Macedonia,MKD,2005,128000
North Macedonia,MKD,2006,121000
North Macedonia,MKD,2007,132000
North Macedonia,MKD,2008,135000
North Macedonia,MKD,2009,134000
North Macedonia,MKD,2010,118000
North Macedonia,MKD,2011,121000
North Macedonia,MKD,2012,125000
North Macedonia,MKD,2013,129000
North Macedonia,MKD,2014,140000
North Macedonia,MKD,2015,153000
North Macedonia,MKD,2016,169000
North Macedonia,MKD,2017,175000
North Macedonia,MKD,2018,211000
North Macedonia,MKD,2019,223000
North Macedonia,MKD,2020,200000
North Macedonia,MKD,2021,212000
Norway,NOR,1995,6330000
Norway,NOR,1996,6411000
Norway,NOR,1997,6507000
Norway,NOR,1998,6897000
Norway,NOR,1999,6964000
Norway,NOR,2000,7032000
Norway,NOR,2001,7173000
Norway,NOR,2002,7029000
Norway,NOR,2003,6998000
Norway,NOR,2004,7319000
Norway,NOR,2005,7736000
Norway,NOR,2006,8122000
Norway,NOR,2007,8446000
Norway,NOR,2008,8348000
Norway,NOR,2009,8294000
Norway,NOR,2010,8463000
Norway,NOR,2011,9016000
Norway,NOR,2012,9483000
Norway,NOR,2013,9511000
Norway,NOR,2014,9472000
Norway,NOR,2015,9724000
Norway,NOR,2016,10052000
Norway,NOR,2017,10636000
Norway,NOR,2018,10778000
Norway,NOR,2019,11178000
Norway,NOR,2020,7465000
Norway,NOR,2021,8300000
Pakistan,PAK,1995,3673000
Pakistan,PAK,1996,2922000
Pakistan,PAK,1997,2242000
Pakistan,PAK,1998,2007000
Pakistan,PAK,1999,2596000
Pakistan,PAK,2000,2940000
Pakistan,PAK,2001,7772000
Pakistan,PAK,2002,8679000
Pakistan,PAK,2003,9883000
Pakistan,PAK,2004,9598000
Pakistan,PAK,2005,9947000
Pakistan,PAK,2006,11086000
Pakistan,PAK,2007,11197000
Pakistan,PAK,2008,8386000
Palestine,PSE,1996,9000
Palestine,PSE,1997,11000
Palestine,PSE,1998,14000
Palestine,PSE,1999,17000
Palestine,PSE,2000,26000
Palestine,PSE,2001,17000
Palestine,PSE,2002,18000
Palestine,PSE,2003,26000
Palestine,PSE,2004,44000
Palestine,PSE,2005,44000
Palestine,PSE,2006,29000
Palestine,PSE,2007,52000
Palestine,PSE,2008,59000
Palestine,PSE,2009,57000
Palestine,PSE,2010,55000
Palestine,PSE,2011,62000
Palestine,PSE,2012,85000
Palestine,PSE,2013,55000
Palestine,PSE,2014,54000
Palestine,PSE,2015,52000
Palestine,PSE,2016,48000
Palestine,PSE,2017,43000
Palestine,PSE,2018,48000
Palestine,PSE,2019,59000
Palestine,PSE,2020,17000
Palestine,PSE,2021,58000
Peru,PER,2001,9545000
Peru,PER,2002,10529000
Peru,PER,2003,14898000
Peru,PER,2004,15403000
Peru,PER,2005,17055000
Peru,PER,2006,16064000
Peru,PER,2007,18251000
Peru,PER,2008,20345000
Peru,PER,2009,21756000
Peru,PER,2010,27251000
Peru,PER,2011,31052000
Peru,PER,2012,35175000
Peru,PER,2013,38438000
Peru,PER,2014,39173000
Peru,PER,2015,40545000
Peru,PER,2016,42640000
Peru,PER,2017,44048000
Peru,PER,2018,47466000
Peru,PER,2019,54897000
Peru,PER,2020,34589000
Peru,PER,2021,45715000
Poland,POL,1995,3904000
Poland,POL,1996,4495000
Poland,POL,1997,4770000
Poland,POL,1998,4994000
Poland,POL,1999,3837000
Poland,POL,2000,4742000
Poland,POL,2001,4340000
Poland,POL,2002,4580000
Poland,POL,2003,4834000
Poland,POL,2004,6273000
Poland,POL,2005,6805000
Poland,POL,2006,7564000
Poland,POL,2007,8652000
Poland,POL,2008,9510000
Poland,POL,2009,9592000
Poland,POL,2010,10687000
Poland,POL,2011,11765000
Poland,POL,2012,11968000
Poland,POL,2013,12696000
Poland,POL,2014,14110000
Poland,POL,2015,15445000
Poland,POL,2016,16937000
Poland,POL,2017,18102000
Poland,POL,2018,19283000
Poland,POL,2019,20640000
Poland,POL,2020,11183000
Poland,POL,2021,14417000
Portugal,PRT,1995,3326000
Portugal,PRT,1996,3521000
Portugal,PRT,1997,3736000
Portugal,PRT,1998,4021000
Portugal,PRT,1999,4272000
Portugal,PRT,2000,4397000
Portugal,PRT,2001,4459000
Portugal,PRT,2002,4674000
Portugal,PRT,2003,4714000
Portugal,PRT,2004,4934000
Portugal,PRT,2005,5274000
Portugal,PRT,2006,5866000
Portugal,PRT,2007,6058000
Portugal,PRT,2008,6050000
Portugal,PRT,2009,6189000
Portugal,PRT,2010,6425000
Portugal,PRT,2011,6322000
Portugal,PRT,2012,5937000
Portugal,PRT,2013,5402000
Portugal,PRT,2014,6111000
Portugal,PRT,2015,6544000
Portugal,PRT,2016,6986000
Portugal,PRT,2017,7403000
Portugal,PRT,2018,7852000
Portugal,PRT,2019,8335000
Portugal,PRT,2020,5123000
Portugal,PRT,2021,6710000
Puerto Rico,PRI,1995,451000
Puerto Rico,PRI,1996,508000
Puerto Rico,PRI,1997,512000
Puerto Rico,PRI,1998,505000
Puerto Rico,PRI,1999,543000
Puerto Rico,PRI,2000,571000
Puerto Rico,PRI,2001,586000
Puerto Rico,PRI,2002,617000
Puerto Rico,PRI,2003,660000
Puerto Rico,PRI,2004,638000
Puerto Rico,PRI,2005,658000
Puerto Rico,PRI,2006,664000
Puerto Rico,PRI,2007,656000
Puerto Rico,PRI,2008,661000
Puerto Rico,PRI,2009,656000
Puerto Rico,PRI,2010,681000
Puerto Rico,PRI,2011,716000
Puerto Rico,PRI,2012,817000
Puerto Rico,PRI,2013,852000
Puerto Rico,PRI,2014,844000
Puerto Rico,PRI,2015,851000
Puerto Rico,PRI,2016,850000
Puerto Rico,PRI,2017,843000
Puerto Rico,PRI,2018,484000
Puerto Rico,PRI,2019,580000
Puerto Rico,PRI,2020,485000
Romania,ROU,1995,5726000
Romania,ROU,1996,5252000
Romania,ROU,1997,4411000
Romania,ROU,1998,4357000
Romania,ROU,1999,3980000
Romania,ROU,2000,3660000
Romania,ROU,2001,3575000
Romania,ROU,2002,3505000
Romania,ROU,2003,3636000
Romania,ROU,2004,3963000
Romania,ROU,2005,4139000
Romania,ROU,2006,4604000
Romania,ROU,2007,5186000
Romania,ROU,2008,5420000
Romania,ROU,2009,4663000
Romania,ROU,2010,4562000
Romania,ROU,2011,5356000
Romania,ROU,2012,5893000
Romania,ROU,2013,6105000
Romania,ROU,2014,6422000
Romania,ROU,2015,7530000
Romania,ROU,2016,8373000
Romania,ROU,2017,9224000
Romania,ROU,2018,9936000
Romania,ROU,2019,10505000
Romania,ROU,2020,5814000
Romania,ROU,2021,8392000
Russia,RUS,2001,13874000
Russia,RUS,2002,13678000
Russia,RUS,2003,13539000
Russia,RUS,2004,13741000
Russia,RUS,2005,15047000
Russia,RUS,2006,16451000
Russia,RUS,2007,18304000
Russia,RUS,2008,20934000
Russia,RUS,2009,15586000
Russia,RUS,2010,17922000
Russia,RUS,2011,20336000
Russia,RUS,2012,22477000
Russia,RUS,2013,23351000
Russia,RUS,2014,24475000
Russia,RUS,2015,31378000
Russia,RUS,2016,42981000
Russia,RUS,2017,48412000
Russia,RUS,2018,48056000
Saudi Arabia,SAU,2004,19954000
Saudi Arabia,SAU,2005,17031000
Saudi Arabia,SAU,2006,15894000
Saudi Arabia,SAU,2007,18075000
Saudi Arabia,SAU,2008,17851000
Saudi Arabia,SAU,2009,22998000
Saudi Arabia,SAU,2010,17267000
Saudi Arabia,SAU,2011,16471000
Saudi Arabia,SAU,2012,11792000
Saudi Arabia,SAU,2013,13842000
Saudi Arabia,SAU,2014,22954000
Saudi Arabia,SAU,2015,34543000
Saudi Arabia,SAU,2016,32805000
Saudi Arabia,SAU,2017,29120000
Saudi Arabia,SAU,2018,29034000
Saudi Arabia,SAU,2019,31234000
Saudi Arabia,SAU,2020,25976000
Saudi Arabia,SAU,2021,38955100
Senegal,SEN,1995,42000
Senegal,SEN,1996,40000
Senegal,SEN,1997,45000
Senegal,SEN,1998,40000
Senegal,SEN,1999,51000
Senegal,SEN,2000,53000
Senegal,SEN,2001,57000
Senegal,SEN,2002,61000
Senegal,SEN,2003,65000
Senegal,SEN,2004,71000
Senegal,SEN,2005,81000
Senegal,SEN,2006,72000
Senegal,SEN,2007,93000
Senegal,SEN,2014,308000
Senegal,SEN,2015,396000
Senegal,SEN,2016,485000
Senegal,SEN,2017,548000
Serbia,SRB,2002,1305000
Serbia,SRB,2003,1121000
Serbia,SRB,2004,1113000
Serbia,SRB,2005,1079000
Serbia,SRB,2006,1058000
Serbia,SRB,2007,1097000
Serbia,SRB,2008,1090000
Serbia,SRB,2009,906000
Serbia,SRB,2010,865000
Serbia,SRB,2011,864000
Serbia,SRB,2012,855000
Serbia,SRB,2013,857000
Serbia,SRB,2014,801000
Serbia,SRB,2015,904000
Serbia,SRB,2016,1004000
Serbia,SRB,2017,1085000
Serbia,SRB,2018,1143000
Serbia,SRB,2019,1211000
Serbia,SRB,2020,850000
Serbia,SRB,2021,1139000
Serbia and Montenegro,OWID_SRM,1999,1117000
Serbia and Montenegro,OWID_SRM,2000,1529000
Serbia and Montenegro,OWID_SRM,2001,1531000
Slovakia,SVK,1995,1069000
Slovakia,SVK,1996,1235000
Slovakia,SVK,1997,1136000
Slovakia,SVK,1998,1381000
Slovakia,SVK,1999,1396000
Slovakia,SVK,2000,1341000
Slovakia,SVK,2001,1460000
Slovakia,SVK,2002,1591000
Slovakia,SVK,2003,1530000
Slovakia,SVK,2004,1439000
Slovakia,SVK,2005,1495000
Slovakia,SVK,2006,1521000
Slovakia,SVK,2007,1585000
Slovakia,SVK,2008,1769000
Slovakia,SVK,2009,1570000
Slovakia,SVK,2010,1613000
Slovakia,SVK,2011,1479000
Slovakia,SVK,2012,1593000
Slovakia,SVK,2013,1704000
Slovakia,SVK,2014,1629000
Slovakia,SVK,2015,1910000
Slovakia,SVK,2016,2210000
Slovakia,SVK,2017,2376000
Slovakia,SVK,2018,2462000
Slovakia,SVK,2019,2917000
Slovakia,SVK,2020,1688000
Slovakia,SVK,2021,1550000
Slovenia,SVN,1995,564000
Slovenia,SVN,1996,548000
Slovenia,SVN,1997,491000
Slovenia,SVN,1998,478000
Slovenia,SVN,1999,519000
Slovenia,SVN,2000,512000
Slovenia,SVN,2001,468000
Slovenia,SVN,2002,463000
Slovenia,SVN,2003,463000
Slovenia,SVN,2004,467000
Slovenia,SVN,2005,459000
Slovenia,SVN,2006,484000
Slovenia,SVN,2007,523000
Slovenia,SVN,2008,643000
Slovenia,SVN,2009,648000
Slovenia,SVN,2010,650000
Slovenia,SVN,2011,683000
Slovenia,SVN,2012,651000
Slovenia,SVN,2013,638000
Slovenia,SVN,2014,650000
Slovenia,SVN,2015,696000
Slovenia,SVN,2016,727000
Slovenia,SVN,2017,779000
Slovenia,SVN,2018,747000
Slovenia,SVN,2019,757000
Slovenia,SVN,2020,849000
Slovenia,SVN,2021,1086000
South Korea,KOR,2009,10948000
South Korea,KOR,2010,12001000
South Korea,KOR,2011,12023000
South Korea,KOR,2012,12080000
South Korea,KOR,2013,12029000
South Korea,KOR,2014,10939000
South Korea,KOR,2015,9864000
South Korea,KOR,2016,16004000
South Korea,KOR,2017,20188000
South Korea,KOR,2018,23836000
Spain,ESP,1999,31780000
Spain,ESP,2000,32133000
Spain,ESP,2001,32892000
Spain,ESP,2002,33258000
Spain,ESP,2003,35283000
Spain,ESP,2004,39211000
Spain,ESP,2005,41600000
Spain,ESP,2006,47444000
Spain,ESP,2007,48641000
Spain,ESP,2008,47241000
Spain,ESP,2009,45138000
Spain,ESP,2010,46233000
Spain,ESP,2011,45825000
Spain,ESP,2012,43026000
Spain,ESP,2013,42569000
Spain,ESP,2014,44683000
Spain,ESP,2015,47524000
Spain,ESP,2016,49543000
Spain,ESP,2017,50453000
Spain,ESP,2018,51166000
Spain,ESP,2019,52734000
Spain,ESP,2020,23695000
Spain,ESP,2021,40273000
Sweden,SWE,1995,9297000
Sweden,SWE,1996,9274000
Sweden,SWE,1997,9299000
Sweden,SWE,1998,9896000
Sweden,SWE,1999,10334000
Sweden,SWE,2000,10575000
Sweden,SWE,2001,10612000
Sweden,SWE,2002,10375000
Sweden,SWE,2003,10359000
Sweden,SWE,2004,10509000
Sweden,SWE,2005,11096000
Sweden,SWE,2006,11866000
Sweden,SWE,2007,12459000
Sweden,SWE,2008,12573000
Sweden,SWE,2009,12367000
Sweden,SWE,2010,13057000
Sweden,SWE,2011,13414000
Sweden,SWE,2012,13638000
Sweden,SWE,2013,14069000
Sweden,SWE,2014,14646000
Sweden,SWE,2015,15514000
Sweden,SWE,2016,16390000
Sweden,SWE,2017,16902000
Sweden,SWE,2018,17420000
Sweden,SWE,2019,18379000
Sweden,SWE,2020,11436000
Sweden,SWE,2021,14800000
Switzerland,CHE,1995,4915000
Switzerland,CHE,1996,4886000
Switzerland,CHE,1997,5170000
Switzerland,CHE,1998,5366000
Switzerland,CHE,1999,5650000
Switzerland,CHE,2000,5986000
Switzerland,CHE,2001,6151000
Switzerland,CHE,2002,6190000
Switzerland,CHE,2003,6195000
Switzerland,CHE,2005,6574000
Switzerland,CHE,2006,6948000
Switzerland,CHE,2007,7185000
Switzerland,CHE,2008,7389000
Switzerland,CHE,2009,7271000
Switzerland,CHE,2010,7574000
Switzerland,CHE,2011,7695000
Switzerland,CHE,2012,7732000
Switzerland,CHE,2013,7864000
Switzerland,CHE,2014,8004000
Switzerland,CHE,2015,8125000
Switzerland,CHE,2016,8273000
Switzerland,CHE,2017,8673000
Switzerland,CHE,2018,8991000
Switzerland,CHE,2019,9279000
Switzerland,CHE,2020,7695000
Switzerland,CHE,2021,10057000
Syria,SYR,1998,749000
Syria,SYR,1999,727000
Syria,SYR,2000,685000
Syria,SYR,2001,696000
Syria,SYR,2002,688000
Syria,SYR,2003,679000
Syria,SYR,2004,661000
Syria,SYR,2005,649000
Syria,SYR,2006,650000
Syria,SYR,2007,679000
Syria,SYR,2008,595000
Syria,SYR,2009,564000
Syria,SYR,2010,587000
Syria,SYR,2011,411000
Syria,SYR,2012,487000
Syria,SYR,2013,754000
Syria,SYR,2014,1084000
Syria,SYR,2015,993000
Syria,SYR,2016,903000
Syria,SYR,2017,1121000
Syria,SYR,2018,1096000
Syria,SYR,2019,993000
Syria,SYR,2020,739000
Syria,SYR,2021,875000
Thailand,THA,2006,30512000
Thailand,THA,2007,32601000
Thailand,THA,2008,33121000
Thailand,THA,2009,33388000
Thailand,THA,2010,41555000
Thailand,THA,2011,52109000
Thailand,THA,2012,61401000
Thailand,THA,2013,71692000
Thailand,THA,2014,76021000
Thailand,THA,2015,85508000
Thailand,THA,2016,93668000
Thailand,THA,2017,102918000
Thailand,THA,2018,107484000
Thailand,THA,2019,107864000
Thailand,THA,2020,63034000
Togo,TGO,2003,10000
Togo,TGO,2004,14000
Togo,TGO,2005,12000
Togo,TGO,2006,8000
Togo,TGO,2007,16000
Togo,TGO,2008,14000
Togo,TGO,2009,33000
Togo,TGO,2010,50000
Togo,TGO,2011,80000
Togo,TGO,2012,24000
Togo,TGO,2013,18000
Togo,TGO,2014,50000
Togo,TGO,2015,54000
Togo,TGO,2016,88000
Togo,TGO,2017,53000
Togo,TGO,2018,139000
Togo,TGO,2019,70000
Tunisia,TUN,2002,1191000
Tunisia,TUN,2003,1225000
Tunisia,TUN,2004,1242000
Tunisia,TUN,2005,1224000
Tunisia,TUN,2006,1251000
Tunisia,TUN,2007,1257000
Tunisia,TUN,2008,1314000
Tunisia,TUN,2009,1367000
Tunisia,TUN,2010,1518000
Tunisia,TUN,2011,1525000
Tunisia,TUN,2012,1903000
Tunisia,TUN,2013,1949000
Tunisia,TUN,2014,1996000
Tunisia,TUN,2015,2241000
Tunisia,TUN,2016,2305000
Tunisia,TUN,2017,2702000
Tunisia,TUN,2018,2567000
Tunisia,TUN,2019,2517000
Tunisia,TUN,2020,1343000
Turkey,TUR,1995,4787000
Turkey,TUR,1996,5560000
Turkey,TUR,1997,7328000
Turkey,TUR,1998,7396000
Turkey,TUR,1999,7839000
Turkey,TUR,2000,8825000
Turkey,TUR,2001,7741000
Turkey,TUR,2002,7908000
Turkey,TUR,2003,8423000
Turkey,TUR,2004,9720000
Turkey,TUR,2005,10454000
Turkey,TUR,2006,11566000
Turkey,TUR,2007,12033000
Turkey,TUR,2008,11274000
Turkey,TUR,2009,11855000
Turkey,TUR,2010,11879000
Turkey,TUR,2011,13700000
Turkey,TUR,2012,14906000
Turkey,TUR,2013,16194000
Turkey,TUR,2014,16264000
Turkey,TUR,2015,19056000
Turkey,TUR,2016,39653000
Turkey,TUR,2017,36736000
Turkey,TUR,2018,38345000
Turkey,TUR,2019,39445000
Turkey,TUR,2020,27636000
Turkey,TUR,2021,39948000
Ukraine,UKR,2007,3607000
Ukraine,UKR,2008,3584000
Ukraine,UKR,2009,2827000
Ukraine,UKR,2010,3057000
Ukraine,UKR,2011,3598000
Ukraine,UKR,2012,3819000
Ukraine,UKR,2013,4192000
Ukraine,UKR,2014,3287000
Ukraine,UKR,2015,3669000
Ukraine,UKR,2016,4217000
Ukraine,UKR,2017,4257000
Ukraine,UKR,2018,4536000
Ukraine,UKR,2019,4598000
Ukraine,UKR,2020,2435000
United Arab Emirates,ARE,2014,3336000
United Arab Emirates,ARE,2015,6572000
United Arab Emirates,ARE,2016,7157000
United Arab Emirates,ARE,2017,5466000
United Arab Emirates,ARE,2018,7882000
United Arab Emirates,ARE,2019,8453000
United Arab Emirates,ARE,2020,8761000
United Arab Emirates,ARE,2021,10196000
United Kingdom,GBR,1995,43291000
United Kingdom,GBR,1996,44500000
United Kingdom,GBR,1997,36300000
United Kingdom,GBR,1998,30351000
United Kingdom,GBR,1999,35380000
United Kingdom,GBR,2000,57120000
United Kingdom,GBR,2001,54960000
United Kingdom,GBR,2002,57680000
United Kingdom,GBR,2003,52020000
United Kingdom,GBR,2004,48100000
United Kingdom,GBR,2005,52611000
United Kingdom,GBR,2006,46783000
United Kingdom,GBR,2007,47010000
United Kingdom,GBR,2008,46256000
United Kingdom,GBR,2009,48279000
United Kingdom,GBR,2010,46260000
United Kingdom,GBR,2011,41920000
United Kingdom,GBR,2012,43120000
United Kingdom,GBR,2013,43160000
United Kingdom,GBR,2014,40470000
United Kingdom,GBR,2015,41820000
United Kingdom,GBR,2016,42490000
United Kingdom,GBR,2017,42510000
United Kingdom,GBR,2018,42040000
United Kingdom,GBR,2019,43490000
United States Virgin Islands,VIR,1995,35000
United States Virgin Islands,VIR,1996,45000
United States Virgin Islands,VIR,1997,45000
United States Virgin Islands,VIR,2000,46000
United States Virgin Islands,VIR,2001,52000
United States Virgin Islands,VIR,2002,65000
United States Virgin Islands,VIR,2003,68000
United States Virgin Islands,VIR,2004,69000
United States Virgin Islands,VIR,2005,80000
United States Virgin Islands,VIR,2006,103000
United States Virgin Islands,VIR,2007,82000
United States Virgin Islands,VIR,2008,77000
United States Virgin Islands,VIR,2009,79000
United States Virgin Islands,VIR,2010,67000
United States Virgin Islands,VIR,2011,54000
United States Virgin Islands,VIR,2012,50000
United States Virgin Islands,VIR,2013,53000
United States Virgin Islands,VIR,2014,53000
United States Virgin Islands,VIR,2015,48000
United States Virgin Islands,VIR,2016,57000
United States Virgin Islands,VIR,2017,63000
United States Virgin Islands,VIR,2018,38000
United States Virgin Islands,VIR,2019,40000
United States Virgin Islands,VIR,2020,37000
United States Virgin Islands,VIR,2021,45000
Uzbekistan,UZB,2019,1099000
Zimbabwe,ZWE,2004,343000
Zimbabwe,ZWE,2005,419000
Zimbabwe,ZWE,2006,412000
Zimbabwe,ZWE,2007,391000
Zimbabwe,ZWE,2008,399000
Zimbabwe,ZWE,2009,443000
Zimbabwe,ZWE,2010,560000
Zimbabwe,ZWE,2011,556000
Zimbabwe,ZWE,2012,569000
Zimbabwe,ZWE,2013,474000
Zimbabwe,ZWE,2014,461000
Zimbabwe,ZWE,2015,343000
Zimbabwe,ZWE,2016,390000
Zimbabwe,ZWE,2017,447000
Zimbabwe,ZWE,2018,510000
Zimbabwe,ZWE,2019,431000
Zimbabwe,ZWE,2020,216000
Zimbabwe,ZWE,2021,275000