Entity,Code,Year,Implementation of standard accounting tools to monitor the economic and environmental aspects of tourism (number of tables)
Albania,ALB,2008,0
Albania,ALB,2009,0
Albania,ALB,2010,0
Albania,ALB,2011,0
Albania,ALB,2012,0
Albania,ALB,2013,0
Albania,ALB,2014,0
Albania,ALB,2015,0
Albania,ALB,2016,0
Albania,ALB,2017,0
Albania,ALB,2018,0
Albania,ALB,2019,0
Albania,ALB,2020,0
Albania,ALB,2021,0
Algeria,DZA,2008,0
Algeria,DZA,2009,0
Algeria,DZA,2010,0
Algeria,DZA,2011,0
Algeria,DZA,2012,0
Algeria,DZA,2013,0
Algeria,DZA,2014,0
Algeria,DZA,2015,0
Algeria,DZA,2016,0
Algeria,DZA,2017,0
Algeria,DZA,2018,0
Algeria,DZA,2019,0
Algeria,DZA,2020,0
Algeria,DZA,2021,0
Andorra,AND,2008,0
Andorra,AND,2009,0
Andorra,AND,2010,0
Andorra,AND,2011,0
Andorra,AND,2012,0
Andorra,AND,2013,0
Andorra,AND,2014,0
Andorra,AND,2015,0
Andorra,AND,2016,0
Andorra,AND,2017,0
Andorra,AND,2018,0
Andorra,AND,2019,0
Andorra,AND,2020,0
Andorra,AND,2021,0
Anguilla,AIA,2008,0
Anguilla,AIA,2009,0
Anguilla,AIA,2010,0
Anguilla,AIA,2011,0
Anguilla,AIA,2012,0
Anguilla,AIA,2013,0
Anguilla,AIA,2014,0
Anguilla,AIA,2015,0
Anguilla,AIA,2016,0
Anguilla,AIA,2017,0
Anguilla,AIA,2018,0
Anguilla,AIA,2019,0
Anguilla,AIA,2020,0
Anguilla,AIA,2021,0
Antigua and Barbuda,ATG,2008,1
Antigua and Barbuda,ATG,2009,1
Antigua and Barbuda,ATG,2010,1
Antigua and Barbuda,ATG,2011,1
Antigua and Barbuda,ATG,2012,1
Antigua and Barbuda,ATG,2013,1
Antigua and Barbuda,ATG,2014,1
Antigua and Barbuda,ATG,2015,1
Antigua and Barbuda,ATG,2016,1
Antigua and Barbuda,ATG,2017,1
Antigua and Barbuda,ATG,2018,1
Antigua and Barbuda,ATG,2019,1
Antigua and Barbuda,ATG,2020,1
Antigua and Barbuda,ATG,2021,1
Argentina,ARG,2008,0
Argentina,ARG,2009,0
Argentina,ARG,2010,0
Argentina,ARG,2011,0
Argentina,ARG,2012,0
Argentina,ARG,2013,0
Argentina,ARG,2014,0
Argentina,ARG,2015,0
Argentina,ARG,2016,6
Argentina,ARG,2017,6
Argentina,ARG,2018,6
Argentina,ARG,2019,6
Armenia,ARM,2008,0
Armenia,ARM,2009,0
Armenia,ARM,2010,0
Armenia,ARM,2011,0
Armenia,ARM,2012,0
Armenia,ARM,2013,0
Armenia,ARM,2014,0
Armenia,ARM,2015,0
Armenia,ARM,2016,0
Armenia,ARM,2017,0
Armenia,ARM,2018,0
Armenia,ARM,2019,0
Armenia,ARM,2020,0
Armenia,ARM,2021,0
Aruba,ABW,2008,0
Aruba,ABW,2009,0
Aruba,ABW,2010,0
Aruba,ABW,2011,0
Aruba,ABW,2012,0
Aruba,ABW,2013,6
Aruba,ABW,2014,0
Aruba,ABW,2015,0
Aruba,ABW,2016,0
Aruba,ABW,2017,0
Aruba,ABW,2018,0
Aruba,ABW,2019,0
Aruba,ABW,2020,0
Aruba,ABW,2021,0
Australia,AUS,2008,10
Australia,AUS,2009,11
Australia,AUS,2010,11
Australia,AUS,2011,11
Australia,AUS,2012,11
Australia,AUS,2013,11
Australia,AUS,2014,11
Australia,AUS,2015,11
Australia,AUS,2016,11
Australia,AUS,2017,11
Australia,AUS,2018,10
Australia,AUS,2019,10
Australia,AUS,2020,9
Australia,AUS,2021,9
Australia and New Zealand,,2008,17
Australia and New Zealand,,2009,18
Australia and New Zealand,,2010,18
Australia and New Zealand,,2011,18
Australia and New Zealand,,2012,18
Australia and New Zealand,,2013,18
Australia and New Zealand,,2014,18
Australia and New Zealand,,2015,18
Australia and New Zealand,,2016,18
Australia and New Zealand,,2017,18
Australia and New Zealand,,2018,17
Australia and New Zealand,,2019,17
Australia and New Zealand,,2020,16
Australia and New Zealand,,2021,14
Austria,AUT,2008,7
Austria,AUT,2009,7
Austria,AUT,2010,7
Austria,AUT,2011,7
Austria,AUT,2012,7
Austria,AUT,2013,8
Austria,AUT,2014,8
Austria,AUT,2015,8
Austria,AUT,2016,8
Austria,AUT,2017,8
Austria,AUT,2018,8
Austria,AUT,2019,8
Austria,AUT,2020,8
Azerbaijan,AZE,2008,0
Azerbaijan,AZE,2009,0
Azerbaijan,AZE,2010,0
Azerbaijan,AZE,2011,0
Azerbaijan,AZE,2012,0
Azerbaijan,AZE,2013,0
Azerbaijan,AZE,2014,0
Azerbaijan,AZE,2015,0
Azerbaijan,AZE,2016,7
Azerbaijan,AZE,2017,3
Azerbaijan,AZE,2018,5
Azerbaijan,AZE,2019,5
Azerbaijan,AZE,2020,5
Azerbaijan,AZE,2021,5
Bahamas,BHS,2008,0
Bahamas,BHS,2009,0
Bahamas,BHS,2010,0
Bahamas,BHS,2011,0
Bahamas,BHS,2012,7
Bahamas,BHS,2013,0
Bahamas,BHS,2014,0
Bahamas,BHS,2015,0
Bahamas,BHS,2016,0
Bahamas,BHS,2017,0
Bahamas,BHS,2018,0
Bahamas,BHS,2019,0
Bahamas,BHS,2020,0
Bahamas,BHS,2021,0
Bahrain,BHR,2008,0
Bahrain,BHR,2009,0
Bahrain,BHR,2010,0
Bahrain,BHR,2011,0
Bahrain,BHR,2012,0
Bahrain,BHR,2013,0
Bahrain,BHR,2014,0
Bahrain,BHR,2015,0
Bahrain,BHR,2016,0
Bahrain,BHR,2017,7
Bahrain,BHR,2018,7
Bahrain,BHR,2019,7
Bahrain,BHR,2020,0
Bahrain,BHR,2021,0
Bangladesh,BGD,2008,0
Bangladesh,BGD,2009,0
Bangladesh,BGD,2010,0
Bangladesh,BGD,2011,0
Bangladesh,BGD,2012,0
Bangladesh,BGD,2013,0
Bangladesh,BGD,2014,0
Bangladesh,BGD,2015,0
Bangladesh,BGD,2016,0
Bangladesh,BGD,2017,0
Bangladesh,BGD,2018,0
Bangladesh,BGD,2019,0
Bangladesh,BGD,2021,0
Belarus,BLR,2008,0
Belarus,BLR,2009,0
Belarus,BLR,2010,0
Belarus,BLR,2011,0
Belarus,BLR,2012,0
Belarus,BLR,2013,0
Belarus,BLR,2014,6
Belarus,BLR,2015,0
Belarus,BLR,2016,8
Belarus,BLR,2017,1
Belarus,BLR,2018,8
Belarus,BLR,2019,1
Belarus,BLR,2020,1
Belarus,BLR,2021,1
Belgium,BEL,2008,8
Belgium,BEL,2009,2
Belgium,BEL,2010,8
Belgium,BEL,2011,2
Belgium,BEL,2012,8
Belgium,BEL,2013,2
Belgium,BEL,2014,8
Belgium,BEL,2015,2
Belgium,BEL,2016,8
Belgium,BEL,2017,2
Belgium,BEL,2018,8
Belize,BLZ,2008,0
Belize,BLZ,2009,0
Belize,BLZ,2010,0
Belize,BLZ,2011,0
Belize,BLZ,2012,0
Belize,BLZ,2013,0
Belize,BLZ,2014,0
Belize,BLZ,2015,0
Belize,BLZ,2016,0
Belize,BLZ,2017,0
Belize,BLZ,2018,0
Belize,BLZ,2019,0
Belize,BLZ,2020,0
Bermuda,BMU,2008,7
Bermuda,BMU,2009,7
Bermuda,BMU,2010,7
Bermuda,BMU,2011,7
Bermuda,BMU,2012,7
Bermuda,BMU,2013,7
Bermuda,BMU,2014,7
Bermuda,BMU,2015,7
Bermuda,BMU,2016,7
Bermuda,BMU,2017,7
Bermuda,BMU,2018,7
Bermuda,BMU,2019,7
Bermuda,BMU,2020,7
Bermuda,BMU,2021,7
Bhutan,BTN,2008,0
Bhutan,BTN,2009,0
Bhutan,BTN,2010,0
Bhutan,BTN,2011,0
Bhutan,BTN,2012,0
Bhutan,BTN,2013,0
Bhutan,BTN,2014,0
Bhutan,BTN,2015,0
Bhutan,BTN,2016,0
Bhutan,BTN,2017,0
Bhutan,BTN,2018,0
Bhutan,BTN,2019,7
Bhutan,BTN,2020,0
Bhutan,BTN,2021,0
Bolivia,BOL,2008,0
Bolivia,BOL,2009,0
Bolivia,BOL,2010,0
Bolivia,BOL,2011,0
Bolivia,BOL,2012,0
Bolivia,BOL,2013,0
Bolivia,BOL,2014,0
Bolivia,BOL,2015,0
Bolivia,BOL,2016,0
Bolivia,BOL,2017,0
Bolivia,BOL,2018,0
Bolivia,BOL,2019,0
Bolivia,BOL,2020,0
Bolivia,BOL,2021,0
Bonaire Sint Eustatius and Saba,BES,2008,0
Bonaire Sint Eustatius and Saba,BES,2009,0
Bonaire Sint Eustatius and Saba,BES,2010,0
Bonaire Sint Eustatius and Saba,BES,2011,0
Bonaire Sint Eustatius and Saba,BES,2012,0
Bonaire Sint Eustatius and Saba,BES,2013,0
Bonaire Sint Eustatius and Saba,BES,2014,0
Bonaire Sint Eustatius and Saba,BES,2015,0
Bonaire Sint Eustatius and Saba,BES,2016,0
Bonaire Sint Eustatius and Saba,BES,2017,0
Bonaire Sint Eustatius and Saba,BES,2018,0
Bonaire Sint Eustatius and Saba,BES,2019,0
Bosnia and Herzegovina,BIH,2008,0
Bosnia and Herzegovina,BIH,2009,0
Bosnia and Herzegovina,BIH,2010,0
Bosnia and Herzegovina,BIH,2011,0
Bosnia and Herzegovina,BIH,2012,0
Bosnia and Herzegovina,BIH,2013,0
Bosnia and Herzegovina,BIH,2014,0
Bosnia and Herzegovina,BIH,2015,0
Bosnia and Herzegovina,BIH,2016,0
Bosnia and Herzegovina,BIH,2017,0
Bosnia and Herzegovina,BIH,2018,0
Bosnia and Herzegovina,BIH,2019,0
Bosnia and Herzegovina,BIH,2020,0
Bosnia and Herzegovina,BIH,2021,0
Botswana,BWA,2008,0
Botswana,BWA,2009,7
Botswana,BWA,2010,0
Botswana,BWA,2011,0
Botswana,BWA,2012,0
Botswana,BWA,2013,0
Botswana,BWA,2014,0
Botswana,BWA,2015,0
Botswana,BWA,2016,7
Botswana,BWA,2017,0
Botswana,BWA,2018,0
Botswana,BWA,2019,0
Brazil,BRA,2008,3
Brazil,BRA,2009,3
Brazil,BRA,2010,3
Brazil,BRA,2011,3
Brazil,BRA,2012,3
Brazil,BRA,2013,4
Brazil,BRA,2014,4
Brazil,BRA,2015,5
Brazil,BRA,2016,5
Brazil,BRA,2017,5
Brazil,BRA,2018,4
Brazil,BRA,2019,3
Brazil,BRA,2020,4
British Virgin Islands,VGB,2008,0
British Virgin Islands,VGB,2009,0
British Virgin Islands,VGB,2010,0
British Virgin Islands,VGB,2011,0
British Virgin Islands,VGB,2012,0
British Virgin Islands,VGB,2013,0
British Virgin Islands,VGB,2014,0
British Virgin Islands,VGB,2015,0
British Virgin Islands,VGB,2016,0
British Virgin Islands,VGB,2017,0
British Virgin Islands,VGB,2018,0
British Virgin Islands,VGB,2019,0
British Virgin Islands,VGB,2020,0
Brunei,BRN,2008,0
Brunei,BRN,2009,0
Brunei,BRN,2010,7
Brunei,BRN,2011,7
Brunei,BRN,2012,7
Brunei,BRN,2013,7
Brunei,BRN,2014,7
Brunei,BRN,2015,7
Brunei,BRN,2016,7
Brunei,BRN,2017,0
Brunei,BRN,2018,0
Brunei,BRN,2019,0
Brunei,BRN,2020,0
Brunei,BRN,2021,0
Bulgaria,BGR,2008,5
Bulgaria,BGR,2009,5
Bulgaria,BGR,2010,5
Bulgaria,BGR,2011,5
Bulgaria,BGR,2012,6
Bulgaria,BGR,2013,6
Bulgaria,BGR,2014,7
Bulgaria,BGR,2015,6
Bulgaria,BGR,2016,6
Bulgaria,BGR,2017,6
Bulgaria,BGR,2018,6
Bulgaria,BGR,2019,6
Bulgaria,BGR,2020,2
Burkina Faso,BFA,2008,0
Burkina Faso,BFA,2009,0
Burkina Faso,BFA,2010,0
Burkina Faso,BFA,2011,0
Burkina Faso,BFA,2012,0
Burkina Faso,BFA,2013,0
Burkina Faso,BFA,2014,0
Burkina Faso,BFA,2015,0
Burkina Faso,BFA,2016,0
Burkina Faso,BFA,2017,0
Burkina Faso,BFA,2018,0
Burkina Faso,BFA,2019,0
Burkina Faso,BFA,2020,0
Cambodia,KHM,2008,0
Cambodia,KHM,2009,0
Cambodia,KHM,2010,0
Cambodia,KHM,2011,0
Cambodia,KHM,2012,0
Cambodia,KHM,2013,0
Cambodia,KHM,2014,0
Cambodia,KHM,2015,0
Cambodia,KHM,2016,0
Cambodia,KHM,2017,0
Cambodia,KHM,2018,0
Cameroon,CMR,2008,0
Cameroon,CMR,2009,0
Cameroon,CMR,2010,0
Cameroon,CMR,2011,0
Cameroon,CMR,2012,0
Cameroon,CMR,2013,0
Cameroon,CMR,2014,0
Cameroon,CMR,2015,0
Cameroon,CMR,2016,0
Cameroon,CMR,2017,0
Cameroon,CMR,2018,0
Cameroon,CMR,2019,0
Cameroon,CMR,2020,0
Canada,CAN,2008,6
Canada,CAN,2009,9
Canada,CAN,2010,8
Canada,CAN,2011,9
Canada,CAN,2012,9
Canada,CAN,2013,9
Canada,CAN,2014,9
Canada,CAN,2015,9
Canada,CAN,2016,8
Canada,CAN,2017,10
Canada,CAN,2018,8
Canada,CAN,2019,8
Canada,CAN,2020,6
Canada,CAN,2021,6
Cape Verde,CPV,2008,0
Cape Verde,CPV,2009,0
Cape Verde,CPV,2010,0
Cape Verde,CPV,2011,0
Cape Verde,CPV,2012,0
Cape Verde,CPV,2013,0
Cape Verde,CPV,2014,0
Cape Verde,CPV,2015,0
Cape Verde,CPV,2016,0
Cape Verde,CPV,2017,0
Cape Verde,CPV,2018,0
Cape Verde,CPV,2019,0
Cape Verde,CPV,2020,0
Cayman Islands,CYM,2008,0
Cayman Islands,CYM,2009,0
Cayman Islands,CYM,2010,0
Cayman Islands,CYM,2011,0
Cayman Islands,CYM,2012,0
Cayman Islands,CYM,2013,0
Cayman Islands,CYM,2014,0
Cayman Islands,CYM,2015,0
Cayman Islands,CYM,2016,0
Cayman Islands,CYM,2017,0
Cayman Islands,CYM,2018,0
Cayman Islands,CYM,2019,0
Central African Republic,CAF,2008,0
Central African Republic,CAF,2009,0
Central African Republic,CAF,2010,0
Central African Republic,CAF,2011,0
Central African Republic,CAF,2012,0
Central African Republic,CAF,2013,0
Central African Republic,CAF,2014,0
Central African Republic,CAF,2015,0
Central African Republic,CAF,2016,0
Central African Republic,CAF,2017,0
Central African Republic,CAF,2018,0
Central African Republic,CAF,2019,0
Central African Republic,CAF,2020,0
Central Asia and Southern Asia,,2008,11
Central Asia and Southern Asia,,2009,16
Central Asia and Southern Asia,,2010,10
Central Asia and Southern Asia,,2011,10
Central Asia and Southern Asia,,2012,10
Central Asia and Southern Asia,,2013,10
Central Asia and Southern Asia,,2014,14
Central Asia and Southern Asia,,2015,20
Central Asia and Southern Asia,,2016,13
Central Asia and Southern Asia,,2017,13
Central Asia and Southern Asia,,2018,13
Central Asia and Southern Asia,,2019,19
Central Asia and Southern Asia,,2020,9
Central Asia and Southern Asia,,2021,2
Chile,CHL,2008,2
Chile,CHL,2009,2
Chile,CHL,2010,1
Chile,CHL,2011,3
Chile,CHL,2012,3
Chile,CHL,2013,3
Chile,CHL,2014,3
Chile,CHL,2015,3
Chile,CHL,2016,5
Chile,CHL,2017,5
Chile,CHL,2018,5
Chile,CHL,2019,5
Chile,CHL,2020,5
Chile,CHL,2021,5
China,CHN,2008,0
China,CHN,2009,0
China,CHN,2010,0
China,CHN,2011,0
China,CHN,2012,0
China,CHN,2013,0
China,CHN,2014,0
China,CHN,2015,0
China,CHN,2016,0
China,CHN,2017,0
China,CHN,2018,0
China,CHN,2019,0
China,CHN,2020,0
Colombia,COL,2008,2
Colombia,COL,2009,2
Colombia,COL,2010,3
Colombia,COL,2011,3
Colombia,COL,2012,11
Colombia,COL,2013,11
Colombia,COL,2014,11
Colombia,COL,2015,11
Colombia,COL,2016,11
Colombia,COL,2017,11
Colombia,COL,2018,11
Colombia,COL,2019,11
Colombia,COL,2020,11
Costa Rica,CRI,2008,0
Costa Rica,CRI,2009,0
Costa Rica,CRI,2010,0
Costa Rica,CRI,2011,1
Costa Rica,CRI,2012,9
Costa Rica,CRI,2013,9
Costa Rica,CRI,2014,9
Costa Rica,CRI,2015,9
Costa Rica,CRI,2016,9
Costa Rica,CRI,2017,9
Costa Rica,CRI,2018,9
Costa Rica,CRI,2019,8
Costa Rica,CRI,2020,0
Costa Rica,CRI,2021,0
Cote d'Ivoire,CIV,2008,0
Cote d'Ivoire,CIV,2009,0
Cote d'Ivoire,CIV,2010,0
Cote d'Ivoire,CIV,2011,0
Cote d'Ivoire,CIV,2012,7
Cote d'Ivoire,CIV,2013,0
Cote d'Ivoire,CIV,2014,0
Cote d'Ivoire,CIV,2015,0
Cote d'Ivoire,CIV,2016,0
Cote d'Ivoire,CIV,2017,0
Cote d'Ivoire,CIV,2018,5
Cote d'Ivoire,CIV,2019,5
Cote d'Ivoire,CIV,2020,5
Croatia,HRV,2008,2
Croatia,HRV,2009,3
Croatia,HRV,2010,3
Croatia,HRV,2011,8
Croatia,HRV,2012,4
Croatia,HRV,2013,3
Croatia,HRV,2014,4
Croatia,HRV,2015,3
Croatia,HRV,2016,9
Croatia,HRV,2017,4
Croatia,HRV,2018,4
Croatia,HRV,2019,9
Croatia,HRV,2020,4
Cyprus,CYP,2008,1
Cyprus,CYP,2009,1
Cyprus,CYP,2010,1
Cyprus,CYP,2011,1
Cyprus,CYP,2012,1
Cyprus,CYP,2013,1
Cyprus,CYP,2014,2
Cyprus,CYP,2015,2
Cyprus,CYP,2016,2
Cyprus,CYP,2017,2
Cyprus,CYP,2018,2
Cyprus,CYP,2019,2
Cyprus,CYP,2020,2
Denmark,DNK,2008,9
Denmark,DNK,2009,2
Denmark,DNK,2010,10
Denmark,DNK,2011,11
Denmark,DNK,2012,11
Denmark,DNK,2013,11
Denmark,DNK,2014,11
Denmark,DNK,2015,11
Denmark,DNK,2016,11
Denmark,DNK,2017,11
Denmark,DNK,2018,11
Denmark,DNK,2019,11
Denmark,DNK,2020,11
Dominica,DMA,2008,0
Dominica,DMA,2009,0
Dominica,DMA,2010,0
Dominica,DMA,2011,0
Dominica,DMA,2012,0
Dominica,DMA,2013,0
Dominica,DMA,2014,0
Dominica,DMA,2015,0
Dominica,DMA,2016,0
Dominica,DMA,2017,0
Dominica,DMA,2018,0
Dominica,DMA,2019,0
Dominican Republic,DOM,2008,0
Dominican Republic,DOM,2009,0
Dominican Republic,DOM,2010,0
Dominican Republic,DOM,2011,0
Dominican Republic,DOM,2012,0
Dominican Republic,DOM,2013,0
Dominican Republic,DOM,2014,0
Dominican Republic,DOM,2015,0
Dominican Republic,DOM,2016,0
Dominican Republic,DOM,2017,0
Dominican Republic,DOM,2018,0
Dominican Republic,DOM,2019,0
Dominican Republic,DOM,2020,0
East Timor,TLS,2008,0
East Timor,TLS,2009,0
East Timor,TLS,2010,0
East Timor,TLS,2011,0
East Timor,TLS,2012,0
East Timor,TLS,2013,0
East Timor,TLS,2014,0
East Timor,TLS,2015,0
East Timor,TLS,2016,0
East Timor,TLS,2017,0
East Timor,TLS,2018,0
East Timor,TLS,2019,0
East Timor,TLS,2020,0
Eastern Asia and South-eastern Asia,,2008,25
Eastern Asia and South-eastern Asia,,2009,28
Eastern Asia and South-eastern Asia,,2010,48
Eastern Asia and South-eastern Asia,,2011,48
Eastern Asia and South-eastern Asia,,2012,49
Eastern Asia and South-eastern Asia,,2013,53
Eastern Asia and South-eastern Asia,,2014,61
Eastern Asia and South-eastern Asia,,2015,68
Eastern Asia and South-eastern Asia,,2016,64
Eastern Asia and South-eastern Asia,,2017,60
Eastern Asia and South-eastern Asia,,2018,60
Eastern Asia and South-eastern Asia,,2019,54
Eastern Asia and South-eastern Asia,,2020,45
Eastern Asia and South-eastern Asia,,2021,19
Ecuador,ECU,2008,7
Ecuador,ECU,2009,7
Ecuador,ECU,2010,7
Ecuador,ECU,2011,7
Ecuador,ECU,2012,7
Ecuador,ECU,2013,7
Ecuador,ECU,2014,7
Ecuador,ECU,2015,7
Ecuador,ECU,2016,7
Ecuador,ECU,2017,7
Ecuador,ECU,2018,7
Ecuador,ECU,2019,7
Egypt,EGY,2008,0
Egypt,EGY,2009,7
Egypt,EGY,2010,7
Egypt,EGY,2011,7
Egypt,EGY,2012,7
Egypt,EGY,2013,7
Egypt,EGY,2014,7
Egypt,EGY,2015,7
Egypt,EGY,2016,0
Egypt,EGY,2017,0
Egypt,EGY,2018,0
Egypt,EGY,2019,0
Egypt,EGY,2020,0
Estonia,EST,2008,7
Estonia,EST,2009,7
Estonia,EST,2010,7
Estonia,EST,2011,7
Estonia,EST,2012,7
Estonia,EST,2013,7
Estonia,EST,2014,8
Estonia,EST,2015,8
Estonia,EST,2016,8
Estonia,EST,2017,8
Estonia,EST,2018,2
Estonia,EST,2019,2
Eswatini,SWZ,2008,0
Eswatini,SWZ,2009,0
Eswatini,SWZ,2010,0
Eswatini,SWZ,2011,0
Eswatini,SWZ,2012,0
Eswatini,SWZ,2013,7
Eswatini,SWZ,2014,0
Eswatini,SWZ,2015,0
Eswatini,SWZ,2016,0
Eswatini,SWZ,2017,0
Eswatini,SWZ,2018,0
Eswatini,SWZ,2019,0
Eswatini,SWZ,2020,7
Ethiopia,ETH,2008,0
Ethiopia,ETH,2009,0
Ethiopia,ETH,2010,0
Ethiopia,ETH,2011,0
Ethiopia,ETH,2012,0
Ethiopia,ETH,2013,0
Ethiopia,ETH,2014,0
Ethiopia,ETH,2015,0
Ethiopia,ETH,2016,0
Ethiopia,ETH,2017,0
Ethiopia,ETH,2018,0
Ethiopia,ETH,2019,0
Ethiopia,ETH,2020,0
Fiji,FJI,2008,8
Fiji,FJI,2009,5
Fiji,FJI,2010,5
Fiji,FJI,2011,8
Fiji,FJI,2012,8
Fiji,FJI,2013,9
Fiji,FJI,2014,6
Fiji,FJI,2015,6
Fiji,FJI,2016,6
Fiji,FJI,2017,6
Fiji,FJI,2018,6
Fiji,FJI,2019,6
Fiji,FJI,2020,6
Finland,FIN,2008,1
Finland,FIN,2009,1
Finland,FIN,2010,1
Finland,FIN,2011,7
Finland,FIN,2012,7
Finland,FIN,2013,7
Finland,FIN,2014,7
Finland,FIN,2015,7
Finland,FIN,2016,7
Finland,FIN,2017,7
Finland,FIN,2018,7
Finland,FIN,2019,7
Finland,FIN,2020,7
France,FRA,2008,3
France,FRA,2009,2
France,FRA,2010,6
France,FRA,2011,5
France,FRA,2012,6
France,FRA,2013,5
France,FRA,2014,7
France,FRA,2015,6
France,FRA,2016,7
France,FRA,2017,6
France,FRA,2018,4
France,FRA,2019,0
France,FRA,2020,0
French Guiana,GUF,2008,0
French Guiana,GUF,2009,0
French Guiana,GUF,2010,0
French Guiana,GUF,2011,0
French Guiana,GUF,2012,0
French Guiana,GUF,2013,0
French Guiana,GUF,2014,0
French Guiana,GUF,2015,0
French Guiana,GUF,2016,0
French Guiana,GUF,2017,0
French Guiana,GUF,2018,0
French Guiana,GUF,2019,0
Gambia,GMB,2008,0
Gambia,GMB,2009,0
Gambia,GMB,2010,0
Gambia,GMB,2011,0
Gambia,GMB,2012,0
Gambia,GMB,2013,0
Gambia,GMB,2014,0
Gambia,GMB,2015,0
Gambia,GMB,2016,0
Gambia,GMB,2017,0
Gambia,GMB,2018,0
Gambia,GMB,2019,0
Gambia,GMB,2020,0
Georgia,GEO,2008,0
Georgia,GEO,2009,0
Georgia,GEO,2010,0
Georgia,GEO,2011,0
Georgia,GEO,2012,0
Georgia,GEO,2013,0
Georgia,GEO,2014,0
Georgia,GEO,2015,0
Georgia,GEO,2016,0
Georgia,GEO,2017,0
Georgia,GEO,2018,0
Georgia,GEO,2019,4
Georgia,GEO,2020,0
Germany,DEU,2008,2
Germany,DEU,2009,2
Germany,DEU,2010,10
Germany,DEU,2011,2
Germany,DEU,2012,2
Germany,DEU,2013,3
Germany,DEU,2014,2
Germany,DEU,2015,9
Germany,DEU,2016,10
Germany,DEU,2017,9
Germany,DEU,2018,9
Germany,DEU,2019,9
Germany,DEU,2020,2
Ghana,GHA,2008,0
Ghana,GHA,2009,0
Ghana,GHA,2010,0
Ghana,GHA,2011,0
Ghana,GHA,2012,0
Ghana,GHA,2013,1
Ghana,GHA,2014,0
Ghana,GHA,2015,0
Ghana,GHA,2016,0
Ghana,GHA,2017,2
Ghana,GHA,2018,0
Ghana,GHA,2019,0
Ghana,GHA,2020,0
Greece,GRC,2008,1
Greece,GRC,2009,1
Greece,GRC,2010,1
Greece,GRC,2011,1
Greece,GRC,2012,1
Greece,GRC,2013,1
Greece,GRC,2014,2
Greece,GRC,2015,6
Greece,GRC,2016,2
Greece,GRC,2017,2
Greece,GRC,2018,2
Greece,GRC,2019,2
Guam,GUM,2008,0
Guam,GUM,2009,0
Guam,GUM,2010,3
Guam,GUM,2011,0
Guam,GUM,2012,0
Guam,GUM,2013,0
Guam,GUM,2014,0
Guam,GUM,2015,3
Guam,GUM,2016,3
Guam,GUM,2017,0
Guam,GUM,2018,0
Guam,GUM,2019,3
Guam,GUM,2020,3
Guatemala,GTM,2008,4
Guatemala,GTM,2009,4
Guatemala,GTM,2010,4
Guatemala,GTM,2011,4
Guatemala,GTM,2012,4
Guatemala,GTM,2013,4
Guatemala,GTM,2014,4
Guatemala,GTM,2015,4
Guatemala,GTM,2016,4
Guatemala,GTM,2017,4
Guatemala,GTM,2018,4
Guinea,GIN,2008,0
Guinea,GIN,2009,0
Guinea,GIN,2010,0
Guinea,GIN,2011,0
Guinea,GIN,2012,0
Guinea,GIN,2013,0
Guinea,GIN,2014,0
Guinea,GIN,2015,0
Guinea,GIN,2016,0
Guinea,GIN,2017,0
Guinea,GIN,2018,0
Guinea,GIN,2019,0
Guinea,GIN,2020,0
Guyana,GUY,2008,0
Guyana,GUY,2009,0
Guyana,GUY,2010,0
Guyana,GUY,2011,0
Guyana,GUY,2012,0
Guyana,GUY,2013,0
Guyana,GUY,2014,0
Guyana,GUY,2015,0
Guyana,GUY,2016,0
Guyana,GUY,2017,0
Guyana,GUY,2018,0
Guyana,GUY,2019,0
Guyana,GUY,2020,0
Haiti,HTI,2008,0
Haiti,HTI,2009,0
Haiti,HTI,2010,0
Haiti,HTI,2011,0
Haiti,HTI,2012,0
Haiti,HTI,2013,0
Haiti,HTI,2014,0
Haiti,HTI,2015,0
Haiti,HTI,2016,0
Haiti,HTI,2017,0
Haiti,HTI,2018,0
Haiti,HTI,2019,0
Haiti,HTI,2020,0
Honduras,HND,2008,6
Honduras,HND,2009,6
Honduras,HND,2010,6
Honduras,HND,2011,6
Honduras,HND,2012,6
Honduras,HND,2013,6
Honduras,HND,2014,6
Honduras,HND,2015,6
Honduras,HND,2016,6
Honduras,HND,2017,6
Honduras,HND,2018,6
Hong Kong,HKG,2008,6
Hong Kong,HKG,2009,6
Hong Kong,HKG,2010,6
Hong Kong,HKG,2011,6
Hong Kong,HKG,2012,6
Hong Kong,HKG,2013,6
Hong Kong,HKG,2014,6
Hong Kong,HKG,2015,6
Hong Kong,HKG,2016,6
Hong Kong,HKG,2017,6
Hong Kong,HKG,2018,6
Hong Kong,HKG,2019,6
Hong Kong,HKG,2020,6
Hong Kong,HKG,2021,3
Hungary,HUN,2008,8
Hungary,HUN,2009,8
Hungary,HUN,2010,8
Hungary,HUN,2011,8
Hungary,HUN,2012,8
Hungary,HUN,2013,8
Hungary,HUN,2014,9
Hungary,HUN,2015,9
Hungary,HUN,2016,9
Hungary,HUN,2017,9
Hungary,HUN,2018,9
Hungary,HUN,2019,9
Iceland,ISL,2008,1
Iceland,ISL,2009,8
Iceland,ISL,2010,8
Iceland,ISL,2011,8
Iceland,ISL,2012,8
Iceland,ISL,2013,8
Iceland,ISL,2014,8
Iceland,ISL,2015,8
Iceland,ISL,2016,8
Iceland,ISL,2017,8
Iceland,ISL,2018,8
Iceland,ISL,2019,8
Iceland,ISL,2020,8
India,IND,2008,1
India,IND,2009,8
India,IND,2010,2
India,IND,2011,2
India,IND,2012,2
India,IND,2013,2
India,IND,2014,2
India,IND,2015,8
India,IND,2016,1
India,IND,2017,1
India,IND,2018,1
India,IND,2019,1
India,IND,2020,1
India,IND,2021,2
Indonesia,IDN,2008,3
Indonesia,IDN,2009,3
Indonesia,IDN,2010,3
Indonesia,IDN,2011,5
Indonesia,IDN,2012,5
Indonesia,IDN,2013,5
Indonesia,IDN,2014,5
Indonesia,IDN,2015,5
Indonesia,IDN,2016,8
Indonesia,IDN,2017,8
Indonesia,IDN,2018,8
Indonesia,IDN,2019,6
Indonesia,IDN,2020,6
Iraq,IRQ,2008,0
Iraq,IRQ,2009,0
Iraq,IRQ,2010,0
Iraq,IRQ,2011,0
Iraq,IRQ,2012,0
Iraq,IRQ,2013,0
Iraq,IRQ,2014,0
Iraq,IRQ,2015,0
Iraq,IRQ,2016,0
Iraq,IRQ,2017,0
Iraq,IRQ,2018,0
Iraq,IRQ,2019,0
Iraq,IRQ,2020,0
Ireland,IRL,2008,1
Ireland,IRL,2009,1
Ireland,IRL,2010,2
Ireland,IRL,2011,2
Ireland,IRL,2012,3
Ireland,IRL,2013,2
Ireland,IRL,2014,4
Ireland,IRL,2015,3
Ireland,IRL,2016,4
Ireland,IRL,2017,3
Ireland,IRL,2018,4
Ireland,IRL,2019,10
Ireland,IRL,2020,4
Israel,ISR,2008,6
Israel,ISR,2009,6
Israel,ISR,2010,6
Israel,ISR,2011,5
Israel,ISR,2012,5
Israel,ISR,2014,4
Israel,ISR,2015,5
Israel,ISR,2016,5
Israel,ISR,2017,6
Israel,ISR,2018,5
Israel,ISR,2019,1
Israel,ISR,2020,1
Israel,ISR,2021,1
Italy,ITA,2008,2
Italy,ITA,2009,2
Italy,ITA,2010,9
Italy,ITA,2011,2
Italy,ITA,2012,2
Italy,ITA,2013,2
Italy,ITA,2014,2
Italy,ITA,2015,9
Italy,ITA,2016,2
Italy,ITA,2017,9
Italy,ITA,2018,2
Italy,ITA,2019,9
Italy,ITA,2020,2
Jamaica,JAM,2008,4
Jamaica,JAM,2009,5
Jamaica,JAM,2010,7
Jamaica,JAM,2011,5
Jamaica,JAM,2012,5
Jamaica,JAM,2013,5
Jamaica,JAM,2014,5
Jamaica,JAM,2015,5
Jamaica,JAM,2016,5
Jamaica,JAM,2017,5
Jamaica,JAM,2018,5
Jamaica,JAM,2019,5
Jamaica,JAM,2020,1
Japan,JPN,2008,0
Japan,JPN,2009,1
Japan,JPN,2010,0
Japan,JPN,2011,0
Japan,JPN,2012,1
Japan,JPN,2013,0
Japan,JPN,2014,7
Japan,JPN,2015,7
Japan,JPN,2016,7
Japan,JPN,2017,7
Japan,JPN,2018,7
Japan,JPN,2019,7
Japan,JPN,2020,0
Jordan,JOR,2008,0
Jordan,JOR,2009,0
Jordan,JOR,2010,7
Jordan,JOR,2011,0
Jordan,JOR,2012,7
Jordan,JOR,2013,0
Jordan,JOR,2014,0
Jordan,JOR,2015,0
Jordan,JOR,2016,7
Jordan,JOR,2017,0
Jordan,JOR,2018,0
Jordan,JOR,2019,0
Kazakhstan,KAZ,2008,7
Kazakhstan,KAZ,2009,7
Kazakhstan,KAZ,2010,7
Kazakhstan,KAZ,2011,7
Kazakhstan,KAZ,2012,7
Kazakhstan,KAZ,2013,7
Kazakhstan,KAZ,2014,8
Kazakhstan,KAZ,2015,8
Kazakhstan,KAZ,2016,8
Kazakhstan,KAZ,2017,8
Kazakhstan,KAZ,2018,8
Kazakhstan,KAZ,2019,8
Kazakhstan,KAZ,2020,8
Kiribati,KIR,2008,0
Kiribati,KIR,2009,0
Kiribati,KIR,2010,0
Kiribati,KIR,2011,0
Kiribati,KIR,2012,0
Kiribati,KIR,2013,0
Kiribati,KIR,2014,0
Kiribati,KIR,2015,0
Kiribati,KIR,2016,0
Kiribati,KIR,2017,0
Kiribati,KIR,2018,0
Kiribati,KIR,2019,0
Kiribati,KIR,2020,0
Kuwait,KWT,2008,0
Kuwait,KWT,2009,0
Kuwait,KWT,2010,0
Kuwait,KWT,2011,0
Kuwait,KWT,2012,0
Kuwait,KWT,2013,0
Kuwait,KWT,2014,0
Kuwait,KWT,2015,0
Kuwait,KWT,2016,0
Kuwait,KWT,2017,0
Kuwait,KWT,2018,0
Kuwait,KWT,2019,0
Kuwait,KWT,2020,0
Kyrgyzstan,KGZ,2008,0
Kyrgyzstan,KGZ,2009,0
Kyrgyzstan,KGZ,2010,0
Kyrgyzstan,KGZ,2011,0
Kyrgyzstan,KGZ,2012,0
Kyrgyzstan,KGZ,2013,0
Kyrgyzstan,KGZ,2014,0
Kyrgyzstan,KGZ,2015,0
Kyrgyzstan,KGZ,2016,0
Kyrgyzstan,KGZ,2017,0
Kyrgyzstan,KGZ,2018,0
Kyrgyzstan,KGZ,2019,0
Kyrgyzstan,KGZ,2020,0
Laos,LAO,2008,0
Laos,LAO,2009,2
Laos,LAO,2010,2
Laos,LAO,2011,2
Laos,LAO,2012,2
Laos,LAO,2013,2
Laos,LAO,2014,2
Laos,LAO,2015,2
Laos,LAO,2016,2
Laos,LAO,2017,2
Laos,LAO,2018,2
Laos,LAO,2019,2
Latin America and the Caribbean,,2008,52
Latin America and the Caribbean,,2009,50
Latin America and the Caribbean,,2010,52
Latin America and the Caribbean,,2011,61
Latin America and the Caribbean,,2012,82
Latin America and the Caribbean,,2013,82
Latin America and the Caribbean,,2014,77
Latin America and the Caribbean,,2015,87
Latin America and the Caribbean,,2016,94
Latin America and the Caribbean,,2017,93
Latin America and the Caribbean,,2018,92
Latin America and the Caribbean,,2019,72
Latin America and the Caribbean,,2020,42
Latin America and the Caribbean,,2021,15
Latvia,LVA,2008,6
Latvia,LVA,2009,6
Latvia,LVA,2010,6
Latvia,LVA,2011,6
Latvia,LVA,2012,7
Latvia,LVA,2013,7
Latvia,LVA,2014,7
Latvia,LVA,2015,7
Latvia,LVA,2016,7
Latvia,LVA,2017,7
Latvia,LVA,2018,7
Latvia,LVA,2019,7
Latvia,LVA,2020,2
Lebanon,LBN,2008,0
Lebanon,LBN,2009,0
Lebanon,LBN,2010,0
Lebanon,LBN,2011,0
Lebanon,LBN,2012,0
Lebanon,LBN,2013,0
Lebanon,LBN,2014,0
Lebanon,LBN,2015,0
Lebanon,LBN,2016,0
Lebanon,LBN,2017,0
Lebanon,LBN,2018,0
Lebanon,LBN,2019,0
Lebanon,LBN,2020,0
Lesotho,LSO,2008,0
Lesotho,LSO,2009,0
Lesotho,LSO,2010,0
Lesotho,LSO,2011,0
Lesotho,LSO,2012,0
Lesotho,LSO,2013,0
Lesotho,LSO,2014,0
Lesotho,LSO,2015,0
Lesotho,LSO,2016,0
Lesotho,LSO,2017,0
Lesotho,LSO,2018,0
Lesotho,LSO,2019,0
Libya,LBY,2008,0
Libya,LBY,2009,0
Libya,LBY,2010,0
Libya,LBY,2011,0
Libya,LBY,2012,0
Libya,LBY,2013,0
Libya,LBY,2014,0
Libya,LBY,2015,0
Libya,LBY,2016,0
Libya,LBY,2017,0
Libya,LBY,2018,0
Libya,LBY,2019,0
Libya,LBY,2020,0
Liechtenstein,LIE,2008,0
Liechtenstein,LIE,2009,0
Liechtenstein,LIE,2010,0
Liechtenstein,LIE,2011,0
Liechtenstein,LIE,2012,0
Liechtenstein,LIE,2013,0
Liechtenstein,LIE,2014,0
Liechtenstein,LIE,2015,0
Liechtenstein,LIE,2016,0
Liechtenstein,LIE,2017,0
Liechtenstein,LIE,2018,0
Liechtenstein,LIE,2019,0
Liechtenstein,LIE,2020,0
Liechtenstein,LIE,2021,0
Lithuania,LTU,2008,1
Lithuania,LTU,2009,8
Lithuania,LTU,2010,8
Lithuania,LTU,2011,8
Lithuania,LTU,2012,8
Lithuania,LTU,2013,8
Lithuania,LTU,2014,9
Lithuania,LTU,2015,9
Lithuania,LTU,2016,9
Lithuania,LTU,2017,9
Lithuania,LTU,2018,9
Lithuania,LTU,2019,9
Lithuania,LTU,2020,9
Luxembourg,LUX,2008,2
Luxembourg,LUX,2009,2
Luxembourg,LUX,2010,3
Luxembourg,LUX,2011,2
Luxembourg,LUX,2012,9
Luxembourg,LUX,2013,8
Luxembourg,LUX,2014,11
Luxembourg,LUX,2015,10
Luxembourg,LUX,2016,11
Luxembourg,LUX,2017,10
Luxembourg,LUX,2018,11
Luxembourg,LUX,2019,9
Luxembourg,LUX,2020,9
Macao,MAC,2008,0
Macao,MAC,2009,0
Macao,MAC,2010,4
Macao,MAC,2011,4
Macao,MAC,2012,4
Macao,MAC,2013,4
Macao,MAC,2014,4
Macao,MAC,2015,4
Macao,MAC,2016,4
Macao,MAC,2017,4
Macao,MAC,2018,4
Macao,MAC,2021,0
Madagascar,MDG,2008,0
Madagascar,MDG,2009,0
Madagascar,MDG,2010,0
Madagascar,MDG,2011,0
Madagascar,MDG,2012,0
Madagascar,MDG,2013,0
Madagascar,MDG,2014,0
Madagascar,MDG,2015,0
Madagascar,MDG,2016,0
Madagascar,MDG,2017,0
Madagascar,MDG,2018,0
Madagascar,MDG,2019,0
Madagascar,MDG,2020,0
Malawi,MWI,2008,0
Malawi,MWI,2009,0
Malawi,MWI,2010,0
Malawi,MWI,2011,0
Malawi,MWI,2012,0
Malawi,MWI,2013,0
Malawi,MWI,2014,0
Malawi,MWI,2015,0
Malawi,MWI,2016,0
Malawi,MWI,2017,0
Malawi,MWI,2018,0
Malawi,MWI,2019,0
Malawi,MWI,2020,0
Malawi,MWI,2021,0
Malaysia,MYS,2008,7
Malaysia,MYS,2009,7
Malaysia,MYS,2010,7
Malaysia,MYS,2011,7
Malaysia,MYS,2012,7
Malaysia,MYS,2013,7
Malaysia,MYS,2014,7
Malaysia,MYS,2015,9
Malaysia,MYS,2016,7
Malaysia,MYS,2017,7
Malaysia,MYS,2018,7
Malaysia,MYS,2019,7
Malaysia,MYS,2020,7
Malaysia,MYS,2021,7
Maldives,MDV,2008,1
Maldives,MDV,2009,1
Maldives,MDV,2010,1
Maldives,MDV,2011,1
Maldives,MDV,2012,1
Maldives,MDV,2013,1
Maldives,MDV,2014,1
Maldives,MDV,2015,1
Maldives,MDV,2016,1
Maldives,MDV,2017,1
Maldives,MDV,2018,1
Mali,MLI,2008,0
Mali,MLI,2009,0
Mali,MLI,2010,0
Mali,MLI,2011,0
Mali,MLI,2012,0
Mali,MLI,2013,0
Mali,MLI,2014,0
Mali,MLI,2015,0
Mali,MLI,2016,0
Mali,MLI,2017,0
Mali,MLI,2018,0
Mali,MLI,2019,0
Malta,MLT,2009,1
Malta,MLT,2010,8
Malta,MLT,2011,1
Malta,MLT,2012,1
Malta,MLT,2013,1
Malta,MLT,2014,2
Malta,MLT,2015,2
Malta,MLT,2016,2
Malta,MLT,2017,2
Malta,MLT,2018,2
Malta,MLT,2019,2
Malta,MLT,2020,2
Marshall Islands,MHL,2008,1
Marshall Islands,MHL,2009,1
Marshall Islands,MHL,2010,1
Marshall Islands,MHL,2011,1
Marshall Islands,MHL,2012,1
Marshall Islands,MHL,2013,1
Marshall Islands,MHL,2014,1
Marshall Islands,MHL,2015,1
Marshall Islands,MHL,2016,1
Marshall Islands,MHL,2017,1
Marshall Islands,MHL,2018,1
Marshall Islands,MHL,2019,1
Marshall Islands,MHL,2020,1
Marshall Islands,MHL,2021,1
Martinique,MTQ,2009,1
Martinique,MTQ,2010,1
Martinique,MTQ,2011,1
Martinique,MTQ,2012,1
Martinique,MTQ,2013,1
Martinique,MTQ,2014,1
Martinique,MTQ,2015,1
Martinique,MTQ,2016,2
Martinique,MTQ,2017,1
Martinique,MTQ,2018,1
Martinique,MTQ,2019,1
Mauritius,MUS,2010,7
Mauritius,MUS,2013,1
Mauritius,MUS,2015,1
Mauritius,MUS,2017,7
Mexico,MEX,2008,10
Mexico,MEX,2009,10
Mexico,MEX,2010,10
Mexico,MEX,2011,10
Mexico,MEX,2012,10
Mexico,MEX,2013,10
Mexico,MEX,2014,10
Mexico,MEX,2015,10
Mexico,MEX,2016,10
Mexico,MEX,2017,10
Mexico,MEX,2018,10
Mexico,MEX,2019,10
Mexico,MEX,2020,10
Micronesia (country),FSM,2009,0
Micronesia (country),FSM,2010,0
Micronesia (country),FSM,2011,0
Micronesia (country),FSM,2012,0
Micronesia (country),FSM,2013,0
Micronesia (country),FSM,2014,0
Micronesia (country),FSM,2015,0
Micronesia (country),FSM,2016,0
Micronesia (country),FSM,2017,0
Micronesia (country),FSM,2018,0
Micronesia (country),FSM,2019,0
Moldova,MDA,2008,0
Moldova,MDA,2009,0
Moldova,MDA,2010,0
Moldova,MDA,2011,0
Moldova,MDA,2012,0
Moldova,MDA,2013,0
Moldova,MDA,2014,0
Moldova,MDA,2015,0
Moldova,MDA,2016,0
Moldova,MDA,2017,0
Moldova,MDA,2018,0
Moldova,MDA,2019,0
Moldova,MDA,2020,0
Moldova,MDA,2021,0
Monaco,MCO,2008,0
Monaco,MCO,2009,4
Monaco,MCO,2010,4
Monaco,MCO,2011,4
Monaco,MCO,2012,4
Monaco,MCO,2013,4
Monaco,MCO,2014,4
Monaco,MCO,2015,4
Monaco,MCO,2016,4
Monaco,MCO,2017,4
Monaco,MCO,2018,4
Monaco,MCO,2019,3
Monaco,MCO,2020,0
Mongolia,MNG,2008,0
Mongolia,MNG,2009,0
Mongolia,MNG,2010,0
Mongolia,MNG,2011,0
Mongolia,MNG,2012,0
Mongolia,MNG,2013,0
Mongolia,MNG,2014,0
Mongolia,MNG,2015,1
Mongolia,MNG,2016,1
Mongolia,MNG,2017,0
Mongolia,MNG,2018,0
Mongolia,MNG,2019,0
Mongolia,MNG,2020,0
Montenegro,MNE,2009,6
Montserrat,MSR,2008,1
Montserrat,MSR,2009,1
Montserrat,MSR,2010,1
Montserrat,MSR,2011,1
Montserrat,MSR,2012,1
Montserrat,MSR,2013,1
Montserrat,MSR,2014,1
Montserrat,MSR,2015,1
Montserrat,MSR,2016,1
Montserrat,MSR,2017,1
Montserrat,MSR,2018,1
Montserrat,MSR,2019,1
Montserrat,MSR,2020,1
Montserrat,MSR,2021,1
Morocco,MAR,2008,6
Morocco,MAR,2009,6
Morocco,MAR,2010,6
Morocco,MAR,2011,6
Morocco,MAR,2012,6
Morocco,MAR,2013,6
Morocco,MAR,2014,6
Morocco,MAR,2015,6
Morocco,MAR,2016,6
Morocco,MAR,2017,6
Morocco,MAR,2018,6
Morocco,MAR,2019,6
Mozambique,MOZ,2008,0
Mozambique,MOZ,2009,0
Mozambique,MOZ,2010,0
Mozambique,MOZ,2011,0
Mozambique,MOZ,2012,0
Mozambique,MOZ,2013,0
Mozambique,MOZ,2014,0
Mozambique,MOZ,2015,7
Mozambique,MOZ,2016,6
Mozambique,MOZ,2017,6
Mozambique,MOZ,2018,6
Mozambique,MOZ,2019,6
Mozambique,MOZ,2020,6
Myanmar,MMR,2008,1
Myanmar,MMR,2009,1
Myanmar,MMR,2010,1
Myanmar,MMR,2011,1
Myanmar,MMR,2012,1
Myanmar,MMR,2013,1
Myanmar,MMR,2014,2
Myanmar,MMR,2015,2
Myanmar,MMR,2016,1
Myanmar,MMR,2017,1
Myanmar,MMR,2018,1
Myanmar,MMR,2019,1
Myanmar,MMR,2020,1
Namibia,NAM,2008,0
Namibia,NAM,2009,2
Namibia,NAM,2010,2
Namibia,NAM,2011,2
Namibia,NAM,2012,2
Namibia,NAM,2013,2
Namibia,NAM,2014,2
Namibia,NAM,2015,2
Namibia,NAM,2016,2
Namibia,NAM,2017,2
Namibia,NAM,2018,0
Namibia,NAM,2019,0
Namibia,NAM,2020,2
Nepal,NPL,2008,0
Nepal,NPL,2009,0
Nepal,NPL,2010,0
Nepal,NPL,2011,0
Nepal,NPL,2012,0
Nepal,NPL,2013,0
Nepal,NPL,2014,0
Nepal,NPL,2015,0
Nepal,NPL,2016,0
Nepal,NPL,2017,0
Nepal,NPL,2018,0
Nepal,NPL,2019,0
Nepal,NPL,2020,0
Netherlands,NLD,2008,3
Netherlands,NLD,2009,4
Netherlands,NLD,2010,9
Netherlands,NLD,2011,9
Netherlands,NLD,2012,9
Netherlands,NLD,2013,9
Netherlands,NLD,2014,9
Netherlands,NLD,2015,9
Netherlands,NLD,2016,9
Netherlands,NLD,2017,9
Netherlands,NLD,2018,9
Netherlands,NLD,2019,6
Netherlands,NLD,2020,6
Netherlands,NLD,2021,6
New Caledonia,NCL,2008,0
New Caledonia,NCL,2009,0
New Caledonia,NCL,2010,0
New Caledonia,NCL,2011,0
New Caledonia,NCL,2012,0
New Caledonia,NCL,2013,0
New Caledonia,NCL,2014,0
New Caledonia,NCL,2015,0
New Caledonia,NCL,2016,0
New Caledonia,NCL,2017,0
New Caledonia,NCL,2018,0
New Caledonia,NCL,2019,0
New Zealand,NZL,2008,7
New Zealand,NZL,2009,7
New Zealand,NZL,2010,7
New Zealand,NZL,2011,7
New Zealand,NZL,2012,7
New Zealand,NZL,2013,7
New Zealand,NZL,2014,7
New Zealand,NZL,2015,7
New Zealand,NZL,2016,7
New Zealand,NZL,2017,7
New Zealand,NZL,2018,7
New Zealand,NZL,2019,7
New Zealand,NZL,2020,7
New Zealand,NZL,2021,5
Niger,NER,2008,0
Niger,NER,2009,0
Niger,NER,2010,0
Niger,NER,2011,0
Niger,NER,2012,0
Niger,NER,2013,0
Niger,NER,2014,0
Niger,NER,2015,0
Niger,NER,2016,0
Niger,NER,2017,0
Niger,NER,2018,0
Niger,NER,2019,0
Nigeria,NGA,2008,0
Nigeria,NGA,2009,0
Nigeria,NGA,2010,0
Nigeria,NGA,2011,0
Nigeria,NGA,2012,0
Nigeria,NGA,2013,0
Nigeria,NGA,2014,1
Nigeria,NGA,2015,0
Nigeria,NGA,2016,0
Nigeria,NGA,2017,0
Nigeria,NGA,2018,0
Nigeria,NGA,2019,0
North Macedonia,MKD,2008,0
North Macedonia,MKD,2009,0
North Macedonia,MKD,2010,0
North Macedonia,MKD,2011,0
North Macedonia,MKD,2012,0
North Macedonia,MKD,2013,0
North Macedonia,MKD,2014,0
North Macedonia,MKD,2015,0
North Macedonia,MKD,2016,0
North Macedonia,MKD,2017,0
North Macedonia,MKD,2018,0
North Macedonia,MKD,2019,0
Northern America and Europe,,2008,165
Northern America and Europe,,2009,178
Northern America and Europe,,2010,213
Northern America and Europe,,2011,201
Northern America and Europe,,2012,214
Northern America and Europe,,2013,208
Northern America and Europe,,2014,253
Northern America and Europe,,2015,254
Northern America and Europe,,2016,256
Northern America and Europe,,2017,254
Northern America and Europe,,2018,237
Northern America and Europe,,2019,236
Northern America and Europe,,2020,133
Northern America and Europe,,2021,34
Norway,NOR,2008,8
Norway,NOR,2009,8
Norway,NOR,2010,8
Norway,NOR,2011,8
Norway,NOR,2012,8
Norway,NOR,2013,8
Norway,NOR,2014,8
Norway,NOR,2015,8
Norway,NOR,2016,8
Norway,NOR,2017,8
Norway,NOR,2018,8
Norway,NOR,2019,8
Norway,NOR,2020,2
Oceania excluding Australia and New Zealand,,2008,11
Oceania excluding Australia and New Zealand,,2009,8
Oceania excluding Australia and New Zealand,,2010,11
Oceania excluding Australia and New Zealand,,2011,11
Oceania excluding Australia and New Zealand,,2012,11
Oceania excluding Australia and New Zealand,,2013,13
Oceania excluding Australia and New Zealand,,2014,13
Oceania excluding Australia and New Zealand,,2015,16
Oceania excluding Australia and New Zealand,,2016,16
Oceania excluding Australia and New Zealand,,2017,10
Oceania excluding Australia and New Zealand,,2018,10
Oceania excluding Australia and New Zealand,,2019,12
Oceania excluding Australia and New Zealand,,2020,12
Oceania excluding Australia and New Zealand,,2021,1
Oman,OMN,2008,6
Oman,OMN,2009,6
Oman,OMN,2010,6
Oman,OMN,2011,6
Oman,OMN,2012,6
Oman,OMN,2013,6
Oman,OMN,2014,6
Oman,OMN,2015,6
Oman,OMN,2016,6
Oman,OMN,2017,6
Oman,OMN,2018,6
Oman,OMN,2019,6
Oman,OMN,2020,6
Oman,OMN,2021,6
Pakistan,PAK,2008,0
Pakistan,PAK,2009,0
Pakistan,PAK,2010,0
Pakistan,PAK,2011,0
Pakistan,PAK,2012,0
Pakistan,PAK,2013,0
Pakistan,PAK,2014,0
Pakistan,PAK,2015,0
Pakistan,PAK,2016,0
Pakistan,PAK,2017,0
Pakistan,PAK,2018,0
Pakistan,PAK,2019,0
Pakistan,PAK,2020,0
Palau,PLW,2008,2
Palau,PLW,2009,2
Palau,PLW,2010,2
Palau,PLW,2011,2
Palau,PLW,2012,2
Palau,PLW,2013,2
Palau,PLW,2014,4
Palau,PLW,2015,4
Palau,PLW,2016,4
Palau,PLW,2017,2
Palau,PLW,2018,2
Palau,PLW,2019,2
Palau,PLW,2020,2
Palestine,PSE,2008,0
Palestine,PSE,2009,4
Palestine,PSE,2010,0
Palestine,PSE,2011,0
Palestine,PSE,2012,4
Palestine,PSE,2013,0
Palestine,PSE,2014,4
Palestine,PSE,2015,0
Palestine,PSE,2016,4
Palestine,PSE,2017,4
Palestine,PSE,2018,4
Palestine,PSE,2019,4
Palestine,PSE,2020,4
Panama,PAN,2008,7
Panama,PAN,2009,7
Panama,PAN,2010,7
Panama,PAN,2011,7
Panama,PAN,2012,7
Panama,PAN,2013,7
Panama,PAN,2014,0
Panama,PAN,2015,0
Panama,PAN,2016,0
Panama,PAN,2017,0
Panama,PAN,2018,0
Panama,PAN,2019,0
Panama,PAN,2020,0
Panama,PAN,2021,0
Paraguay,PRY,2008,0
Paraguay,PRY,2009,0
Paraguay,PRY,2010,0
Paraguay,PRY,2011,0
Paraguay,PRY,2012,0
Paraguay,PRY,2013,0
Paraguay,PRY,2014,0
Paraguay,PRY,2015,0
Paraguay,PRY,2016,0
Paraguay,PRY,2017,0
Paraguay,PRY,2018,0
Paraguay,PRY,2019,0
Paraguay,PRY,2020,0
Peru,PER,2008,0
Peru,PER,2009,0
Peru,PER,2010,0
Peru,PER,2011,7
Peru,PER,2012,0
Peru,PER,2013,0
Peru,PER,2014,0
Peru,PER,2015,7
Peru,PER,2016,0
Peru,PER,2017,0
Peru,PER,2018,0
Peru,PER,2019,0
Peru,PER,2020,0
Philippines,PHL,2008,8
Philippines,PHL,2009,8
Philippines,PHL,2010,11
Philippines,PHL,2011,9
Philippines,PHL,2012,9
Philippines,PHL,2013,9
Philippines,PHL,2014,9
Philippines,PHL,2015,9
Philippines,PHL,2016,9
Philippines,PHL,2017,9
Philippines,PHL,2018,9
Philippines,PHL,2019,9
Philippines,PHL,2020,9
Philippines,PHL,2021,9
Poland,POL,2008,6
Poland,POL,2009,7
Poland,POL,2010,8
Poland,POL,2011,10
Poland,POL,2012,9
Poland,POL,2013,9
Poland,POL,2014,4
Poland,POL,2015,8
Poland,POL,2016,4
Poland,POL,2017,2
Poland,POL,2018,3
Poland,POL,2019,0
Portugal,PRT,2008,9
Portugal,PRT,2009,4
Portugal,PRT,2010,4
Portugal,PRT,2011,2
Portugal,PRT,2012,2
Portugal,PRT,2013,2
Portugal,PRT,2014,9
Portugal,PRT,2015,9
Portugal,PRT,2016,9
Portugal,PRT,2017,9
Portugal,PRT,2018,9
Portugal,PRT,2019,9
Portugal,PRT,2020,4
Puerto Rico,PRI,2008,0
Puerto Rico,PRI,2009,0
Puerto Rico,PRI,2010,0
Puerto Rico,PRI,2011,0
Puerto Rico,PRI,2012,0
Puerto Rico,PRI,2013,0
Puerto Rico,PRI,2014,0
Puerto Rico,PRI,2015,0
Puerto Rico,PRI,2016,7
Puerto Rico,PRI,2017,7
Puerto Rico,PRI,2018,7
Puerto Rico,PRI,2019,7
Puerto Rico,PRI,2020,7
Qatar,QAT,2008,0
Qatar,QAT,2009,0
Qatar,QAT,2010,0
Qatar,QAT,2011,0
Qatar,QAT,2012,0
Qatar,QAT,2013,7
Qatar,QAT,2014,7
Qatar,QAT,2015,7
Qatar,QAT,2016,7
Qatar,QAT,2017,7
Qatar,QAT,2018,7
Qatar,QAT,2019,7
Qatar,QAT,2020,7
Reunion,REU,2008,0
Reunion,REU,2009,7
Reunion,REU,2010,6
Reunion,REU,2011,0
Reunion,REU,2012,0
Reunion,REU,2013,0
Reunion,REU,2014,0
Reunion,REU,2015,0
Reunion,REU,2016,0
Reunion,REU,2017,6
Reunion,REU,2018,0
Reunion,REU,2019,6
Reunion,REU,2020,0
Romania,ROU,2008,8
Romania,ROU,2009,8
Romania,ROU,2010,8
Romania,ROU,2011,8
Romania,ROU,2012,8
Romania,ROU,2013,9
Romania,ROU,2014,9
Romania,ROU,2015,9
Romania,ROU,2016,9
Romania,ROU,2017,9
Romania,ROU,2018,9
Romania,ROU,2019,8
Russia,RUS,2008,0
Russia,RUS,2009,0
Russia,RUS,2010,0
Russia,RUS,2011,0
Russia,RUS,2012,0
Russia,RUS,2013,1
Russia,RUS,2014,2
Russia,RUS,2015,2
Russia,RUS,2016,2
Russia,RUS,2017,2
Russia,RUS,2018,1
Russia,RUS,2019,1
Rwanda,RWA,2008,0
Rwanda,RWA,2009,0
Rwanda,RWA,2010,0
Rwanda,RWA,2011,0
Rwanda,RWA,2012,0
Rwanda,RWA,2013,0
Rwanda,RWA,2014,7
Rwanda,RWA,2015,7
Rwanda,RWA,2016,7
Rwanda,RWA,2017,7
Rwanda,RWA,2018,7
Rwanda,RWA,2019,7
Rwanda,RWA,2020,7
Saint Kitts and Nevis,KNA,2008,0
Saint Kitts and Nevis,KNA,2009,0
Saint Kitts and Nevis,KNA,2010,0
Saint Kitts and Nevis,KNA,2011,0
Saint Kitts and Nevis,KNA,2012,0
Saint Kitts and Nevis,KNA,2013,0
Saint Kitts and Nevis,KNA,2014,0
Saint Kitts and Nevis,KNA,2015,0
Saint Kitts and Nevis,KNA,2016,0
Saint Kitts and Nevis,KNA,2017,0
Saint Kitts and Nevis,KNA,2018,0
Saint Kitts and Nevis,KNA,2019,0
Saint Kitts and Nevis,KNA,2020,0
Saint Lucia,LCA,2008,0
Saint Lucia,LCA,2009,0
Saint Lucia,LCA,2010,0
Saint Lucia,LCA,2011,0
Saint Lucia,LCA,2012,0
Saint Lucia,LCA,2013,0
Saint Lucia,LCA,2014,0
Saint Lucia,LCA,2015,0
Saint Lucia,LCA,2016,0
Saint Lucia,LCA,2017,0
Saint Lucia,LCA,2018,0
Saint Lucia,LCA,2019,0
Saint Lucia,LCA,2020,0
Samoa,WSM,2008,0
Samoa,WSM,2009,0
Samoa,WSM,2010,0
Samoa,WSM,2011,0
Samoa,WSM,2012,0
Samoa,WSM,2013,1
Samoa,WSM,2014,2
Samoa,WSM,2015,2
Samoa,WSM,2016,2
Samoa,WSM,2017,1
Samoa,WSM,2018,1
Samoa,WSM,2019,0
Samoa,WSM,2020,0
Sao Tome and Principe,STP,2008,0
Sao Tome and Principe,STP,2009,0
Sao Tome and Principe,STP,2010,0
Sao Tome and Principe,STP,2011,0
Sao Tome and Principe,STP,2012,0
Sao Tome and Principe,STP,2013,0
Sao Tome and Principe,STP,2014,0
Sao Tome and Principe,STP,2015,0
Sao Tome and Principe,STP,2016,0
Sao Tome and Principe,STP,2017,0
Sao Tome and Principe,STP,2018,0
Sao Tome and Principe,STP,2019,0
Saudi Arabia,SAU,2008,7
Saudi Arabia,SAU,2009,7
Saudi Arabia,SAU,2010,7
Saudi Arabia,SAU,2011,7
Saudi Arabia,SAU,2012,7
Saudi Arabia,SAU,2013,7
Saudi Arabia,SAU,2019,7
Saudi Arabia,SAU,2020,7
Serbia,SRB,2008,1
Serbia,SRB,2009,1
Serbia,SRB,2010,1
Serbia,SRB,2011,1
Serbia,SRB,2012,1
Serbia,SRB,2013,1
Serbia,SRB,2014,1
Serbia,SRB,2015,1
Serbia,SRB,2016,2
Serbia,SRB,2017,2
Serbia,SRB,2018,2
Serbia,SRB,2019,2
Serbia,SRB,2020,2
Sierra Leone,SLE,2009,7
Sierra Leone,SLE,2010,7
Sierra Leone,SLE,2011,7
Sierra Leone,SLE,2012,7
Sierra Leone,SLE,2013,7
Sierra Leone,SLE,2014,7
Sierra Leone,SLE,2015,7
Sierra Leone,SLE,2016,7
Sierra Leone,SLE,2017,7
Sierra Leone,SLE,2018,7
Sierra Leone,SLE,2019,7
Sierra Leone,SLE,2020,7
Singapore,SGP,2008,0
Singapore,SGP,2009,0
Singapore,SGP,2010,0
Singapore,SGP,2011,0
Singapore,SGP,2012,0
Singapore,SGP,2013,0
Singapore,SGP,2014,0
Singapore,SGP,2015,4
Singapore,SGP,2016,0
Singapore,SGP,2017,0
Singapore,SGP,2018,0
Singapore,SGP,2019,0
Singapore,SGP,2020,0
Sint Maarten (Dutch part),SXM,2008,0
Sint Maarten (Dutch part),SXM,2009,0
Sint Maarten (Dutch part),SXM,2010,0
Sint Maarten (Dutch part),SXM,2011,0
Sint Maarten (Dutch part),SXM,2012,0
Sint Maarten (Dutch part),SXM,2013,0
Sint Maarten (Dutch part),SXM,2014,0
Sint Maarten (Dutch part),SXM,2015,0
Sint Maarten (Dutch part),SXM,2016,0
Sint Maarten (Dutch part),SXM,2017,0
Sint Maarten (Dutch part),SXM,2018,0
Sint Maarten (Dutch part),SXM,2019,0
Slovakia,SVK,2008,1
Slovakia,SVK,2009,1
Slovakia,SVK,2010,1
Slovakia,SVK,2011,1
Slovakia,SVK,2012,1
Slovakia,SVK,2013,8
Slovakia,SVK,2014,9
Slovakia,SVK,2015,9
Slovakia,SVK,2016,9
Slovakia,SVK,2017,9
Slovakia,SVK,2018,9
Slovakia,SVK,2019,9
Slovenia,SVN,2008,1
Slovenia,SVN,2009,8
Slovenia,SVN,2010,1
Slovenia,SVN,2011,1
Slovenia,SVN,2012,9
Slovenia,SVN,2013,2
Slovenia,SVN,2014,9
Slovenia,SVN,2015,9
Slovenia,SVN,2016,2
Slovenia,SVN,2017,10
Slovenia,SVN,2018,3
Slovenia,SVN,2019,10
Slovenia,SVN,2020,10
South Africa,ZAF,2008,8
South Africa,ZAF,2009,8
South Africa,ZAF,2010,8
South Africa,ZAF,2011,8
South Africa,ZAF,2012,9
South Africa,ZAF,2013,9
South Africa,ZAF,2014,8
South Africa,ZAF,2015,8
South Africa,ZAF,2016,8
South Africa,ZAF,2017,7
South Africa,ZAF,2018,7
South Africa,ZAF,2019,7
South Korea,KOR,2008,0
South Korea,KOR,2009,0
South Korea,KOR,2010,0
South Korea,KOR,2011,0
South Korea,KOR,2012,0
South Korea,KOR,2013,0
South Korea,KOR,2014,0
South Korea,KOR,2015,0
South Korea,KOR,2016,0
South Korea,KOR,2017,0
South Korea,KOR,2018,0
South Korea,KOR,2019,0
South Korea,KOR,2020,0
South Sudan,SSD,2008,0
South Sudan,SSD,2009,0
South Sudan,SSD,2010,0
South Sudan,SSD,2011,0
South Sudan,SSD,2012,0
South Sudan,SSD,2013,0
South Sudan,SSD,2014,0
South Sudan,SSD,2015,0
South Sudan,SSD,2016,0
South Sudan,SSD,2017,0
South Sudan,SSD,2018,0
South Sudan,SSD,2019,0
South Sudan,SSD,2020,0
Spain,ESP,2008,10
Spain,ESP,2009,10
Spain,ESP,2010,9
Spain,ESP,2011,9
Spain,ESP,2012,8
Spain,ESP,2013,8
Spain,ESP,2014,9
Spain,ESP,2015,10
Spain,ESP,2016,10
Spain,ESP,2017,10
Spain,ESP,2018,7
Spain,ESP,2019,7
Spain,ESP,2020,5
Sri Lanka,LKA,2008,0
Sri Lanka,LKA,2009,0
Sri Lanka,LKA,2010,0
Sri Lanka,LKA,2011,0
Sri Lanka,LKA,2012,0
Sri Lanka,LKA,2013,0
Sri Lanka,LKA,2014,0
Sri Lanka,LKA,2015,0
Sri Lanka,LKA,2016,0
Sri Lanka,LKA,2017,0
Sri Lanka,LKA,2018,0
Sri Lanka,LKA,2019,0
Sri Lanka,LKA,2020,0
Sub-Saharan Africa,,2008,8
Sub-Saharan Africa,,2009,31
Sub-Saharan Africa,,2010,30
Sub-Saharan Africa,,2011,21
Sub-Saharan Africa,,2012,25
Sub-Saharan Africa,,2013,27
Sub-Saharan Africa,,2014,25
Sub-Saharan Africa,,2015,36
Sub-Saharan Africa,,2016,44
Sub-Saharan Africa,,2017,48
Sub-Saharan Africa,,2018,32
Sub-Saharan Africa,,2019,42
Sub-Saharan Africa,,2020,34
Sub-Saharan Africa,,2021,0
Sweden,SWE,2008,7
Sweden,SWE,2009,7
Sweden,SWE,2010,8
Sweden,SWE,2011,7
Sweden,SWE,2012,7
Sweden,SWE,2013,8
Sweden,SWE,2014,8
Sweden,SWE,2015,10
Sweden,SWE,2016,9
Sweden,SWE,2017,9
Sweden,SWE,2018,10
Sweden,SWE,2019,9
Sweden,SWE,2020,9
Sweden,SWE,2021,8
Switzerland,CHE,2008,8
Switzerland,CHE,2009,2
Switzerland,CHE,2010,2
Switzerland,CHE,2011,8
Switzerland,CHE,2012,2
Switzerland,CHE,2013,2
Switzerland,CHE,2014,8
Switzerland,CHE,2015,2
Switzerland,CHE,2016,2
Switzerland,CHE,2017,8
Switzerland,CHE,2018,2
Switzerland,CHE,2019,2
Switzerland,CHE,2020,2
Syria,SYR,2008,0
Syria,SYR,2009,0
Syria,SYR,2010,0
Syria,SYR,2011,0
Syria,SYR,2012,0
Syria,SYR,2013,0
Syria,SYR,2014,0
Syria,SYR,2015,0
Syria,SYR,2016,0
Syria,SYR,2017,0
Syria,SYR,2018,0
Syria,SYR,2019,0
Syria,SYR,2020,0
Thailand,THA,2008,0
Thailand,THA,2009,0
Thailand,THA,2010,7
Thailand,THA,2011,7
Thailand,THA,2012,7
Thailand,THA,2013,7
Thailand,THA,2014,7
Thailand,THA,2015,7
Thailand,THA,2016,7
Thailand,THA,2017,11
Thailand,THA,2018,11
Thailand,THA,2019,7
Thailand,THA,2020,7
Thailand,THA,2021,0
Togo,TGO,2008,0
Togo,TGO,2009,0
Togo,TGO,2010,0
Togo,TGO,2011,4
Togo,TGO,2012,0
Togo,TGO,2013,0
Togo,TGO,2014,0
Togo,TGO,2015,4
Togo,TGO,2016,0
Togo,TGO,2017,4
Togo,TGO,2018,0
Togo,TGO,2019,4
Trinidad and Tobago,TTO,2008,0
Trinidad and Tobago,TTO,2009,0
Trinidad and Tobago,TTO,2010,0
Trinidad and Tobago,TTO,2011,1
Trinidad and Tobago,TTO,2012,1
Trinidad and Tobago,TTO,2013,1
Trinidad and Tobago,TTO,2014,2
Trinidad and Tobago,TTO,2015,4
Trinidad and Tobago,TTO,2016,2
Trinidad and Tobago,TTO,2017,2
Trinidad and Tobago,TTO,2018,2
Trinidad and Tobago,TTO,2019,1
Trinidad and Tobago,TTO,2020,1
Tunisia,TUN,2008,0
Tunisia,TUN,2009,0
Tunisia,TUN,2010,0
Tunisia,TUN,2011,0
Tunisia,TUN,2012,0
Tunisia,TUN,2013,0
Tunisia,TUN,2014,0
Tunisia,TUN,2015,0
Tunisia,TUN,2016,0
Tunisia,TUN,2017,0
Tunisia,TUN,2018,0
Tunisia,TUN,2019,0
Tunisia,TUN,2020,0
Tunisia,TUN,2021,0
Turkey,TUR,2008,1
Turkey,TUR,2009,1
Turkey,TUR,2010,1
Turkey,TUR,2011,1
Turkey,TUR,2012,1
Turkey,TUR,2013,1
Turkey,TUR,2014,1
Turkey,TUR,2015,1
Turkey,TUR,2016,2
Turkey,TUR,2017,2
Turkey,TUR,2018,2
Turkey,TUR,2019,1
Uganda,UGA,2008,0
Uganda,UGA,2009,0
Uganda,UGA,2010,0
Uganda,UGA,2011,0
Uganda,UGA,2012,0
Uganda,UGA,2013,0
Uganda,UGA,2014,0
Uganda,UGA,2015,0
Uganda,UGA,2016,7
Uganda,UGA,2017,0
Uganda,UGA,2018,0
Uganda,UGA,2019,0
Ukraine,UKR,2008,0
Ukraine,UKR,2009,0
Ukraine,UKR,2010,0
Ukraine,UKR,2011,0
Ukraine,UKR,2012,0
Ukraine,UKR,2013,0
Ukraine,UKR,2014,0
Ukraine,UKR,2015,0
Ukraine,UKR,2016,0
Ukraine,UKR,2017,0
Ukraine,UKR,2018,0
Ukraine,UKR,2019,0
Ukraine,UKR,2020,0
United Arab Emirates,ARE,2008,0
United Arab Emirates,ARE,2009,0
United Arab Emirates,ARE,2010,0
United Arab Emirates,ARE,2011,0
United Arab Emirates,ARE,2012,0
United Arab Emirates,ARE,2013,0
United Arab Emirates,ARE,2014,0
United Arab Emirates,ARE,2015,0
United Arab Emirates,ARE,2016,0
United Arab Emirates,ARE,2017,0
United Arab Emirates,ARE,2018,0
United Arab Emirates,ARE,2019,0
United Arab Emirates,ARE,2020,3
United Kingdom,GBR,2008,9
United Kingdom,GBR,2009,9
United Kingdom,GBR,2010,10
United Kingdom,GBR,2011,10
United Kingdom,GBR,2012,10
United Kingdom,GBR,2013,9
United Kingdom,GBR,2014,10
United Kingdom,GBR,2015,9
United Kingdom,GBR,2016,10
United Kingdom,GBR,2017,9
United Kingdom,GBR,2018,9
United Kingdom,GBR,2019,7
United States,USA,2008,7
United States,USA,2009,7
United States,USA,2010,7
United States,USA,2011,7
United States,USA,2012,7
United States,USA,2013,7
United States,USA,2014,7
United States,USA,2015,7
United States,USA,2016,7
United States,USA,2017,7
United States,USA,2018,7
United States,USA,2019,7
United States Virgin Islands,VIR,2008,1
United States Virgin Islands,VIR,2009,1
United States Virgin Islands,VIR,2010,1
United States Virgin Islands,VIR,2011,1
United States Virgin Islands,VIR,2012,1
United States Virgin Islands,VIR,2013,1
United States Virgin Islands,VIR,2014,1
United States Virgin Islands,VIR,2015,1
United States Virgin Islands,VIR,2016,1
United States Virgin Islands,VIR,2017,1
United States Virgin Islands,VIR,2018,1
United States Virgin Islands,VIR,2019,1
United States Virgin Islands,VIR,2020,1
Uruguay,URY,2008,4
Uruguay,URY,2009,0
Uruguay,URY,2010,0
Uruguay,URY,2011,0
Uruguay,URY,2012,5
Uruguay,URY,2013,5
Uruguay,URY,2014,5
Uruguay,URY,2015,5
Uruguay,URY,2016,5
Uruguay,URY,2017,5
Uruguay,URY,2018,5
Uruguay,URY,2019,5
Uzbekistan,UZB,2008,2
Uzbekistan,UZB,2009,0
Uzbekistan,UZB,2010,0
Uzbekistan,UZB,2011,0
Uzbekistan,UZB,2012,0
Uzbekistan,UZB,2013,0
Uzbekistan,UZB,2014,3
Uzbekistan,UZB,2015,3
Uzbekistan,UZB,2016,3
Uzbekistan,UZB,2017,3
Uzbekistan,UZB,2018,3
Uzbekistan,UZB,2019,3
Vanuatu,VUT,2008,0
Vanuatu,VUT,2009,0
Vanuatu,VUT,2010,0
Vanuatu,VUT,2011,0
Vanuatu,VUT,2012,0
Vanuatu,VUT,2013,0
Vanuatu,VUT,2014,0
Vanuatu,VUT,2015,0
Vanuatu,VUT,2016,0
Vanuatu,VUT,2017,0
Vanuatu,VUT,2018,0
Vanuatu,VUT,2019,0
Vanuatu,VUT,2020,0
Vietnam,VNM,2008,0
Vietnam,VNM,2009,0
Vietnam,VNM,2010,0
Vietnam,VNM,2011,0
Vietnam,VNM,2012,0
Vietnam,VNM,2013,5
Vietnam,VNM,2014,5
Vietnam,VNM,2015,5
Vietnam,VNM,2016,5
Vietnam,VNM,2017,5
Vietnam,VNM,2018,5
Vietnam,VNM,2019,5
Vietnam,VNM,2020,5
Western Asia and Northern Africa,,2008,27
Western Asia and Northern Africa,,2009,38
Western Asia and Northern Africa,,2010,41
Western Asia and Northern Africa,,2011,33
Western Asia and Northern Africa,,2012,44
Western Asia and Northern Africa,,2013,35
Western Asia and Northern Africa,,2014,37
Western Asia and Northern Africa,,2015,34
Western Asia and Northern Africa,,2016,46
Western Asia and Northern Africa,,2017,43
Western Asia and Northern Africa,,2018,44
Western Asia and Northern Africa,,2019,50
Western Asia and Northern Africa,,2020,35
Western Asia and Northern Africa,,2021,15
World,OWID_WRL,2008,316
World,OWID_WRL,2009,367
World,OWID_WRL,2010,423
World,OWID_WRL,2011,403
World,OWID_WRL,2012,453
World,OWID_WRL,2013,446
World,OWID_WRL,2014,498
World,OWID_WRL,2015,533
World,OWID_WRL,2016,551
World,OWID_WRL,2017,539
World,OWID_WRL,2018,505
World,OWID_WRL,2019,502
World,OWID_WRL,2020,326
World,OWID_WRL,2021,100
Zimbabwe,ZWE,2008,0
Zimbabwe,ZWE,2009,0
Zimbabwe,ZWE,2010,0
Zimbabwe,ZWE,2011,0
Zimbabwe,ZWE,2012,0
Zimbabwe,ZWE,2013,0
Zimbabwe,ZWE,2014,0
Zimbabwe,ZWE,2015,0
Zimbabwe,ZWE,2016,0
Zimbabwe,ZWE,2017,0
Zimbabwe,ZWE,2018,0
Zimbabwe,ZWE,2019,0
Zimbabwe,ZWE,2020,0