Entity,Code,Year,Same Day/Overnight visitors
Albania,ALB,2007,0.06120527
Albania,ALB,2008,0.06655975
Albania,ALB,2009,0.037405025
Albania,ALB,2010,0.023733456
Albania,ALB,2011,0.027136492
Albania,ALB,2012,0.02249683
Albania,ALB,2013,0.07700385
Albania,ALB,2014,0.03801257
Albania,ALB,2015,0.04281184
Albania,ALB,2016,0.12457003
Albania,ALB,2017,0.06310575
Albania,ALB,2018,0.10992509
Albania,ALB,2019,0.045365535
Albania,ALB,2020,0.020737328
Albania,ALB,2021,0.031550318
American Samoa,ASM,2010,0.74458873
American Samoa,ASM,2011,0.82743365
American Samoa,ASM,2012,1.221239
American Samoa,ASM,2013,1.3701923
American Samoa,ASM,2014,1.3888888
American Samoa,ASM,2015,1.320197
American Samoa,ASM,2016,0.90547264
American Samoa,ASM,2017,1.115
American Samoa,ASM,2018,1.5643564
American Samoa,ASM,2019,2.0520833
Andorra,AND,1999,3.0144866
Andorra,AND,2000,2.7270262
Andorra,AND,2001,2.2283845
Andorra,AND,2002,2.3974018
Andorra,AND,2003,2.6969407
Andorra,AND,2004,3.1805804
Andorra,AND,2005,3.569479
Andorra,AND,2006,3.8212843
Andorra,AND,2007,3.9077203
Andorra,AND,2008,3.9504614
Andorra,AND,2009,3.979235
Andorra,AND,2010,3.7295353
Andorra,AND,2011,2.5606601
Andorra,AND,2012,2.5303843
Andorra,AND,2013,2.2972507
Andorra,AND,2014,2.299196
Andorra,AND,2015,1.9478033
Andorra,AND,2016,1.8467542
Andorra,AND,2017,1.7146187
Andorra,AND,2018,1.7376726
Andorra,AND,2019,1.6650486
Andorra,AND,2020,1.7815171
Andorra,AND,2021,1.7819395
Anguilla,AIA,1995,1.7435898
Anguilla,AIA,1996,1.3243244
Anguilla,AIA,1997,1.6511627
Anguilla,AIA,1998,1.5909091
Anguilla,AIA,1999,1.2765957
Anguilla,AIA,2000,1.5454545
Anguilla,AIA,2001,1.1875
Anguilla,AIA,2002,1.5227273
Anguilla,AIA,2003,1.3191489
Anguilla,AIA,2004,1.2407408
Anguilla,AIA,2005,1.3064516
Anguilla,AIA,2006,1.2876712
Anguilla,AIA,2007,1.1025641
Anguilla,AIA,2008,0.88235295
Anguilla,AIA,2009,0.9310345
Anguilla,AIA,2010,0.9032258
Anguilla,AIA,2011,0.8787879
Anguilla,AIA,2012,0.9846154
Anguilla,AIA,2013,1.1884058
Anguilla,AIA,2014,1.4929577
Anguilla,AIA,2015,1.5479453
Anguilla,AIA,2016,1.227848
Anguilla,AIA,2017,1.2064421
Anguilla,AIA,2018,0.6
Anguilla,AIA,2019,0.7473684
Anguilla,AIA,2020,0.61811024
Anguilla,AIA,2021,0.01056338
Antigua and Barbuda,ATG,1995,1.0318182
Antigua and Barbuda,ATG,1996,1.1842105
Antigua and Barbuda,ATG,1997,1.1916667
Antigua and Barbuda,ATG,1998,1.4358975
Antigua and Barbuda,ATG,1999,1.4137931
Antigua and Barbuda,ATG,2000,2.0628018
Antigua and Barbuda,ATG,2001,1.9023256
Antigua and Barbuda,ATG,2002,1.4220183
Antigua and Barbuda,ATG,2003,1.6066946
Antigua and Barbuda,ATG,2004,2.1260164
Antigua and Barbuda,ATG,2005,1.9061224
Antigua and Barbuda,ATG,2006,2.2992127
Antigua and Barbuda,ATG,2007,2.5687022
Antigua and Barbuda,ATG,2008,2.244361
Antigua and Barbuda,ATG,2009,3.034188
Antigua and Barbuda,ATG,2010,2.426087
Antigua and Barbuda,ATG,2011,2.5165975
Antigua and Barbuda,ATG,2012,2.3157895
Antigua and Barbuda,ATG,2013,2.1975307
Antigua and Barbuda,ATG,2014,2.0963855
Antigua and Barbuda,ATG,2015,2.576
Antigua and Barbuda,ATG,2016,2.298113
Antigua and Barbuda,ATG,2017,3.2105262
Antigua and Barbuda,ATG,2018,2.9553905
Antigua and Barbuda,ATG,2019,2.4385383
Antigua and Barbuda,ATG,2020,1.208
Antigua and Barbuda,ATG,2021,0.47579694
Argentina,ARG,2016,0.49760047
Argentina,ARG,2017,0.48472658
Argentina,ARG,2018,0.49726304
Argentina,ARG,2019,0.5043925
Argentina,ARG,2020,0.48181817
Argentina,ARG,2021,0.54882157
Aruba,ABW,1995,0.47334412
Aruba,ABW,1996,0.4929797
Aruba,ABW,1997,0.45692307
Aruba,ABW,1998,0.40030912
Aruba,ABW,1999,0.42313322
Aruba,ABW,2000,0.6796116
Aruba,ABW,2001,0.7047757
Aruba,ABW,2002,0.9051322
Aruba,ABW,2003,0.84423673
Aruba,ABW,2004,0.7912088
Aruba,ABW,2005,0.7544338
Aruba,ABW,2006,0.85158503
Aruba,ABW,2007,0.62435234
Aruba,ABW,2008,0.6723096
Aruba,ABW,2009,0.74661744
Aruba,ABW,2010,0.69174755
Aruba,ABW,2011,0.6904488
Aruba,ABW,2012,0.6382743
Aruba,ABW,2013,0.7027579
Aruba,ABW,2014,0.6222015
Aruba,ABW,2015,0.4955102
Aruba,ABW,2016,0.5952813
Aruba,ABW,2017,0.7402148
Aruba,ABW,2018,0.75323474
Aruba,ABW,2019,0.743521
Australia,AUS,1998,0.089411765
Australia,AUS,1999,0.008274519
Australia,AUS,2000,0.008167771
Australia,AUS,2001,0.009244645
Australia,AUS,2002,0.009728507
Australia,AUS,2003,0.006890216
Australia,AUS,2004,0.004817763
Australia,AUS,2005,0.0051792827
Australia,AUS,2006,0.0069115325
Azerbaijan,AZE,2002,0.44791666
Azerbaijan,AZE,2003,0.3515625
Azerbaijan,AZE,2004,0.29322547
Azerbaijan,AZE,2005,0.6984127
Azerbaijan,AZE,2006,0.75073314
Azerbaijan,AZE,2007,0.82103825
Azerbaijan,AZE,2008,0.82070947
Azerbaijan,AZE,2009,0.8208955
Azerbaijan,AZE,2010,0.5335938
Azerbaijan,AZE,2011,0.4334187
Azerbaijan,AZE,2012,0.25075528
Azerbaijan,AZE,2013,0.17793427
Azerbaijan,AZE,2014,0.06388889
Azerbaijan,AZE,2015,0.043704476
Azerbaijan,AZE,2016,0.099804305
Azerbaijan,AZE,2017,0.09902201
Azerbaijan,AZE,2018,0.0820357
Azerbaijan,AZE,2019,0.10222531
Azerbaijan,AZE,2020,0.3560477
Bahamas,BHS,1995,1.0262829
Bahamas,BHS,1996,1.0930802
Bahamas,BHS,1997,1.1297898
Bahamas,BHS,1998,1.1910995
Bahamas,BHS,1999,1.313253
Bahamas,BHS,2000,1.7227979
Bahamas,BHS,2001,1.7197659
Bahamas,BHS,2002,1.9120952
Bahamas,BHS,2003,2.0524917
Bahamas,BHS,2004,2.2056375
Bahamas,BHS,2005,1.9409231
Bahamas,BHS,2006,1.9330441
Bahamas,BHS,2007,1.9915475
Bahamas,BHS,2008,1.9911505
Bahamas,BHS,2009,2.4767964
Bahamas,BHS,2010,2.8134978
Bahamas,BHS,2011,3.1239853
Bahamas,BHS,2012,3.1509433
Bahamas,BHS,2013,3.466957
Bahamas,BHS,2014,3.3767314
Bahamas,BHS,2015,3.0855615
Bahamas,BHS,2016,3.179453
Bahamas,BHS,2017,3.2258954
Bahamas,BHS,2018,3.0557256
Bahamas,BHS,2019,3.0127282
Bahamas,BHS,2020,3.0702949
Bahamas,BHS,2021,1.3580247
Bahrain,BHR,1995,0.65544415
Bahrain,BHR,1996,0.65528727
Bahrain,BHR,1997,0.6139044
Bahrain,BHR,1998,0.76707315
Bahrain,BHR,1999,0.6245666
Bahrain,BHR,2000,0.5987603
Bahrain,BHR,2001,0.5733238
Bahrain,BHR,2002,0.5254184
Bahrain,BHR,2003,0.6392555
Bahrain,BHR,2004,0.6126921
Bahrain,BHR,2005,0.612928
Bahrain,BHR,2006,0.6129675
Bahrain,BHR,2007,0.587234
Bahrain,BHR,2015,1.4394552
Bahrain,BHR,2016,1.5458647
Bahrain,BHR,2017,1.6009605
Bahrain,BHR,2018,1.7585891
Bahrain,BHR,2019,1.8737334
Bahrain,BHR,2020,1.3083434
Bahrain,BHR,2021,0.65536207
Barbados,BRB,1995,1.097285
Barbados,BRB,1996,1.1409396
Barbados,BRB,1997,1.0974576
Barbados,BRB,1998,0.9902344
Barbados,BRB,1999,0.8407767
Barbados,BRB,2000,0.9779816
Barbados,BRB,2001,1.0414201
Barbados,BRB,2002,1.0502008
Barbados,BRB,2003,1.0527307
Barbados,BRB,2004,1.3061594
Barbados,BRB,2005,1.0273722
Barbados,BRB,2006,0.95737123
Barbados,BRB,2007,1.0713043
Barbados,BRB,2008,1.0510564
Barbados,BRB,2009,1.2235067
Barbados,BRB,2010,1.25
Barbados,BRB,2011,1.0897887
Barbados,BRB,2012,0.9645522
Barbados,BRB,2013,1.1198429
Barbados,BRB,2014,1.0710173
Barbados,BRB,2015,0.9915541
Barbados,BRB,2016,0.9414557
Barbados,BRB,2017,1.0256025
Barbados,BRB,2018,0.9941176
Barbados,BRB,2019,0.8470363
Barbados,BRB,2020,1.6316297
Barbados,BRB,2021,0.6666667
Belarus,BLR,2015,0.18115942
Belarus,BLR,2016,0.04976672
Belarus,BLR,2017,0.068
Belarus,BLR,2018,0.09243698
Belarus,BLR,2019,0.103589274
Belarus,BLR,2020,0.081455804
Belarus,BLR,2021,0.0343075
Belize,BLZ,1995,1.610687
Belize,BLZ,1996,1.6240602
Belize,BLZ,1997,1.0890411
Belize,BLZ,1998,0.70454544
Belize,BLZ,1999,0.878453
Belize,BLZ,2000,0.90816325
Belize,BLZ,2001,0.96428573
Belize,BLZ,2002,2.47
Belize,BLZ,2003,3.520362
Belize,BLZ,2004,4.753247
Belize,BLZ,2005,3.3755274
Belize,BLZ,2006,2.6558704
Belize,BLZ,2007,2.5059762
Belize,BLZ,2008,2.4530613
Belize,BLZ,2009,3.0560346
Belize,BLZ,2010,3.355372
Belize,BLZ,2011,3.424
Belize,BLZ,2012,2.7111914
Belize,BLZ,2013,2.4761906
Belize,BLZ,2014,3.0155764
Belize,BLZ,2015,2.809384
Belize,BLZ,2016,2.603627
Belize,BLZ,2017,2.3747072
Belize,BLZ,2018,2.4703476
Belize,BLZ,2019,2.3280318
Belize,BLZ,2020,2.3809855
Belize,BLZ,2021,0.9954338
Benin,BEN,2011,0.05263158
Benin,BEN,2012,0.054545455
Benin,BEN,2013,0.09090909
Benin,BEN,2014,0.09504132
Benin,BEN,2015,0.09411765
Benin,BEN,2016,0.09363296
Benin,BEN,2017,0.09252669
Benin,BEN,2018,0.09152542
Benin,BEN,2019,0.090614885
Benin,BEN,2020,0.08923077
Bermuda,BMU,1995,0.4392765
Bermuda,BMU,1996,0.46666667
Bermuda,BMU,1997,0.47894737
Bermuda,BMU,1998,0.5081081
Bermuda,BMU,1999,0.54647887
Bermuda,BMU,2000,0.62349397
Bermuda,BMU,2001,0.64748204
Bermuda,BMU,2002,0.70422536
Bermuda,BMU,2003,0.8793774
Bermuda,BMU,2004,0.75735295
Bermuda,BMU,2005,0.91481483
Bermuda,BMU,2006,1.1237458
Bermuda,BMU,2007,1.1568627
Bermuda,BMU,2008,1.0833334
Bermuda,BMU,2009,1.3474576
Bermuda,BMU,2010,1.5
Bermuda,BMU,2011,1.7627119
Bermuda,BMU,2012,1.6293104
Bermuda,BMU,2013,1.440678
Bermuda,BMU,2014,1.5892857
Bermuda,BMU,2015,1.7136364
Bermuda,BMU,2016,1.6311475
Bermuda,BMU,2017,1.5481482
Bermuda,BMU,2018,1.716312
Bermuda,BMU,2019,1.992565
Bermuda,BMU,2020,0.2209026
Bermuda,BMU,2021,0.17451523
Botswana,BWA,1995,0.22072937
Botswana,BWA,1996,0.28125
Botswana,BWA,1997,0.26029655
Botswana,BWA,1998,0.25333333
Botswana,BWA,1999,0.23250297
Botswana,BWA,2000,0.18297102
Botswana,BWA,2001,0.2154233
Botswana,BWA,2002,0.16562009
Botswana,BWA,2003,0.13300142
Botswana,BWA,2004,0.13394617
Botswana,BWA,2005,0.14246947
Botswana,BWA,2006,0.15147266
Botswana,BWA,2007,0.13191244
Botswana,BWA,2008,0.11565921
Botswana,BWA,2015,0.08638743
Botswana,BWA,2016,0.087674715
Botswana,BWA,2017,0.09365373
Botswana,BWA,2018,0.10634441
Botswana,BWA,2020,0.090410955
British Virgin Islands,VGB,1995,0.6666667
British Virgin Islands,VGB,1996,0.6885246
British Virgin Islands,VGB,1997,0.49590164
British Virgin Islands,VGB,1998,0.4050179
British Virgin Islands,VGB,1999,0.70422536
British Virgin Islands,VGB,2000,0.9080882
British Virgin Islands,VGB,2001,0.8074324
British Virgin Islands,VGB,2002,0.92907804
British Virgin Islands,VGB,2003,1.2086331
British Virgin Islands,VGB,2004,1.6743422
British Virgin Islands,VGB,2005,1.4332345
British Virgin Islands,VGB,2006,1.3174157
British Virgin Islands,VGB,2007,1.6480447
British Virgin Islands,VGB,2008,1.699422
British Virgin Islands,VGB,2009,1.7734628
British Virgin Islands,VGB,2010,1.5515151
British Virgin Islands,VGB,2011,1.4585799
British Virgin Islands,VGB,2012,1.1452992
British Virgin Islands,VGB,2013,1.0265027
British Virgin Islands,VGB,2014,1.0012953
British Virgin Islands,VGB,2015,1.346056
British Virgin Islands,VGB,2016,1.757353
British Virgin Islands,VGB,2019,1.9593254
Brunei,BRN,2016,0.11415525
Brunei,BRN,2017,0.042471044
Brunei,BRN,2018,0.06834532
Brunei,BRN,2019,0.045045044
Brunei,BRN,2020,0.024077047
Bulgaria,BGR,1995,1.3095788
Bulgaria,BGR,1996,1.4368515
Bulgaria,BGR,1997,1.531208
Bulgaria,BGR,1998,0.9647544
Bulgaria,BGR,1999,1.0453074
Bulgaria,BGR,2000,0.767325
Bulgaria,BGR,2001,0.60200876
Bulgaria,BGR,2002,0.6204486
Bulgaria,BGR,2003,0.541749
Bulgaria,BGR,2004,0.5079914
Bulgaria,BGR,2005,0.5054786
Bulgaria,BGR,2006,0.45385808
Bulgaria,BGR,2007,0.4997088
Bulgaria,BGR,2008,0.4762976
Bulgaria,BGR,2009,0.3718418
Bulgaria,BGR,2010,0.3848189
Bulgaria,BGR,2011,0.37689632
Bulgaria,BGR,2012,0.35560313
Bulgaria,BGR,2013,0.33256015
Bulgaria,BGR,2014,0.28696483
Bulgaria,BGR,2015,0.31243837
Bulgaria,BGR,2016,0.2850218
Bulgaria,BGR,2017,0.30541483
Bulgaria,BGR,2018,0.3337647
Bulgaria,BGR,2019,0.61440516
Bulgaria,BGR,2020,2.8550386
Bulgaria,BGR,2021,2.1252174
Cameroon,CMR,2008,0.014583333
Cameroon,CMR,2009,0.006060606
Cameroon,CMR,2010,0.007029877
Cameroon,CMR,2011,0.006666667
Cameroon,CMR,2012,0.0061576352
Canada,CAN,1995,1.4602528
Canada,CAN,1996,1.5024297
Canada,CAN,1997,1.5511347
Canada,CAN,1998,1.5471119
Canada,CAN,1999,1.5271753
Canada,CAN,2000,1.4781169
Canada,CAN,2001,1.3958026
Canada,CAN,2002,1.2384205
Canada,CAN,2003,1.2187179
Canada,CAN,2004,1.0289893
Canada,CAN,2005,0.9263758
Canada,CAN,2006,0.8280865
Canada,CAN,2007,0.69350433
Canada,CAN,2008,0.5966632
Canada,CAN,2009,0.5692953
Canada,CAN,2010,0.5796905
Canada,CAN,2011,0.56505996
Canada,CAN,2012,0.54907
Canada,CAN,2013,0.5671586
Canada,CAN,2014,0.54550403
Canada,CAN,2015,0.5327919
Canada,CAN,2016,0.5092885
Canada,CAN,2017,0.4883398
Canada,CAN,2018,0.4797956
Canada,CAN,2019,0.46439376
Canada,CAN,2020,0.71216214
Canada,CAN,2021,0.39837372
Cayman Islands,CYM,1995,1.8919667
Cayman Islands,CYM,1996,2.144772
Cayman Islands,CYM,1997,2.2755907
Cayman Islands,CYM,1998,2.1559405
Cayman Islands,CYM,1999,2.6227849
Cayman Islands,CYM,2000,2.9124293
Cayman Islands,CYM,2001,3.6377246
Cayman Islands,CYM,2002,5.19802
Cayman Islands,CYM,2003,6.1870747
Cayman Islands,CYM,2004,6.5115385
Cayman Islands,CYM,2005,10.708333
Cayman Islands,CYM,2006,7.2284646
Cayman Islands,CYM,2007,5.8767123
Cayman Islands,CYM,2008,5.1254125
Cayman Islands,CYM,2009,5.5882354
Cayman Islands,CYM,2010,5.548611
Cayman Islands,CYM,2011,4.5339804
Cayman Islands,CYM,2012,4.6801243
Cayman Islands,CYM,2013,3.9884057
Cayman Islands,CYM,2014,4.2036552
Cayman Islands,CYM,2015,4.45974
Cayman Islands,CYM,2016,4.446753
Cayman Islands,CYM,2017,4.133971
Cayman Islands,CYM,2018,4.1490283
Cayman Islands,CYM,2019,3.6401591
Cayman Islands,CYM,2020,4.4098363
Chile,CHL,2001,0.45327917
Chile,CHL,2002,0.5679887
Chile,CHL,2003,0.54275095
Chile,CHL,2004,0.5708684
Chile,CHL,2005,0.47311297
Chile,CHL,2006,0.424767
Chile,CHL,2007,0.2955724
Chile,CHL,2008,0.3701107
Chile,CHL,2009,0.325
Chile,CHL,2010,0.27990004
Chile,CHL,2011,0.26330888
Chile,CHL,2012,0.23719752
Chile,CHL,2013,0.24636465
Chile,CHL,2014,0.25204137
Chile,CHL,2015,0.22532381
Chile,CHL,2016,0.19003722
Chile,CHL,2017,0.18155038
Chile,CHL,2018,0.15376551
Chile,CHL,2019,0.20208056
Chile,CHL,2020,0.1710303
Chile,CHL,2021,0.007894737
Colombia,COL,1995,0.024303073
Colombia,COL,1996,0.19017433
Colombia,COL,1997,0.18622848
Colombia,COL,1998,0.22106825
Colombia,COL,1999,0.32783884
Colombia,COL,2000,0.26929983
Colombia,COL,2001,0.2792208
Colombia,COL,2002,0.16578484
Colombia,COL,2003,0.0688
Colombia,COL,2004,0.061946902
Colombia,COL,2005,0.051446944
Colombia,COL,2006,0.024938876
Colombia,COL,2007,0.05634428
Colombia,COL,2008,0.09840311
Colombia,COL,2009,0.12055837
Colombia,COL,2010,0.21067616
Colombia,COL,2011,0.15320607
Colombia,COL,2012,0.11651376
Colombia,COL,2013,0.13417833
Colombia,COL,2014,0.12304075
Colombia,COL,2015,0.087770246
Colombia,COL,2016,0.09080119
Colombia,COL,2017,0.09294181
Colombia,COL,2018,0.09402985
Colombia,COL,2019,0.086831376
Colombia,COL,2020,0.10618067
Colombia,COL,2021,0.008816705
Congo,COG,2010,0.025773196
Congo,COG,2011,0.027522936
Congo,COG,2012,0.01171875
Congo,COG,2013,0.005830904
Congo,COG,2014,0.013274336
Congo,COG,2015,0.018181818
Congo,COG,2016,0.009478673
Congo,COG,2017,0.013422819
Congo,COG,2018,0.012820513
Costa Rica,CRI,1995,0.17707007
Costa Rica,CRI,1996,0.20358515
Costa Rica,CRI,1997,0.24784216
Costa Rica,CRI,1998,0.23753977
Costa Rica,CRI,1999,0.22771318
Costa Rica,CRI,2000,0.17463236
Costa Rica,CRI,2001,0.16710876
Costa Rica,CRI,2002,0.19946092
Costa Rica,CRI,2003,0.22195318
Costa Rica,CRI,2004,0.21885754
Costa Rica,CRI,2005,0.16676593
Costa Rica,CRI,2006,0.2005797
Costa Rica,CRI,2007,0.16262627
Costa Rica,CRI,2008,0.15318334
Costa Rica,CRI,2009,0.20072803
Costa Rica,CRI,2010,0.18809524
Costa Rica,CRI,2011,0.15237226
Costa Rica,CRI,2012,0.08493385
Costa Rica,CRI,2013,0.087726526
Costa Rica,CRI,2014,0.0922042
Costa Rica,CRI,2015,0.08984962
Costa Rica,CRI,2016,0.09538461
Costa Rica,CRI,2017,0.09155405
Costa Rica,CRI,2018,0.098110706
Costa Rica,CRI,2019,0.07231602
Costa Rica,CRI,2020,0.13300395
Costa Rica,CRI,2021,0.020786934
Cuba,CUB,1995,0.0040431265
Cuba,CUB,1996,0.005005005
Cuba,CUB,1997,0.014744146
Cuba,CUB,1998,0.018705036
Cuba,CUB,1999,0.02690583
Cuba,CUB,2000,0.018954623
Cuba,CUB,2001,0.022465438
Cuba,CUB,2002,0.018115941
Cuba,CUB,2003,0.031943694
Cuba,CUB,2004,0.015865147
Cuba,CUB,2005,0.025652366
Cuba,CUB,2006,0.033023257
Cuba,CUB,2007,0.015573383
Cuba,CUB,2008,0.013816926
Cuba,CUB,2009,0.01039501
Cuba,CUB,2010,0.009972078
Cuba,CUB,2011,0.010416667
Cuba,CUB,2012,0.008501594
Cuba,CUB,2013,0.008101444
Cuba,CUB,2014,0.011070111
Cuba,CUB,2015,0.009697661
Cuba,CUB,2016,0.008553459
Curacao,CUW,1995,0.76785713
Curacao,CUW,1996,0.80841124
Curacao,CUW,1997,1.0585365
Curacao,CUW,1998,1.201005
Curacao,CUW,1999,1.1868687
Curacao,CUW,2000,1.6858639
Curacao,CUW,2001,1.5317073
Curacao,CUW,2002,1.5
Curacao,CUW,2003,1.2941177
Curacao,CUW,2004,1.0269058
Curacao,CUW,2005,1.2972972
Curacao,CUW,2006,1.4444444
Curacao,CUW,2007,1.2133334
Curacao,CUW,2008,0.88997555
Curacao,CUW,2009,1.2016349
Curacao,CUW,2010,1.2280701
Curacao,CUW,2011,1.1461538
Curacao,CUW,2012,1.1567696
Curacao,CUW,2013,1.4285715
Curacao,CUW,2014,1.4977876
Curacao,CUW,2015,1.2905983
Curacao,CUW,2016,1.138322
Curacao,CUW,2017,1.6516291
Curacao,CUW,2018,1.800926
Curacao,CUW,2019,1.7866379
Curacao,CUW,2020,1.4914286
Curacao,CUW,2021,0.5788679
Cyprus,CYP,1995,0.07285714
Cyprus,CYP,1996,0.07128205
Cyprus,CYP,1997,0.05076628
Cyprus,CYP,1998,0.060278904
Cyprus,CYP,1999,0.058751028
Cyprus,CYP,2000,0.08413999
Cyprus,CYP,2001,0.05339266
Cyprus,CYP,2002,0.0318445
Cyprus,CYP,2003,0.049066436
Cyprus,CYP,2004,0.054916985
Cyprus,CYP,2005,0.0757085
Cyprus,CYP,2006,0.094960436
Cyprus,CYP,2007,0.105546355
Cyprus,CYP,2008,0.094425954
Cyprus,CYP,2009,0.106959365
Cyprus,CYP,2010,0.12747353
Cyprus,CYP,2011,0.097826086
Cyprus,CYP,2012,0.06896552
Cyprus,CYP,2013,0.09189189
Cyprus,CYP,2014,0.06022122
Cyprus,CYP,2015,0.04550583
Cyprus,CYP,2016,0.031377472
Cyprus,CYP,2017,0.02683461
Cyprus,CYP,2018,0.021579081
Cyprus,CYP,2019,0.035202414
Czechia,CZE,2003,1.6315928
Czechia,CZE,2004,1.6315906
Czechia,CZE,2005,1.6315398
Czechia,CZE,2006,1.6316175
Czechia,CZE,2007,1.4146211
Czechia,CZE,2008,1.331164
Czechia,CZE,2009,1.6316682
Czechia,CZE,2010,1.5427048
Czechia,CZE,2011,1.529216
Czechia,CZE,2012,1.5437124
Czechia,CZE,2013,1.5565048
Czechia,CZE,2014,1.5511316
Czechia,CZE,2015,1.5478957
Czechia,CZE,2016,1.53896
Czechia,CZE,2017,1.5394073
Czechia,CZE,2018,1.5393486
Czechia,CZE,2019,1.5392123
Czechia,CZE,2020,1.619457
Democratic Republic of Congo,COD,1995,1.4285715
Democratic Republic of Congo,COD,1999,0.25
Democratic Republic of Congo,COD,2000,0.19417475
Democratic Republic of Congo,COD,2001,0.36363637
Democratic Republic of Congo,COD,2002,0.71428573
Democratic Republic of Congo,COD,2003,0.5714286
Democratic Republic of Congo,COD,2011,0.059139784
Denmark,DNK,2003,5.0791593
Denmark,DNK,2004,3.988464
Denmark,DNK,2005,1.9338636
Denmark,DNK,2006,1.9101124
Denmark,DNK,2007,1.9230934
Denmark,DNK,2008,1.9802573
Denmark,DNK,2009,2.1088102
Denmark,DNK,2010,2.0569534
Denmark,DNK,2011,2.282172
Denmark,DNK,2012,2.1270876
Denmark,DNK,2013,2.0987496
Denmark,DNK,2014,1.7340021
Denmark,DNK,2015,1.7061589
Denmark,DNK,2016,1.6613487
Denmark,DNK,2017,1.4735233
Denmark,DNK,2018,1.4159542
Denmark,DNK,2019,1.2424632
Denmark,DNK,2020,1.5648148
Denmark,DNK,2021,1.4255403
Dominica,DMA,1995,2.3833334
Dominica,DMA,1996,3.142857
Dominica,DMA,1997,3.6
Dominica,DMA,1998,3.7272727
Dominica,DMA,1999,2.7837837
Dominica,DMA,2000,3.4571428
Dominica,DMA,2001,3.1818182
Dominica,DMA,2002,2.0144928
Dominica,DMA,2003,2.4794521
Dominica,DMA,2004,4.8375
Dominica,DMA,2005,3.835443
Dominica,DMA,2006,4.535714
Dominica,DMA,2007,4.3950615
Dominica,DMA,2008,4.7777777
Dominica,DMA,2009,7.1066666
Dominica,DMA,2010,6.7402596
Dominica,DMA,2011,4.5
Dominica,DMA,2012,3.4050634
Dominica,DMA,2013,2.9871795
Dominica,DMA,2014,3.5460122
Dominica,DMA,2015,3.7733333
Dominica,DMA,2016,3.5641026
Dominica,DMA,2017,2.1944444
Dominica,DMA,2018,2.1587303
Dominica,DMA,2019,2.5777779
Dominica,DMA,2020,5.3636365
Dominica,DMA,2021,3.4
Dominican Republic,DOM,1995,0.016891891
Dominican Republic,DOM,1996,0.057632398
Dominican Republic,DOM,1997,0.12256897
Dominican Republic,DOM,1998,0.17020355
Dominican Republic,DOM,1999,0.106832765
Dominican Republic,DOM,2000,0.061450638
Dominican Republic,DOM,2001,0.072172105
Dominican Republic,DOM,2002,0.087869085
Dominican Republic,DOM,2003,0.12126752
Dominican Republic,DOM,2004,0.13246377
Dominican Republic,DOM,2005,0.078569494
Dominican Republic,DOM,2006,0.07641866
Dominican Republic,DOM,2007,0.09673367
Dominican Republic,DOM,2008,0.11934673
Dominican Republic,DOM,2009,0.124499
Dominican Republic,DOM,2010,0.08557576
Dominican Republic,DOM,2011,0.08081746
Dominican Republic,DOM,2012,0.074074075
Dominican Republic,DOM,2013,0.090405114
Dominican Republic,DOM,2014,0.0846073
Dominican Republic,DOM,2015,0.09446429
Dominican Republic,DOM,2016,0.1357542
Dominican Republic,DOM,2017,0.17905624
Dominican Republic,DOM,2018,0.14949003
Dominican Republic,DOM,2019,0.171269
Dominican Republic,DOM,2020,0.14261954
Dominican Republic,DOM,2021,0.066680014
Egypt,EGY,1995,0.0912574
Egypt,EGY,1996,0.10430839
Egypt,EGY,1997,0.08342451
Egypt,EGY,1998,0.07500778
Egypt,EGY,1999,0.068374164
Egypt,EGY,2000,0.07623143
Egypt,EGY,2001,0.066789076
Egypt,EGY,2002,0.058295965
Egypt,EGY,2003,0.051862165
Egypt,EGY,2004,0.039640795
Egypt,EGY,2005,0.044032022
Egypt,EGY,2006,0.050543603
Egypt,EGY,2007,0.04533459
Egypt,EGY,2008,0.04391672
Egypt,EGY,2009,0.05220749
Egypt,EGY,2010,0.04839513
Egypt,EGY,2011,0.03664315
Egypt,EGY,2012,0.030010719
Egypt,EGY,2013,0.031611074
Egypt,EGY,2014,0.025902808
Egypt,EGY,2015,0.020680599
Egypt,EGY,2016,0.02681628
Egypt,EGY,2017,0.016672796
Egypt,EGY,2018,0.013397642
Egypt,EGY,2019,0.011727245
El Salvador,SLV,2000,0.09056604
El Salvador,SLV,2001,0.093877554
El Salvador,SLV,2002,0.10902256
El Salvador,SLV,2003,0.108333334
El Salvador,SLV,2004,0.08307045
El Salvador,SLV,2005,0.15882875
El Salvador,SLV,2006,0.1735731
El Salvador,SLV,2007,0.2845407
El Salvador,SLV,2008,0.3537906
El Salvador,SLV,2009,0.3583868
El Salvador,SLV,2010,0.39652175
El Salvador,SLV,2011,0.38006756
El Salvador,SLV,2012,0.38486055
El Salvador,SLV,2013,0.42010912
El Salvador,SLV,2014,0.40223047
El Salvador,SLV,2015,0.40727532
El Salvador,SLV,2016,0.43096235
El Salvador,SLV,2017,0.44408742
El Salvador,SLV,2018,0.5117749
El Salvador,SLV,2019,0.4943375
El Salvador,SLV,2020,0.39526412
El Salvador,SLV,2021,0.17801477
Estonia,EST,1995,2.981132
Estonia,EST,1996,2.675188
Estonia,EST,1997,2.5876713
Estonia,EST,1998,2.5260606
Estonia,EST,1999,2.348421
Estonia,EST,2000,1.7131147
Estonia,EST,2001,1.4469697
Estonia,EST,2002,1.3883994
Estonia,EST,2003,1.3105335
Estonia,EST,2004,0.16285715
Estonia,EST,2005,0.16014606
Estonia,EST,2006,0.1613402
Estonia,EST,2007,0.15526316
Estonia,EST,2008,0.7227723
Estonia,EST,2009,0.75871557
Estonia,EST,2010,0.7399442
Estonia,EST,2011,0.73822176
Estonia,EST,2012,0.6932702
Estonia,EST,2013,0.84410155
Estonia,EST,2014,0.83670884
Estonia,EST,2015,0.9236744
Estonia,EST,2016,0.8977962
Estonia,EST,2017,0.89426637
Estonia,EST,2018,0.8701178
Estonia,EST,2019,0.82913667
Estonia,EST,2020,0.65786904
Estonia,EST,2021,0.6212871
Eswatini,SWZ,2005,0.41218638
Eswatini,SWZ,2006,0.37457046
Eswatini,SWZ,2007,0.41542003
Eswatini,SWZ,2008,0.56878304
Eswatini,SWZ,2009,0.4801762
Eswatini,SWZ,2010,0.547235
Eswatini,SWZ,2011,0.51080775
Eswatini,SWZ,2012,0.4391892
Eswatini,SWZ,2013,0.34194216
Eswatini,SWZ,2014,0.41107562
Eswatini,SWZ,2015,0.43871707
Eswatini,SWZ,2016,0.35058078
Eswatini,SWZ,2017,0.45819762
Eswatini,SWZ,2018,0.6336317
Eswatini,SWZ,2019,0.8029412
Eswatini,SWZ,2020,0.78265357
Eswatini,SWZ,2021,0.23722842
Fiji,FJI,1995,0.49685535
Fiji,FJI,1996,0.57058823
Fiji,FJI,1997,0.5236769
Fiji,FJI,1998,0.34501347
Fiji,FJI,1999,0.32682925
Fiji,FJI,2000,0.47619048
Fiji,FJI,2001,0.2816092
Fiji,FJI,2002,0.15829146
Fiji,FJI,2003,0.046403714
Fiji,FJI,2004,0.017857144
Fiji,FJI,2005,0.0036697248
Fiji,FJI,2007,0.0037037036
Fiji,FJI,2008,0.071794875
Fiji,FJI,2009,0.116236165
Fiji,FJI,2010,0.094936706
Fiji,FJI,2011,0.08740741
Fiji,FJI,2012,0.12102874
Fiji,FJI,2013,0.16616085
Fiji,FJI,2014,0.12640692
Fiji,FJI,2015,0.15099338
Fiji,FJI,2016,0.2159091
Fiji,FJI,2017,0.2182681
Fiji,FJI,2018,0.21609196
Fiji,FJI,2019,0.08389262
Fiji,FJI,2020,0.1449966
Finland,FIN,1998,0.2980333
Finland,FIN,1999,0.37041566
Finland,FIN,2000,0.39609432
Finland,FIN,2001,0.50460017
Finland,FIN,2002,0.6302609
Finland,FIN,2003,0.7404844
Finland,FIN,2004,0.7091549
Finland,FIN,2005,0.6044586
Finland,FIN,2006,0.5837037
Finland,FIN,2007,0.6300085
Finland,FIN,2008,0.69466925
Finland,FIN,2009,0.6637452
Finland,FIN,2010,0.6844687
Finland,FIN,2011,0.73187023
Finland,FIN,2012,0.8069096
France,FRA,1996,1.3757812
France,FRA,1997,1.3659503
France,FRA,2004,1.5564198
France,FRA,2005,1.4781165
France,FRA,2006,1.4883465
France,FRA,2007,1.3909935
France,FRA,2008,1.4435229
France,FRA,2009,1.5059794
France,FRA,2010,1.4766266
France,FRA,2011,1.4422042
France,FRA,2012,1.4094048
France,FRA,2013,1.4441017
France,FRA,2014,1.4682978
France,FRA,2015,1.4073201
France,FRA,2016,1.4556978
France,FRA,2017,1.3891053
France,FRA,2018,1.3734131
France,FRA,2019,1.3965176
France,FRA,2020,1.8094233
France,FRA,2021,1.9196612
French Guiana,GUF,2005,0.017894737
French Polynesia,PYF,1995,0.08139535
French Polynesia,PYF,1996,0.12195122
French Polynesia,PYF,1997,0.11666667
French Polynesia,PYF,1998,0.11640212
French Polynesia,PYF,1999,0.11848341
French Polynesia,PYF,2007,0.1146789
French Polynesia,PYF,2008,0.15816326
French Polynesia,PYF,2009,0.1875
French Polynesia,PYF,2010,0.16233766
French Polynesia,PYF,2011,0.20245399
French Polynesia,PYF,2012,0.24260356
French Polynesia,PYF,2013,0.30487806
French Polynesia,PYF,2014,0.26519337
French Polynesia,PYF,2015,0.29891303
French Polynesia,PYF,2016,0.25520834
French Polynesia,PYF,2017,0.2763819
French Polynesia,PYF,2018,0.21867776
French Polynesia,PYF,2019,0.2658228
French Polynesia,PYF,2020,0.16103896
Gabon,GAB,1995,0.6
Gabon,GAB,1996,0.4827586
Gabon,GAB,1997,0.4491018
Gabon,GAB,1998,0.36923078
Gabon,GAB,1999,0.42696628
Gabon,GAB,2000,0.4516129
Gabon,GAB,2001,0.3846154
Gabon,GAB,2002,0.28846154
Gabon,GAB,2003,0.054054055
Gabon,GAB,2004,0.4385246
Gabon,GAB,2005,0.95539033
Georgia,GEO,2010,0.9044049
Georgia,GEO,2011,0.47954175
Georgia,GEO,2012,0.6691057
Georgia,GEO,2013,0.7177531
Georgia,GEO,2014,0.7026199
Georgia,GEO,2015,0.7450199
Georgia,GEO,2016,0.63572943
Georgia,GEO,2017,0.593085
Georgia,GEO,2018,0.5141896
Georgia,GEO,2019,0.52068734
Georgia,GEO,2020,0.39190432
Georgia,GEO,2021,0.09131262
Greece,GRC,1995,0.05745311
Greece,GRC,1996,0.05946063
Greece,GRC,1997,0.051439922
Greece,GRC,1998,0.041040674
Greece,GRC,1999,0.03633673
Greece,GRC,2000,0.03604154
Greece,GRC,2001,0.04417728
Greece,GRC,2002,0.052045133
Greece,GRC,2003,0.058343474
Greece,GRC,2004,0.0717344
Greece,GRC,2005,0.07944463
Greece,GRC,2006,0.07762329
Greece,GRC,2013,0.12232143
Greece,GRC,2014,0.101620294
Greece,GRC,2015,0.106572315
Greece,GRC,2016,0.13190047
Greece,GRC,2017,0.109104946
Greece,GRC,2018,0.09789862
Greece,GRC,2019,0.084731594
Greece,GRC,2020,0.0042579737
Greece,GRC,2021,0.036790207
Grenada,GRD,1995,2.4166667
Grenada,GRD,1996,2.574074
Grenada,GRD,1997,2.3153152
Grenada,GRD,1998,2.3793104
Grenada,GRD,1999,2.032
Grenada,GRD,2000,1.4496124
Grenada,GRD,2001,1.2520325
Grenada,GRD,2002,1.0530303
Grenada,GRD,2003,1.0704225
Grenada,GRD,2004,1.761194
Grenada,GRD,2005,2.838384
Grenada,GRD,2006,1.882353
Grenada,GRD,2007,2.1153846
Grenada,GRD,2008,2.2923076
Grenada,GRD,2009,3.0350878
Grenada,GRD,2010,3.0454545
Grenada,GRD,2011,2.779661
Grenada,GRD,2012,1.96
Grenada,GRD,2013,1.5546875
Grenada,GRD,2014,1.58
Grenada,GRD,2015,1.8193549
Grenada,GRD,2016,2.0384614
Grenada,GRD,2017,1.7857143
Grenada,GRD,2018,1.844086
Grenada,GRD,2019,1.7978723
Grenada,GRD,2020,2.9981549
Grenada,GRD,2021,0.5319149
Guadeloupe,GLP,1995,0.6546875
Guadeloupe,GLP,1996,0.9776
Guadeloupe,GLP,1997,0.7121212
Guadeloupe,GLP,1998,0.57586205
Guadeloupe,GLP,1999,0.52228165
Guadeloupe,GLP,2000,0.65008295
Guadeloupe,GLP,2001,0.4568138
Guadeloupe,GLP,2003,0.29612756
Guadeloupe,GLP,2004,0.22807017
Guadeloupe,GLP,2005,0.19623657
Guadeloupe,GLP,2006,0.192
Guadeloupe,GLP,2007,0.2254902
Guadeloupe,GLP,2008,0.27912623
Guadeloupe,GLP,2009,0.31988472
Guadeloupe,GLP,2010,0.26785713
Guadeloupe,GLP,2011,0.32176656
Guadeloupe,GLP,2012,0.49846154
Guadeloupe,GLP,2013,0.32443532
Guadeloupe,GLP,2014,0.4814815
Guadeloupe,GLP,2015,0.60546875
Guadeloupe,GLP,2016,0.47504303
Guadeloupe,GLP,2017,0.4923077
Guadeloupe,GLP,2018,0.58639455
Guatemala,GTM,2007,0.12361878
Guatemala,GTM,2008,0.12311722
Guatemala,GTM,2009,0.24265403
Guatemala,GTM,2010,0.23592493
Guatemala,GTM,2011,0.23706897
Guatemala,GTM,2012,0.2425
Guatemala,GTM,2013,0.23774509
Guatemala,GTM,2014,0.2684172
Guatemala,GTM,2015,0.26612356
Guatemala,GTM,2016,0.20252366
Guatemala,GTM,2017,0.27234554
Guatemala,GTM,2018,0.35092646
Guatemala,GTM,2019,0.46062544
Guatemala,GTM,2020,0.5011372
Guatemala,GTM,2021,0.10612855
Haiti,HTI,1995,1.5517242
Haiti,HTI,1996,1.6666666
Haiti,HTI,1997,1.5973154
Haiti,HTI,1998,1.6734694
Haiti,HTI,1999,1.6993006
Haiti,HTI,2000,2.1785715
Haiti,HTI,2001,2.5140846
Haiti,HTI,2002,2.442857
Haiti,HTI,2003,2.8088236
Haiti,HTI,2004,3.0104167
Haiti,HTI,2005,3.2857144
Haiti,HTI,2006,4.1666665
Haiti,HTI,2007,1.2487047
Haiti,HTI,2008,1.9379845
Haiti,HTI,2009,1.1343669
Haiti,HTI,2010,2.109804
Haiti,HTI,2011,1.7106017
Haiti,HTI,2012,1.747851
Haiti,HTI,2013,1.5333333
Haiti,HTI,2014,1.4239037
Haiti,HTI,2015,1.3062016
Haiti,HTI,2016,1.5910113
Haiti,HTI,2017,1.7023555
Haiti,HTI,2018,1.9798658
Haiti,HTI,2019,2.2797203
Haiti,HTI,2020,0.5862069
Haiti,HTI,2021,0
Honduras,HND,1996,0.03041825
Honduras,HND,1997,0.009771987
Honduras,HND,1998,0.009345794
Honduras,HND,1999,0.15363881
Honduras,HND,2000,0.462845
Honduras,HND,2001,0.2972973
Honduras,HND,2002,0.43454546
Honduras,HND,2003,0.45171848
Honduras,HND,2004,0.600624
Honduras,HND,2005,0.6612184
Honduras,HND,2006,0.53856564
Honduras,HND,2007,0.62810946
Honduras,HND,2008,0.79746836
Honduras,HND,2009,0.9019139
Honduras,HND,2010,1.2780997
Honduras,HND,2011,1.1251435
Honduras,HND,2012,1.1273743
Honduras,HND,2013,1.1517961
Honduras,HND,2014,1.3986175
Honduras,HND,2015,1.3772727
Honduras,HND,2016,1.6587112
Honduras,HND,2017,1.5223529
Honduras,HND,2018,1.7438016
Honduras,HND,2019,2.1961327
Honduras,HND,2020,2.2794118
Honduras,HND,2021,0.79956424
Hong Kong,HKG,1998,0.42356732
Hong Kong,HKG,1999,0.44557866
Hong Kong,HKG,2000,0.48173362
Hong Kong,HKG,2001,0.5459563
Hong Kong,HKG,2002,0.54991114
Hong Kong,HKG,2003,0.6057255
Hong Kong,HKG,2004,0.5972904
Hong Kong,HKG,2005,0.5811954
Hong Kong,HKG,2006,0.5960432
Hong Kong,HKG,2007,0.6421243
Hong Kong,HKG,2008,0.703678
Hong Kong,HKG,2009,0.7482571
Hong Kong,HKG,2010,0.79387605
Hong Kong,HKG,2011,0.8785176
Hong Kong,HKG,2012,1.045225
Hong Kong,HKG,2013,1.1160126
Hong Kong,HKG,2014,1.1907958
Hong Kong,HKG,2015,1.2224387
Hong Kong,HKG,2016,1.1336572
Hong Kong,HKG,2017,1.0969732
Hong Kong,HKG,2018,1.2262926
Hong Kong,HKG,2019,1.3539913
Hong Kong,HKG,2020,1.6261958
Hong Kong,HKG,2021,0.022421524
Hungary,HUN,2004,1.7787422
Hungary,HUN,2005,2.6249123
Hungary,HUN,2006,3.13846
Hungary,HUN,2007,3.55881
Hungary,HUN,2008,3.4876332
Hungary,HUN,2009,3.4847648
Hungary,HUN,2010,3.1960042
Hungary,HUN,2011,3.0296586
Hungary,HUN,2012,3.207959
Hungary,HUN,2013,3.1049511
Hungary,HUN,2014,2.787809
Hungary,HUN,2015,2.3769908
Hungary,HUN,2016,2.46706
Hungary,HUN,2017,2.48185
Hungary,HUN,2018,2.2854946
Hungary,HUN,2019,2.6250222
Hungary,HUN,2020,3.2660105
Hungary,HUN,2021,3.6269438
Iceland,ISL,1995,0.110526316
Iceland,ISL,1996,0.10945274
Iceland,ISL,1997,0.103960395
Iceland,ISL,1998,0.09913793
Iceland,ISL,1999,0.06844106
Iceland,ISL,2000,0.08250825
Iceland,ISL,2001,0.093023255
Iceland,ISL,2002,0.10526316
Iceland,ISL,2003,0.0977918
Iceland,ISL,2004,0.125
Iceland,ISL,2005,0.14705883
Iceland,ISL,2006,0.13033175
Iceland,ISL,2007,0.11134021
Iceland,ISL,2008,0.117529884
Iceland,ISL,2009,0.13967611
Iceland,ISL,2010,0.14314929
Iceland,ISL,2011,0.11130742
Iceland,ISL,2012,0.13670133
Iceland,ISL,2013,0.114455596
Iceland,ISL,2014,0.10511535
Iceland,ISL,2015,0.07757952
Iceland,ISL,2016,0.055245537
Iceland,ISL,2017,0.05752809
Iceland,ISL,2018,0.06173735
Iceland,ISL,2019,0.09388971
Iceland,ISL,2020,0.002673247
Iceland,ISL,2021,0.027220631
India,IND,1995,0.008945386
India,IND,1996,0.008741259
India,IND,1997,0.008845829
India,IND,1998,0.009749894
India,IND,1999,0.010475423
India,IND,2000,0.010570026
India,IND,2001,0.021284983
India,IND,2002,0.018456375
India,IND,2003,0.017608218
India,IND,2004,0.015909748
India,IND,2005,0.03036489
India,IND,2006,0.040251855
India,IND,2007,0.031877212
India,IND,2008,0.017035775
India,IND,2009,0.024574304
India,IND,2010,0.01817867
India,IND,2019,0.009012054
India,IND,2020,0.007312033
India,IND,2021,0.0030047216
Indonesia,IDN,2015,0.04456489
Indonesia,IDN,2016,0.04037211
Indonesia,IDN,2017,0.084337346
Indonesia,IDN,2018,0.18020305
Indonesia,IDN,2019,0.042186994
Indonesia,IDN,2020,0.0350922
Indonesia,IDN,2021,0.0072430964
Iran,IRN,2021,0.121315196
Ireland,IRL,1996,0.046322558
Ireland,IRL,1997,0.06013961
Ireland,IRL,1998,0.060026385
Ireland,IRL,1999,0.053724818
Ireland,IRL,2000,0.051910926
Ireland,IRL,2001,0.054147646
Ireland,IRL,2002,0.047096975
Ireland,IRL,2003,0.049379066
Ireland,IRL,2004,0.05019416
Ireland,IRL,2005,0.05004773
Ireland,IRL,2006,0.052993376
Ireland,IRL,2007,0.050648104
Ireland,IRL,2008,0.068651885
Ireland,IRL,2009,0.06662957
Ireland,IRL,2010,0.061536305
Ireland,IRL,2011,0.06408912
Ireland,IRL,2012,0.06331126
Ireland,IRL,2013,0.0720339
Ireland,IRL,2014,0.088051744
Ireland,IRL,2015,0.093828715
Ireland,IRL,2016,0.11455446
Ireland,IRL,2017,0.116560265
Ireland,IRL,2018,0.12264324
Ireland,IRL,2019,0.132408
Israel,ISR,1995,0.1435666
Israel,ISR,1996,0.123809524
Israel,ISR,1997,0.14179105
Israel,ISR,1998,0.13285273
Israel,ISR,1999,0.10986159
Israel,ISR,2000,0.10550269
Israel,ISR,2001,0.01923077
Israel,ISR,2002,0.00034806822
Israel,ISR,2004,0.0001328374
Israel,ISR,2005,0.006831319
Israel,ISR,2006,0.0049315067
Israel,ISR,2007,0.109821
Israel,ISR,2008,0.17962675
Israel,ISR,2009,0.1800948
Israel,ISR,2010,0.22868355
Israel,ISR,2011,0.19219857
Israel,ISR,2012,0.22002771
Israel,ISR,2013,0.19513842
Israel,ISR,2014,0.110693544
Israel,ISR,2015,0.11039657
Israel,ISR,2016,0.05862069
Israel,ISR,2017,0.06919458
Israel,ISR,2018,0.065275416
Israel,ISR,2019,0.07754833
Israel,ISR,2020,0.06738869
Israel,ISR,2021,0.01511335
Italy,ITA,1995,0.79395854
Italy,ITA,1996,0.7548709
Italy,ITA,1997,0.6717975
Italy,ITA,1998,0.6746343
Italy,ITA,1999,0.6299978
Italy,ITA,2000,0.52261966
Italy,ITA,2001,0.5408336
Italy,ITA,2002,0.5970502
Italy,ITA,2003,0.5914049
Italy,ITA,2004,0.5775134
Italy,ITA,2005,0.622162
Italy,ITA,2006,0.6160797
Italy,ITA,2007,0.6097265
Italy,ITA,2008,0.65486497
Italy,ITA,2009,0.65804017
Italy,ITA,2010,0.67847157
Italy,ITA,2011,0.6450053
Italy,ITA,2012,0.6456644
Italy,ITA,2013,0.60913134
Italy,ITA,2014,0.5994318
Italy,ITA,2015,0.5979658
Italy,ITA,2016,0.6215535
Italy,ITA,2017,0.5438003
Italy,ITA,2018,0.5142576
Italy,ITA,2019,0.47875622
Italy,ITA,2020,0.5251687
Italy,ITA,2021,0.49457008
Jamaica,JAM,1995,0.52746296
Jamaica,JAM,1996,0.56626505
Jamaica,JAM,1997,0.59731543
Jamaica,JAM,1998,0.5502041
Jamaica,JAM,1999,0.61217946
Jamaica,JAM,2000,0.686319
Jamaica,JAM,2001,0.6577917
Jamaica,JAM,2002,0.68325436
Jamaica,JAM,2003,0.83925927
Jamaica,JAM,2004,0.7773852
Jamaica,JAM,2005,0.76808655
Jamaica,JAM,2006,0.7963073
Jamaica,JAM,2007,0.6937096
Jamaica,JAM,2008,0.61799663
Jamaica,JAM,2009,0.50355
Jamaica,JAM,2010,0.47346514
Jamaica,JAM,2011,0.576332
Jamaica,JAM,2012,0.6646526
Jamaica,JAM,2013,0.6298546
Jamaica,JAM,2014,0.6846154
Jamaica,JAM,2015,0.73904854
Jamaica,JAM,2016,0.7587534
Jamaica,JAM,2017,0.81725454
Jamaica,JAM,2018,0.7464618
Jamaica,JAM,2019,0.5792615
Jamaica,JAM,2020,0.5103362
Jamaica,JAM,2021,0.048497267
Jordan,JOR,1995,0.0065116277
Jordan,JOR,1996,0.0144665465
Jordan,JOR,1997,0.013250884
Jordan,JOR,1998,0.9401806
Jordan,JOR,1999,0.80502796
Jordan,JOR,2000,0.70886075
Jordan,JOR,2001,0.8145933
Jordan,JOR,2002,0.9618289
Jordan,JOR,2003,0.9549511
Jordan,JOR,2004,0.9582895
Jordan,JOR,2005,0.9477737
Jordan,JOR,2006,1.0381396
Jordan,JOR,2007,0.90294373
Jordan,JOR,2008,0.90426385
Jordan,JOR,2009,0.8696226
Jordan,JOR,2010,0.9201331
Jordan,JOR,2011,0.7204546
Jordan,JOR,2012,0.5170591
Jordan,JOR,2013,0.36603296
Jordan,JOR,2014,0.33508772
Jordan,JOR,2015,0.2786493
Jordan,JOR,2016,0.18755257
Jordan,JOR,2017,0.18774554
Jordan,JOR,2018,0.1860241
Jordan,JOR,2019,0.19432314
Jordan,JOR,2020,0.16213684
Jordan,JOR,2021,0.1724652
Kazakhstan,KAZ,2000,0.14411965
Kazakhstan,KAZ,2001,0.4596206
Kazakhstan,KAZ,2002,0.29872882
Kazakhstan,KAZ,2003,0.34315354
Kazakhstan,KAZ,2004,0.39635536
Kazakhstan,KAZ,2005,0.3888005
Kazakhstan,KAZ,2006,0.35726643
Kazakhstan,KAZ,2007,0.37022704
Kazakhstan,KAZ,2008,0.37004992
Kazakhstan,KAZ,2009,0.36987296
Kazakhstan,KAZ,2010,0.36977598
Kazakhstan,KAZ,2011,0.38895676
Kazakhstan,KAZ,2012,0.38900158
Kazakhstan,KAZ,2013,0.38875356
Kazakhstan,KAZ,2014,0.3888158
Kenya,KEN,1995,0.06100218
Kenya,KEN,1996,0.059134107
Kenya,KEN,1997,0.077586204
Kenya,KEN,1998,0.12878788
Kenya,KEN,1999,0.12412993
Kenya,KEN,2000,0.1535039
Kenya,KEN,2001,0.18192628
Kenya,KEN,2002,0.19451074
Kenya,KEN,2003,0.23624596
Kenya,KEN,2004,0.1351126
Kenya,KEN,2005,0.0571837
Kenya,KEN,2006,0.09357923
Kenya,KEN,2007,0.07769869
Kenya,KEN,2008,0.0543383
Kenya,KEN,2009,0.0704023
Kenya,KEN,2010,0.09455782
Kenya,KEN,2011,0.041714285
Kenya,KEN,2012,0.056825202
Kenya,KEN,2013,0.059972107
Kenya,KEN,2014,0.0705789
Kenya,KEN,2015,0.05924596
Kenya,KEN,2016,0.056782335
Kenya,KEN,2017,0.062316716
Kiribati,KIR,1999,2.9803922
Kiribati,KIR,2000,1.7916666
Kiribati,KIR,2001,2.152174
Kiribati,KIR,2002,23.387754
Kiribati,KIR,2003,25.55102
Kiribati,KIR,2004,17.794117
Kiribati,KIR,2005,11.243902
Kiribati,KIR,2006,1.4545455
Kiribati,KIR,2007,5.87234
Kiribati,KIR,2014,0.66
Kiribati,KIR,2015,1.1025641
Kiribati,KIR,2016,0.33333334
Kiribati,KIR,2017,0.29310346
Kiribati,KIR,2018,0.26760563
Kiribati,KIR,2019,0.51898736
Laos,LAO,1995,4.766667
Laos,LAO,1996,3.3333333
Laos,LAO,1997,1.3989637
Laos,LAO,1998,1.5
Laos,LAO,1999,1.3706564
Laos,LAO,2000,2.8586388
Laos,LAO,2001,2.8959537
Laos,LAO,2002,2.423256
Laos,LAO,2003,2.2448978
Laos,LAO,2004,1.1990172
Laos,LAO,2005,0.62946427
Laos,LAO,2006,0.44299287
Laos,LAO,2007,0.42206654
Laos,LAO,2008,0.34131274
Laos,LAO,2009,0.6206618
Laos,LAO,2010,0.5047904
Laos,LAO,2011,0.43822598
Laos,LAO,2012,0.45351374
Laos,LAO,2013,0.39962962
Laos,LAO,2014,0.31447536
Laos,LAO,2015,0.32204348
Laos,LAO,2016,0.27873304
Laos,LAO,2017,0.18790297
Laos,LAO,2018,0.11061008
Laos,LAO,2019,0.092837594
Laos,LAO,2020,0.09216363
Latvia,LVA,1996,2.0318584
Latvia,LVA,1997,1.8724409
Latvia,LVA,1998,2.1267362
Latvia,LVA,1999,2.1580882
Latvia,LVA,2000,2.7603142
Latvia,LVA,2001,2.4500847
Latvia,LVA,2002,1.6804246
Latvia,LVA,2003,1.5437694
Latvia,LVA,2004,1.8109361
Latvia,LVA,2005,2.3817205
Latvia,LVA,2006,2.025407
Latvia,LVA,2007,2.1675742
Latvia,LVA,2008,2.263658
Latvia,LVA,2009,2.5729403
Latvia,LVA,2010,2.6722505
Latvia,LVA,2011,2.70931
Latvia,LVA,2012,2.8808362
Latvia,LVA,2013,2.7903645
Latvia,LVA,2014,2.3890395
Latvia,LVA,2015,2.3804348
Latvia,LVA,2016,2.7908533
Latvia,LVA,2017,2.9640841
Latvia,LVA,2018,2.9953752
Latvia,LVA,2019,3.3116279
Latvia,LVA,2020,4.037736
Latvia,LVA,2021,3.0523012
Lesotho,LSO,1995,1.4022988
Lesotho,LSO,1996,1.3283582
Lesotho,LSO,1997,1.1736112
Lesotho,LSO,1998,0.93333334
Lesotho,LSO,1999,0.6505376
Lesotho,LSO,2006,0.028818443
Lesotho,LSO,2007,0.02739726
Lesotho,LSO,2008,0.028070176
Lesotho,LSO,2009,0.075
Lesotho,LSO,2010,0.026570048
Lesotho,LSO,2011,0.0012594458
Lesotho,LSO,2012,0.33438486
Lesotho,LSO,2013,0.353125
Libya,LBY,1995,31.714285
Libya,LBY,1996,13.5
Libya,LBY,1997,17.26
Libya,LBY,1998,25.5625
Libya,LBY,1999,4.421348
Libya,LBY,2000,4.534483
Libya,LBY,2001,4.6390533
Libya,LBY,2002,5.3555555
Libya,LBY,2003,5.746479
Libya,LBY,2006,2
Libya,LBY,2007,1.7894737
Libya,LBY,2008,0.23529412
Lithuania,LTU,1995,3
Lithuania,LTU,1996,3.203125
Lithuania,LTU,1997,2.6581028
Lithuania,LTU,1998,2.0275424
Lithuania,LTU,1999,2.132208
Lithuania,LTU,2000,2.7783933
Lithuania,LTU,2001,2.3005507
Lithuania,LTU,2002,1.8004202
Lithuania,LTU,2003,1.4379611
Lithuania,LTU,2007,1.8606999
Lithuania,LTU,2008,1.7678461
Lithuania,LTU,2009,1.9835943
Lithuania,LTU,2010,1.7027206
Lithuania,LTU,2011,1.5374647
Lithuania,LTU,2012,1.6205263
Lithuania,LTU,2013,1.6163021
Lithuania,LTU,2014,1.5293262
Lithuania,LTU,2015,1.4374698
Lithuania,LTU,2016,1.3179443
Lithuania,LTU,2017,1.2156163
Lithuania,LTU,2018,1.1646018
Lithuania,LTU,2019,1.1391305
Lithuania,LTU,2020,1.4386339
Lithuania,LTU,2021,1.2109705
Macao,MAC,1995,0.8448358
Macao,MAC,1996,0.73795307
Macao,MAC,1997,0.82481754
Macao,MAC,1998,0.5384104
Macao,MAC,1999,0.4740594
Macao,MAC,2000,0.76294017
Macao,MAC,2001,0.75950015
Macao,MAC,2002,0.75643563
Macao,MAC,2003,0.8842923
Macao,MAC,2004,1.0030034
Macao,MAC,2005,1.075771
Macao,MAC,2006,1.0591594
Macao,MAC,2007,1.0859791
Macao,MAC,2008,1.1614515
Macao,MAC,2009,1.0912324
Macao,MAC,2010,1.0934093
Macao,MAC,2011,1.166499
Macao,MAC,2012,1.0683509
Macao,MAC,2013,1.0552285
Macao,MAC,2014,1.1643554
Macao,MAC,2015,1.1467011
Macao,MAC,2016,0.97090477
Macao,MAC,2017,0.889945
Macao,MAC,2018,0.9360839
Macao,MAC,2019,1.11485
Macao,MAC,2020,1.0896528
Macao,MAC,2021,1.0843928
Madagascar,MDG,1995,0.13333334
Madagascar,MDG,2015,0.1557377
Madagascar,MDG,2016,0.13651878
Madagascar,MDG,2017,0.11764706
Madagascar,MDG,2018,0.2371134
Madagascar,MDG,2019,0.265625
Madagascar,MDG,2020,0.27525622
Malaysia,MYS,1995,0.992904
Malaysia,MYS,1996,0.97310174
Malaysia,MYS,1997,1.0272098
Malaysia,MYS,1998,0.9610881
Malaysia,MYS,1999,0.75387716
Malaysia,MYS,2000,0.68391705
Malaysia,MYS,2001,0.79992175
Malaysia,MYS,2002,0.5615408
Malaysia,MYS,2003,0.5404179
Malaysia,MYS,2004,0.555881
Malaysia,MYS,2005,0.4733735
Malaysia,MYS,2006,0.44172794
Malaysia,MYS,2007,0.35054594
Malaysia,MYS,2008,0.14824052
Malaysia,MYS,2009,0.3325298
Malaysia,MYS,2019,0.3427072
Malaysia,MYS,2020,0.40826216
Malaysia,MYS,2021,1.962963
Maldives,MDV,2000,0.014989293
Maldives,MDV,2001,0.010845987
Maldives,MDV,2002,0.006185567
Maldives,MDV,2003,0.0070921984
Maldives,MDV,2004,0.006482982
Maldives,MDV,2005,0.010126582
Maldives,MDV,2006,0.004983389
Maldives,MDV,2007,0.00887574
Maldives,MDV,2008,0.0029282577
Maldives,MDV,2009,0.0045731706
Maldives,MDV,2010,0.00063131313
Maldives,MDV,2011,0.00021482276
Maldives,MDV,2012,0.009394572
Maldives,MDV,2013,0.0017777778
Malta,MLT,1995,0.068996415
Malta,MLT,1996,0.0654649
Malta,MLT,1997,0.114311434
Malta,MLT,1998,0.12182741
Malta,MLT,1999,0.15485996
Malta,MLT,2000,0.140625
Malta,MLT,2001,0.21949153
Malta,MLT,2002,0.30776015
Malta,MLT,2003,0.3416149
Malta,MLT,2004,0.23529412
Malta,MLT,2005,0.26814687
Malta,MLT,2006,0.35320285
Malta,MLT,2007,0.38504824
Malta,MLT,2008,0.41982958
Malta,MLT,2009,0.3604061
Malta,MLT,2010,0.35548916
Malta,MLT,2011,0.3540636
Malta,MLT,2012,0.3901594
Malta,MLT,2013,0.27243996
Malta,MLT,2014,0.27928993
Malta,MLT,2015,0.3365115
Malta,MLT,2016,0.31841302
Malta,MLT,2017,0.294635
Malta,MLT,2018,0.24355522
Malta,MLT,2019,0.27824193
Malta,MLT,2020,0.08952959
Malta,MLT,2021,0.14669421
Marshall Islands,MHL,2016,0.2037037
Marshall Islands,MHL,2017,0.31666666
Marshall Islands,MHL,2020,0.6666667
Martinique,MTQ,1995,0.9365427
Martinique,MTQ,1996,0.8553459
Martinique,MTQ,1997,0.75438595
Martinique,MTQ,1998,0.7559199
Martinique,MTQ,1999,0.60106385
Martinique,MTQ,2000,0.5513308
Martinique,MTQ,2001,0.44130436
Martinique,MTQ,2002,0.46308726
Martinique,MTQ,2003,0.59381896
Martinique,MTQ,2004,0.3375796
Martinique,MTQ,2005,0.19214876
Martinique,MTQ,2006,0.19085488
Martinique,MTQ,2007,0.14371258
Martinique,MTQ,2008,0.18087319
Martinique,MTQ,2009,0.15837105
Martinique,MTQ,2010,0.15690376
Martinique,MTQ,2011,0.08249497
Martinique,MTQ,2012,0.23565574
Martinique,MTQ,2013,0.27142859
Martinique,MTQ,2014,0.42040816
Martinique,MTQ,2015,0.5626283
Martinique,MTQ,2016,0.6223507
Martinique,MTQ,2017,0.87126863
Martinique,MTQ,2018,0.8659218
Martinique,MTQ,2019,0.6528777
Martinique,MTQ,2020,0.676593
Martinique,MTQ,2021,0.07285223
Mauritius,MUS,1995,0.035545025
Mauritius,MUS,1996,0.04517454
Mauritius,MUS,1997,0.041044775
Mauritius,MUS,1998,0.03763441
Mauritius,MUS,1999,0.038062282
Mauritius,MUS,2000,0.033536587
Mauritius,MUS,2001,0.021212121
Mauritius,MUS,2002,0.04105572
Mauritius,MUS,2003,0.027065527
Mauritius,MUS,2004,0.027816411
Mauritius,MUS,2005,0.027595269
Mauritius,MUS,2006,0.02284264
Mauritius,MUS,2007,0.028665932
Mauritius,MUS,2008,0.043010753
Mauritius,MUS,2009,0.021814007
Mauritius,MUS,2010,0.023529412
Mauritius,MUS,2011,0.018652849
Mauritius,MUS,2012,0.019689118
Mauritius,MUS,2013,0.022155086
Mauritius,MUS,2014,0.02601156
Mauritius,MUS,2015,0.0196351
Mauritius,MUS,2016,0.025098039
Mauritius,MUS,2017,0.022354694
Mauritius,MUS,2018,0.022873482
Mauritius,MUS,2019,0.025307303
Mauritius,MUS,2020,0.022653721
Mauritius,MUS,2021,0.0027808677
Mexico,MEX,1995,3.2214317
Mexico,MEX,1996,3.2250059
Mexico,MEX,1997,3.8015606
Mexico,MEX,1998,3.909963
Mexico,MEX,1999,4.2443943
Mexico,MEX,2000,4.119568
Mexico,MEX,2001,4.0842
Mexico,MEX,2002,4.0924897
Mexico,MEX,2003,3.946638
Mexico,MEX,2004,3.813755
Mexico,MEX,2005,3.7066393
Mexico,MEX,2006,3.5755162
Mexico,MEX,2007,3.331297
Mexico,MEX,2008,3.0533776
Mexico,MEX,2009,2.940034
Mexico,MEX,2010,2.5188494
Mexico,MEX,2011,2.2359953
Mexico,MEX,2012,2.2794514
Mexico,MEX,2013,2.233862
Mexico,MEX,2014,1.761603
Mexico,MEX,2015,1.71486
Mexico,MEX,2016,1.7039825
Mexico,MEX,2017,1.5285435
Mexico,MEX,2018,1.3357539
Mexico,MEX,2019,1.1634239
Mexico,MEX,2020,1.081393
Mexico,MEX,2021,0.73575014
Moldova,MDA,1995,0.03125
Moldova,MDA,1996,0.0034482758
Moldova,MDA,1998,0.02631579
Moldova,MDA,1999,0.021428572
Moldova,MDA,2000,0.044444446
Moldova,MDA,2001,0.0125
Moldova,MDA,2002,0.11111111
Moldova,MDA,2003,0.14285715
Monaco,MCO,1995,0.098712444
Monaco,MCO,1996,0.11504425
Monaco,MCO,1997,0.08494209
Monaco,MCO,1998,0.20143884
Monaco,MCO,1999,0.21582733
Monaco,MCO,2000,0.25333333
Monaco,MCO,2001,0.26666668
Monaco,MCO,2002,0.21292776
Monaco,MCO,2003,0.34042552
Monaco,MCO,2004,0.5
Monaco,MCO,2005,0.46503496
Monaco,MCO,2006,0.57507986
Monaco,MCO,2007,0.55487806
Monaco,MCO,2008,0.7160494
Monaco,MCO,2009,0.89056605
Monaco,MCO,2010,1.1541219
Monaco,MCO,2011,0.9661017
Monaco,MCO,2012,0.7979452
Monaco,MCO,2013,0.7469512
Monaco,MCO,2014,0.58966565
Monaco,MCO,2015,0.7703928
Monaco,MCO,2016,0.5416667
Monaco,MCO,2017,0.46760562
Monaco,MCO,2018,0.4870317
Monaco,MCO,2019,0.5013774
Monaco,MCO,2020,0.006918239
Montserrat,MSR,1995,0.09039548
Montserrat,MSR,1996,0.03448276
Montserrat,MSR,1997,0.19607843
Montserrat,MSR,1998,0.25333333
Montserrat,MSR,1999,0.3265306
Montserrat,MSR,2000,0.3883495
Montserrat,MSR,2001,0.59183675
Montserrat,MSR,2002,0.53061223
Montserrat,MSR,2003,0.61904764
Montserrat,MSR,2004,0.5049505
Montserrat,MSR,2005,0.35051546
Montserrat,MSR,2006,0.1875
Montserrat,MSR,2007,0.12987013
Montserrat,MSR,2008,0.13513513
Montserrat,MSR,2009,0.15873016
Montserrat,MSR,2010,0.28333333
Montserrat,MSR,2011,0.37037036
Montserrat,MSR,2012,0.35499316
Montserrat,MSR,2013,0.20833333
Montserrat,MSR,2014,0.2159091
Montserrat,MSR,2015,0.48314607
Montserrat,MSR,2016,0.55172414
Montserrat,MSR,2017,0.94736844
Montserrat,MSR,2018,0.6372549
Montserrat,MSR,2019,0.8557692
Montserrat,MSR,2020,0.6888889
Morocco,MAR,1995,0.057647962
Morocco,MAR,1996,0.06052729
Morocco,MAR,1997,0.04264323
Morocco,MAR,1998,0.055573504
Morocco,MAR,1999,0.07099817
Morocco,MAR,2000,0.042075735
Morocco,MAR,2001,0.04931507
Morocco,MAR,2002,0.057264764
Morocco,MAR,2003,0.054610375
Morocco,MAR,2004,0.046740916
Morocco,MAR,2005,0.039876774
Morocco,MAR,2006,0.033241842
Morocco,MAR,2007,0.039551836
Morocco,MAR,2008,0.041883487
Morocco,MAR,2009,0.038244814
Morocco,MAR,2010,0.049956933
Morocco,MAR,2011,0.04731321
Morocco,MAR,2012,0.04853333
Morocco,MAR,2013,0.030161258
Morocco,MAR,2014,0.021783527
Morocco,MAR,2015,0.035865188
Morocco,MAR,2016,0.033391405
Morocco,MAR,2017,0.016829677
Morocco,MAR,2018,0.016274717
Morocco,MAR,2019,0.013686978
Morocco,MAR,2020,0.008639309
Mozambique,MOZ,2001,0.250774
Mozambique,MOZ,2002,0.7430684
Mozambique,MOZ,2003,0.64625853
Mozambique,MOZ,2004,0.51276594
Mozambique,MOZ,2005,0.650519
Mozambique,MOZ,2006,0.64909637
Mozambique,MOZ,2007,0.6329442
Mozambique,MOZ,2008,0.20620285
Mozambique,MOZ,2009,0.17111568
Mozambique,MOZ,2010,0.06868452
Mozambique,MOZ,2011,0.058359623
Mozambique,MOZ,2012,0.04401325
Mozambique,MOZ,2013,0.044167552
Mozambique,MOZ,2014,0.05418423
Mozambique,MOZ,2015,0.05283505
Mozambique,MOZ,2016,0.04636974
Mozambique,MOZ,2017,0.046302695
Mozambique,MOZ,2018,0.046299674
Mozambique,MOZ,2019,0.006934126
Mozambique,MOZ,2020,0.007352941
Mozambique,MOZ,2021,0.11585366
Namibia,NAM,1995,0.5477941
Namibia,NAM,1996,0.21475054
Namibia,NAM,1997,0.21513945
Namibia,NAM,1998,0.10912052
Namibia,NAM,1999,0.09291339
Namibia,NAM,2000,0.1570122
Namibia,NAM,2001,0.04477612
Namibia,NAM,2002,0.055482168
Namibia,NAM,2003,0.06330935
Namibia,NAM,2005,0.10025707
Namibia,NAM,2006,0.15246098
Namibia,NAM,2007,0.12809473
Namibia,NAM,2008,0.15896885
Namibia,NAM,2009,0.12244898
Namibia,NAM,2010,0.13211381
Namibia,NAM,2011,0.13242453
Namibia,NAM,2012,0.15384616
Namibia,NAM,2013,0.12840135
Namibia,NAM,2014,0.08257576
Namibia,NAM,2015,0.07204611
Namibia,NAM,2016,0.055820286
Namibia,NAM,2017,0.054703135
Namibia,NAM,2018,0.052665383
Namibia,NAM,2019,0.03446115
Namibia,NAM,2020,0.10377359
Namibia,NAM,2021,0.122852236
New Caledonia,NCL,1995,0.41860464
New Caledonia,NCL,1996,0.51648355
New Caledonia,NCL,1997,0.32380953
New Caledonia,NCL,1998,0.22115384
New Caledonia,NCL,1999,0.51
New Caledonia,NCL,2000,0.46363637
New Caledonia,NCL,2001,0.5049505
New Caledonia,NCL,2002,0.5192308
New Caledonia,NCL,2003,0.627451
New Caledonia,NCL,2004,0.77
New Caledonia,NCL,2005,0.8019802
New Caledonia,NCL,2006,1.19
New Caledonia,NCL,2007,1.2038835
New Caledonia,NCL,2008,1.4615384
New Caledonia,NCL,2009,1.3232323
New Caledonia,NCL,2010,1.8484849
New Caledonia,NCL,2011,2.107143
New Caledonia,NCL,2012,2.482143
New Caledonia,NCL,2013,3.574074
New Caledonia,NCL,2014,3.9439251
New Caledonia,NCL,2015,3.8947368
New Caledonia,NCL,2016,4.387931
New Caledonia,NCL,2017,4.173554
New Caledonia,NCL,2018,3.8
New Caledonia,NCL,2019,2.6259542
New Caledonia,NCL,2020,3.8064516
New Zealand,NZL,1998,0.006779661
New Zealand,NZL,1999,0.0068922304
New Zealand,NZL,2000,0.003932584
New Zealand,NZL,2001,0.004736842
New Zealand,NZL,2002,0.009378085
New Zealand,NZL,2003,0.008628955
New Zealand,NZL,2004,0.0038709678
New Zealand,NZL,2005,0.005524862
New Zealand,NZL,2006,0.007949791
New Zealand,NZL,2007,0.008627773
New Zealand,NZL,2008,0.047237452
New Zealand,NZL,2009,0.04214075
New Zealand,NZL,2010,0.039014373
New Zealand,NZL,2011,0.04181601
New Zealand,NZL,2012,0.040841084
New Zealand,NZL,2013,0.030810194
New Zealand,NZL,2014,0.02958153
New Zealand,NZL,2015,0.029615005
New Zealand,NZL,2016,0.03679525
New Zealand,NZL,2017,0.047257382
New Zealand,NZL,2018,0.04666305
New Zealand,NZL,2019,0.050243113
New Zealand,NZL,2020,0.050632913
New Zealand,NZL,2021,0.009756098
Nicaragua,NIC,1995,0.2064057
Nicaragua,NIC,1996,0.27722773
Nicaragua,NIC,1997,0.26536313
Nicaragua,NIC,1998,0.18965517
Nicaragua,NIC,1999,0.13247864
Nicaragua,NIC,2000,0.19753087
Nicaragua,NIC,2001,0.20703934
Nicaragua,NIC,2002,0.22669491
Nicaragua,NIC,2003,0.22813688
Nicaragua,NIC,2004,0.19512194
Nicaragua,NIC,2005,0.12921348
Nicaragua,NIC,2006,0.18958612
Nicaragua,NIC,2007,0.2225
Nicaragua,NIC,2008,0.17832167
Nicaragua,NIC,2009,0.083690986
Nicaragua,NIC,2010,0.059347183
Nicaragua,NIC,2011,0.05754717
Nicaragua,NIC,2012,0.044915255
Nicaragua,NIC,2013,0.035801463
Nicaragua,NIC,2014,0.04586466
Nicaragua,NIC,2015,0.05050505
Nicaragua,NIC,2016,0.061170213
Nicaragua,NIC,2017,0.0956911
Nicaragua,NIC,2018,0.125
Nicaragua,NIC,2019,0.12277992
Nicaragua,NIC,2020,0.234375
Nicaragua,NIC,2021,0.40467626
Niue,NIU,2017,0.18367347
Northern Mariana Islands,MNP,1995,0.010463378
Northern Mariana Islands,MNP,1996,0.010989011
Northern Mariana Islands,MNP,1997,0.01459854
Northern Mariana Islands,MNP,1998,0.01871102
Northern Mariana Islands,MNP,1999,0.01622718
Northern Mariana Islands,MNP,2000,0.023210831
Northern Mariana Islands,MNP,2001,0.01369863
Northern Mariana Islands,MNP,2002,0.021459227
Northern Mariana Islands,MNP,2003,0.015486726
Northern Mariana Islands,MNP,2004,0.020952381
Northern Mariana Islands,MNP,2005,0.018072288
Northern Mariana Islands,MNP,2006,0.016317016
Northern Mariana Islands,MNP,2007,0.01038961
Northern Mariana Islands,MNP,2008,0.023195876
Northern Mariana Islands,MNP,2009,0.026086956
Northern Mariana Islands,MNP,2010,0.010666667
Northern Mariana Islands,MNP,2011,0.014880952
Northern Mariana Islands,MNP,2012,0.0050125313
Northern Mariana Islands,MNP,2013,0.006880734
Northern Mariana Islands,MNP,2014,0.010989011
Northern Mariana Islands,MNP,2015,0.007156388
Northern Mariana Islands,MNP,2016,0.009505703
Northern Mariana Islands,MNP,2017,0.0060975607
Northern Mariana Islands,MNP,2018,0.001934236
Northern Mariana Islands,MNP,2019,0.006198347
Northern Mariana Islands,MNP,2020,0.022988506
Northern Mariana Islands,MNP,2021,0.040983606
Norway,NOR,1998,0.5494472
Norway,NOR,1999,0.5895129
Norway,NOR,2000,0.6498067
Norway,NOR,2001,0.66449726
Norway,NOR,2002,0.46030214
Norway,NOR,2003,0.4334659
Norway,NOR,2004,0.4140022
Norway,NOR,2005,0.416841
Norway,NOR,2006,0.409828
Norway,NOR,2007,0.37468585
Norway,NOR,2008,0.3926846
Norway,NOR,2009,0.40681085
Norway,NOR,2010,0.3799035
Norway,NOR,2011,0.3485795
Oman,OMN,2001,0.32086852
Oman,OMN,2002,0.3610771
Oman,OMN,2003,0.16458133
Oman,OMN,2004,0.17740586
Oman,OMN,2005,0.23681258
Oman,OMN,2006,0.29924953
Oman,OMN,2007,0.111201964
Oman,OMN,2008,0.120903134
Oman,OMN,2009,0.042077582
Oman,OMN,2010,0.04094379
Oman,OMN,2011,0.36836934
Oman,OMN,2012,0.38114423
Oman,OMN,2013,0.38146552
Oman,OMN,2014,0.38112974
Oman,OMN,2015,0.37978
Oman,OMN,2016,0.37344754
Oman,OMN,2017,0.3726252
Oman,OMN,2018,0.40895262
Oman,OMN,2019,0.4024
Oman,OMN,2020,0.39556554
Oman,OMN,2021,0.4051724
Palestine,PSE,2007,2.5151515
Palestine,PSE,2008,2.8423772
Palestine,PSE,2009,3.3939395
Palestine,PSE,2010,4.4042144
Palestine,PSE,2011,5.0801783
Palestine,PSE,2012,5.2265306
Palestine,PSE,2013,4.2733946
Palestine,PSE,2014,4.2284174
Palestine,PSE,2015,3.7546296
Palestine,PSE,2016,4.5775
Palestine,PSE,2017,2.4359527
Palestine,PSE,2018,2.4812183
Palestine,PSE,2019,2.8126125
Palestine,PSE,2020,4.882353
Panama,PAN,1995,0.20869565
Panama,PAN,1996,0.22099447
Panama,PAN,1997,0.19714965
Panama,PAN,1998,0.22737819
Panama,PAN,1999,0.21444201
Panama,PAN,2000,0.23966943
Panama,PAN,2001,0.42003852
Panama,PAN,2002,0.5
Panama,PAN,2003,0.58480567
Panama,PAN,2004,0.6167472
Panama,PAN,2005,0.52421653
Panama,PAN,2006,0.44128114
Panama,PAN,2007,0.29465094
Panama,PAN,2008,0.26303127
Panama,PAN,2009,0.30166668
Panama,PAN,2010,0.30362538
Panama,PAN,2011,0.3604888
Panama,PAN,2012,0.2988792
Panama,PAN,2013,0.32810616
Panama,PAN,2014,0.3209169
Panama,PAN,2015,0.20995261
Panama,PAN,2016,0.23841749
Panama,PAN,2017,0.36570808
Panama,PAN,2018,0.39327732
Panama,PAN,2019,0.42270392
Panama,PAN,2020,0.56280196
Panama,PAN,2021,0.30097088
Papua New Guinea,PNG,2008,0.05263158
Papua New Guinea,PNG,2009,0.041322313
Papua New Guinea,PNG,2010,0.042857144
Papua New Guinea,PNG,2011,0.044303797
Papua New Guinea,PNG,2012,0.041666668
Papua New Guinea,PNG,2013,0.04597701
Papua New Guinea,PNG,2014,0.04945055
Papua New Guinea,PNG,2015,0.08743169
Papua New Guinea,PNG,2016,0.10614525
Papua New Guinea,PNG,2017,0.30935252
Papua New Guinea,PNG,2018,0.39285713
Papua New Guinea,PNG,2019,0.31875
Paraguay,PRY,1995,34.79452
Paraguay,PRY,1996,29.206573
Paraguay,PRY,1997,26.734177
Paraguay,PRY,1998,27.051428
Paraguay,PRY,1999,23.420074
Paraguay,PRY,2000,12.577855
Paraguay,PRY,2001,11.724014
Paraguay,PRY,2002,11.776
Paraguay,PRY,2003,9.667911
Paraguay,PRY,2004,7.3786407
Paraguay,PRY,2005,6.765396
Paraguay,PRY,2006,6.2938147
Paraguay,PRY,2007,6.2235575
Paraguay,PRY,2008,6.2850466
Paraguay,PRY,2009,6.2505693
Paraguay,PRY,2010,5.819355
Paraguay,PRY,2011,5.421756
Paraguay,PRY,2012,5.312608
Paraguay,PRY,2013,4.8
Paraguay,PRY,2014,4.3235745
Paraguay,PRY,2015,2.3761318
Paraguay,PRY,2016,2.3012233
Paraguay,PRY,2017,1.9949495
Paraguay,PRY,2018,2.5419137
Paraguay,PRY,2019,2.5921052
Paraguay,PRY,2020,3.2738094
Paraguay,PRY,2021,5.010526
Peru,PER,1998,0.004132231
Peru,PER,1999,0.004322767
Peru,PER,2000,0.005
Peru,PER,2001,0.004439512
Peru,PER,2002,0.0037593986
Peru,PER,2003,0.0035211267
Peru,PER,2004,0.22222222
Peru,PER,2005,0.23360917
Peru,PER,2006,0.2940151
Peru,PER,2007,0.27922755
Peru,PER,2008,0.2541302
Peru,PER,2009,0.25280374
Peru,PER,2010,0.28229666
Peru,PER,2011,0.26982296
Peru,PER,2012,0.2796908
Peru,PER,2013,0.26769912
Peru,PER,2014,0.26345256
Peru,PER,2015,0.26765046
Peru,PER,2016,0.26014957
Peru,PER,2017,0.23809524
Peru,PER,2018,0.21837519
Peru,PER,2019,0.20654163
Peru,PER,2020,0.24749164
Philippines,PHL,1995,0.0022727272
Philippines,PHL,1996,0.0048804292
Philippines,PHL,1997,0.008097166
Philippines,PHL,1998,0.0139599815
Philippines,PHL,1999,0.00829111
Philippines,PHL,2000,0.0035140563
Philippines,PHL,2001,0.0022259322
Philippines,PHL,2002,0.0025866528
Philippines,PHL,2003,0.0026219191
Philippines,PHL,2004,0.0034919248
Philippines,PHL,2005,0.0007624857
Philippines,PHL,2006,0.0014069645
Philippines,PHL,2007,0.0054980596
Philippines,PHL,2008,0.0066900286
Philippines,PHL,2009,0.006960557
Philippines,PHL,2010,0.007102273
Philippines,PHL,2011,0.0020423795
Philippines,PHL,2012,0.0025743037
Philippines,PHL,2013,0.003418073
Philippines,PHL,2014,0.012414649
Philippines,PHL,2015,0.013057265
Philippines,PHL,2016,0.012066365
Philippines,PHL,2017,0.017217943
Philippines,PHL,2018,0.031808037
Philippines,PHL,2019,0.019610217
Philippines,PHL,2020,0.01685772
Poland,POL,1995,3.2801979
Poland,POL,1996,3.5048428
Poland,POL,1997,3.4988217
Poland,POL,1998,3.7173588
Poland,POL,1999,3.964791
Poland,POL,2000,3.857184
Poland,POL,2001,3.0954
Poland,POL,2002,2.629113
Poland,POL,2003,2.7995627
Poland,POL,2004,3.3329601
Poland,POL,2005,3.2503948
Poland,POL,2006,3.1553924
Poland,POL,2007,3.4212353
Poland,POL,2008,3.6246142
Poland,POL,2009,3.5281749
Poland,POL,2010,3.6784282
Poland,POL,2011,3.5501873
Poland,POL,2012,3.541105
Poland,POL,2013,3.5765822
Poland,POL,2014,3.609375
Poland,POL,2015,3.6474774
Poland,POL,2016,3.6062617
Poland,POL,2017,3.589988
Poland,POL,2018,3.3800836
Poland,POL,2019,3.183524
Poland,POL,2020,5.0674744
Poland,POL,2021,4.2485085
Portugal,PRT,1995,1.4025865
Portugal,PRT,1996,1.3670093
Portugal,PRT,1997,1.3607943
Portugal,PRT,1998,1.3306773
Portugal,PRT,1999,1.2998625
Portugal,PRT,2000,1.2970984
Portugal,PRT,2001,1.2997452
Portugal,PRT,2002,1.3216249
Portugal,PRT,2003,1.3269838
Portugal,PRT,2004,0.9893787
Portugal,PRT,2005,0.99519414
Portugal,PRT,2006,1.0021273
Puerto Rico,PRI,1995,0.30533376
Puerto Rico,PRI,1996,0.34094617
Puerto Rico,PRI,1997,0.34176433
Puerto Rico,PRI,1998,0.3754417
Puerto Rico,PRI,1999,0.39616403
Puerto Rico,PRI,2000,0.3666567
Puerto Rico,PRI,2001,0.38214588
Puerto Rico,PRI,2002,0.41367024
Puerto Rico,PRI,2003,0.35948116
Puerto Rico,PRI,2004,0.38068342
Puerto Rico,PRI,2005,0.37628865
Puerto Rico,PRI,2006,0.34927458
Puerto Rico,PRI,2007,0.37293193
Puerto Rico,PRI,2008,0.40285254
Puerto Rico,PRI,2009,0.38705623
Puerto Rico,PRI,2010,0.3747646
Puerto Rico,PRI,2011,0.38254592
Puerto Rico,PRI,2012,0.36754644
Puerto Rico,PRI,2013,0.32723832
Puerto Rico,PRI,2014,0.3727665
Puerto Rico,PRI,2015,0.4260305
Puerto Rico,PRI,2016,0.33913276
Puerto Rico,PRI,2017,0.40250498
Puerto Rico,PRI,2018,0.38852674
Puerto Rico,PRI,2019,0.55062896
Puerto Rico,PRI,2020,0.48315123
Puerto Rico,PRI,2021,0
Reunion,REU,2017,0.084645666
Reunion,REU,2018,0.072897196
Reunion,REU,2019,0.12687406
Reunion,REU,2020,0.1772035
Romania,ROU,1995,0.9691694
Romania,ROU,1996,0.7189564
Romania,ROU,1997,0.7412918
Romania,ROU,1998,0.628793
Romania,ROU,1999,0.62792146
Romania,ROU,2000,0.6078192
Russia,RUS,2001,0.034126535
Russia,RUS,2002,0.031815406
Russia,RUS,2003,0.034143716
Russia,RUS,2004,0.0415745
Russia,RUS,2005,0.041675024
Rwanda,RWA,2006,0.07489879
Rwanda,RWA,2007,0.07583774
Rwanda,RWA,2008,0.10214168
Rwanda,RWA,2009,0.10116086
Rwanda,RWA,2010,0.10247934
Rwanda,RWA,2011,0.08742515
Rwanda,RWA,2012,0.07497467
Rwanda,RWA,2013,0.07265774
Rwanda,RWA,2014,0.07017544
Rwanda,RWA,2015,0.06655711
Rwanda,RWA,2016,0.065789476
Rwanda,RWA,2017,0.059379216
Rwanda,RWA,2018,0.056825202
Rwanda,RWA,2019,0.058290154
Rwanda,RWA,2020,0.05869565
Rwanda,RWA,2021,0.0625
Saint Kitts and Nevis,KNA,1995,1.5696203
Saint Kitts and Nevis,KNA,1996,1.0476191
Saint Kitts and Nevis,KNA,1997,1.2045455
Saint Kitts and Nevis,KNA,1998,1.6881721
Saint Kitts and Nevis,KNA,1999,1.6904762
Saint Kitts and Nevis,KNA,2000,2.3835616
Saint Kitts and Nevis,KNA,2001,3.7042253
Saint Kitts and Nevis,KNA,2002,2.4782608
Saint Kitts and Nevis,KNA,2003,1.7142857
Saint Kitts and Nevis,KNA,2004,2.2457628
Saint Kitts and Nevis,KNA,2005,1.5886525
Saint Kitts and Nevis,KNA,2006,1.5179856
Saint Kitts and Nevis,KNA,2007,2.0813007
Saint Kitts and Nevis,KNA,2008,3.1640625
Saint Kitts and Nevis,KNA,2009,5.60241
Saint Kitts and Nevis,KNA,2010,5.367347
Saint Kitts and Nevis,KNA,2011,5.951923
Saint Kitts and Nevis,KNA,2012,5.4038463
Saint Kitts and Nevis,KNA,2013,5.495327
Saint Kitts and Nevis,KNA,2014,6.2300887
Saint Kitts and Nevis,KNA,2015,7.779661
Saint Kitts and Nevis,KNA,2016,8.094828
Saint Kitts and Nevis,KNA,2017,9.373913
Saint Kitts and Nevis,KNA,2018,9.216
Saint Kitts and Nevis,KNA,2019,8.225
Saint Kitts and Nevis,KNA,2020,9.033334
Saint Kitts and Nevis,KNA,2021,5.069307
Saint Lucia,LCA,1995,0.7619048
Saint Lucia,LCA,1996,0.7881356
Saint Lucia,LCA,1997,1.2701613
Saint Lucia,LCA,1998,1.4960318
Saint Lucia,LCA,1999,1.5227273
Saint Lucia,LCA,2000,1.6925926
Saint Lucia,LCA,2001,1.988
Saint Lucia,LCA,2002,1.5612649
Saint Lucia,LCA,2003,1.465704
Saint Lucia,LCA,2004,1.6510067
Saint Lucia,LCA,2005,1.264151
Saint Lucia,LCA,2006,1.2112211
Saint Lucia,LCA,2007,2.15331
Saint Lucia,LCA,2008,2.125
Saint Lucia,LCA,2009,2.5323741
Saint Lucia,LCA,2010,2.2156863
Saint Lucia,LCA,2011,2.0448718
Saint Lucia,LCA,2012,1.8957654
Saint Lucia,LCA,2013,1.8871473
Saint Lucia,LCA,2014,1.9201183
Saint Lucia,LCA,2015,1.9884058
Saint Lucia,LCA,2016,1.7241379
Saint Lucia,LCA,2017,1.7564766
Saint Lucia,LCA,2018,1.949367
Saint Lucia,LCA,2019,1.8773584
Saint Lucia,LCA,2020,2.309105
Saint Lucia,LCA,2021,0.4924623
Saint Vincent and the Grenadines,VCT,1995,2.6333334
Saint Vincent and the Grenadines,VCT,1996,2.724138
Saint Vincent and the Grenadines,VCT,1997,2.0769231
Saint Vincent and the Grenadines,VCT,1998,2.0149255
Saint Vincent and the Grenadines,VCT,1999,2.2794118
Saint Vincent and the Grenadines,VCT,2000,2.5068493
Saint Vincent and the Grenadines,VCT,2001,2.5774648
Saint Vincent and the Grenadines,VCT,2002,2.1794872
Saint Vincent and the Grenadines,VCT,2003,2.063291
Saint Vincent and the Grenadines,VCT,2004,2.0114942
Saint Vincent and the Grenadines,VCT,2005,1.6770834
Saint Vincent and the Grenadines,VCT,2006,2.1546392
Saint Vincent and the Grenadines,VCT,2007,2.6444445
Saint Vincent and the Grenadines,VCT,2008,1.9761904
Saint Vincent and the Grenadines,VCT,2009,2.6133332
Saint Vincent and the Grenadines,VCT,2010,2.2083333
Saint Vincent and the Grenadines,VCT,2011,1.8108108
Saint Vincent and the Grenadines,VCT,2012,1.7027028
Saint Vincent and the Grenadines,VCT,2013,1.7777778
Saint Vincent and the Grenadines,VCT,2014,1.887324
Saint Vincent and the Grenadines,VCT,2015,1.7466667
Saint Vincent and the Grenadines,VCT,2016,1.8734177
Saint Vincent and the Grenadines,VCT,2017,2.9868422
Saint Vincent and the Grenadines,VCT,2018,3.43375
Saint Vincent and the Grenadines,VCT,2019,3.75
Saint Vincent and the Grenadines,VCT,2020,4.740741
Saint Vincent and the Grenadines,VCT,2021,1.3429753
Samoa,WSM,2006,0.054545455
Samoa,WSM,2007,0.042735044
Samoa,WSM,2008,0.033898305
Samoa,WSM,2009,0.057377048
Samoa,WSM,2010,0.06557377
Samoa,WSM,2011,0.05785124
Samoa,WSM,2012,0.071428575
Samoa,WSM,2013,0.077586204
Samoa,WSM,2014,0.094684385
Samoa,WSM,2015,0.0859375
Samoa,WSM,2016,0.08955224
Samoa,WSM,2017,0.07534247
Samoa,WSM,2018,0.048780486
Samoa,WSM,2019,0.05
Samoa,WSM,2020,0.034632035
San Marino,SMR,2005,41.14
San Marino,SMR,2006,41.72
San Marino,SMR,2007,30.362318
San Marino,SMR,2008,17.365217
San Marino,SMR,2009,12.615894
San Marino,SMR,2010,15.466666
San Marino,SMR,2011,12.064102
San Marino,SMR,2012,12.446043
San Marino,SMR,2013,25.830986
San Marino,SMR,2014,25.72
San Marino,SMR,2015,33.962963
San Marino,SMR,2016,32.333332
San Marino,SMR,2017,23.833334
San Marino,SMR,2018,21.309525
San Marino,SMR,2019,16.153152
San Marino,SMR,2020,16.5
San Marino,SMR,2021,13.404255
Sao Tome and Principe,STP,2001,0.026666667
Saudi Arabia,SAU,2004,0.2888708
Saudi Arabia,SAU,2005,0.2961304
Saudi Arabia,SAU,2006,0.27169374
Saudi Arabia,SAU,2007,0.16893591
Saudi Arabia,SAU,2008,0.20058277
Saudi Arabia,SAU,2009,0.22226301
Saudi Arabia,SAU,2010,0.20046084
Saudi Arabia,SAU,2011,0.11263136
Saudi Arabia,SAU,2012,0.21522164
Saudi Arabia,SAU,2013,0.26388538
Saudi Arabia,SAU,2014,0.26013145
Saudi Arabia,SAU,2015,0.21340446
Saudi Arabia,SAU,2016,0.1575593
Saudi Arabia,SAU,2017,0.15506859
Saudi Arabia,SAU,2018,0.14581975
Saudi Arabia,SAU,2019,0.15787973
Saudi Arabia,SAU,2020,0.17979701
Saudi Arabia,SAU,2021,0.11274087
Senegal,SEN,1995,0.021428572
Senegal,SEN,1996,0.021276595
Senegal,SEN,1997,0.01910828
Senegal,SEN,1998,0.036931816
Senegal,SEN,1999,0.024390243
Senegal,SEN,2000,0.028277636
Senegal,SEN,2001,0.032828283
Senegal,SEN,2002,0.016393442
Senegal,SEN,2003,0.014141414
Senegal,SEN,2004,0.014992503
Senegal,SEN,2005,0.011703511
Senegal,SEN,2006,0.011547344
Senegal,SEN,2007,0.0045714285
Senegal,SEN,2008,0.011534025
Senegal,SEN,2009,0.0061728396
Senegal,SEN,2010,0.006666667
Senegal,SEN,2011,0.009297521
Senegal,SEN,2012,0.005197505
Senegal,SEN,2013,0.0056444025
Senegal,SEN,2014,0.013499481
Senegal,SEN,2015,0.0076495134
Senegal,SEN,2016,0.0074380166
Senegal,SEN,2017,0.0080586085
Seychelles,SYC,1995,0.049586777
Seychelles,SYC,1996,0.08396947
Seychelles,SYC,1997,0.046153847
Seychelles,SYC,1998,0.046875
Seychelles,SYC,1999,0.04
Seychelles,SYC,2000,0.07692308
Seychelles,SYC,2001,0.06153846
Seychelles,SYC,2002,0.022727273
Seychelles,SYC,2003,0.040983606
Seychelles,SYC,2004,0.041322313
Seychelles,SYC,2005,0.046511628
Seychelles,SYC,2006,0.07092199
Seychelles,SYC,2007,0.062111802
Seychelles,SYC,2008,0.08805031
Seychelles,SYC,2009,0.12658228
Seychelles,SYC,2010,0.09142857
Seychelles,SYC,2011,0.082474224
Seychelles,SYC,2012,0.03846154
Seychelles,SYC,2013,0.030434782
Seychelles,SYC,2014,0.025751073
Seychelles,SYC,2015,0.072463766
Seychelles,SYC,2016,0.0990099
Seychelles,SYC,2017,0.09142857
Seychelles,SYC,2018,0.11878453
Seychelles,SYC,2019,0.114583336
Seychelles,SYC,2020,0.17058311
Sierra Leone,SLE,2012,0.25
Sierra Leone,SLE,2013,0.17283951
Sierra Leone,SLE,2014,0.20454545
Sierra Leone,SLE,2015,0.29166666
Sierra Leone,SLE,2016,0.09090909
Sierra Leone,SLE,2017,0.15686275
Sierra Leone,SLE,2018,0.15789473
Sierra Leone,SLE,2019,0.12698413
Sierra Leone,SLE,2020,0.083333336
Sierra Leone,SLE,2021,0.1
Singapore,SGP,1995,0.17578253
Singapore,SGP,1996,0.20568784
Singapore,SGP,1997,0.22124194
Singapore,SGP,1998,0.21866459
Singapore,SGP,1999,0.24161313
Singapore,SGP,2000,0.2687232
Singapore,SGP,2001,0.28427523
Singapore,SGP,2002,0.29239964
Singapore,SGP,2003,0.30278546
Singapore,SGP,2004,0.27102092
Singapore,SGP,2005,0.26331404
Singapore,SGP,2006,0.28505534
Singapore,SGP,2007,0.2925726
Singapore,SGP,2008,0.3005914
Singapore,SGP,2009,0.29300213
Singapore,SGP,2010,0.27082196
Singapore,SGP,2011,0.2676612
Singapore,SGP,2012,0.30618128
Singapore,SGP,2013,0.30834523
Singapore,SGP,2014,0.27233648
Singapore,SGP,2015,0.26385662
Singapore,SGP,2016,0.27027026
Singapore,SGP,2017,0.25325468
Singapore,SGP,2018,0.2613644
Singapore,SGP,2019,0.26436934
Singapore,SGP,2020,0.31495684
Singapore,SGP,2021,0.015384615
Sint Maarten (Dutch part),SXM,1995,1.226087
Sint Maarten (Dutch part),SXM,1996,1.8
Sint Maarten (Dutch part),SXM,1997,2.0182233
Sint Maarten (Dutch part),SXM,1998,1.9235808
Sint Maarten (Dutch part),SXM,1999,1.3842697
Sint Maarten (Dutch part),SXM,2000,2.0092592
Sint Maarten (Dutch part),SXM,2001,2.1538463
Sint Maarten (Dutch part),SXM,2002,2.769029
Sint Maarten (Dutch part),SXM,2003,2.7383177
Sint Maarten (Dutch part),SXM,2004,2.8378947
Sint Maarten (Dutch part),SXM,2005,3.1794872
Sint Maarten (Dutch part),SXM,2006,3.0384614
Sint Maarten (Dutch part),SXM,2007,3.031983
Sint Maarten (Dutch part),SXM,2008,2.8336842
Sint Maarten (Dutch part),SXM,2009,2.7613637
Sint Maarten (Dutch part),SXM,2010,3.41535
Sint Maarten (Dutch part),SXM,2011,3.9056604
Sint Maarten (Dutch part),SXM,2012,3.8358862
Sint Maarten (Dutch part),SXM,2013,3.8244112
Sint Maarten (Dutch part),SXM,2014,4.004
Sint Maarten (Dutch part),SXM,2015,3.7663367
Sint Maarten (Dutch part),SXM,2016,3.1609848
Sint Maarten (Dutch part),SXM,2017,3.079602
Sint Maarten (Dutch part),SXM,2018,8.97191
Sint Maarten (Dutch part),SXM,2019,5.1
Sint Maarten (Dutch part),SXM,2020,4.1132073
Sint Maarten (Dutch part),SXM,2021,0.935743
Slovakia,SVK,2013,1.9324167
Slovakia,SVK,2014,1.8904452
Slovakia,SVK,2015,2.0675704
Slovakia,SVK,2016,2.0303452
Slovakia,SVK,2017,1.7778579
Slovakia,SVK,2018,1.8056116
Slovakia,SVK,2019,1.8571936
Solomon Islands,SLB,2005,0.12765957
Solomon Islands,SLB,2006,0.104347825
Solomon Islands,SLB,2007,0.10218978
South Africa,ZAF,2009,0.3593839
South Africa,ZAF,2010,0.39992568
South Africa,ZAF,2011,0.45065355
South Africa,ZAF,2012,0.42239878
South Africa,ZAF,2013,0.5013107
South Africa,ZAF,2014,0.52152056
South Africa,ZAF,2015,0.5669362
South Africa,ZAF,2016,0.5054759
South Africa,ZAF,2017,0.45600387
South Africa,ZAF,2018,0.4327731
South Africa,ZAF,2019,0.44673675
South Africa,ZAF,2020,0.3868665
South Africa,ZAF,2021,0.18085106
Spain,ESP,1995,0.5910952
Spain,ESP,1996,0.61862636
Spain,ESP,1997,0.57800925
Spain,ESP,1998,0.62484485
Spain,ESP,1999,0.5853653
Spain,ESP,2000,0.6072237
Spain,ESP,2001,0.55591476
Spain,ESP,2002,0.57584786
Spain,ESP,2003,0.6188697
Spain,ESP,2004,0.6399199
Spain,ESP,2005,0.655453
Spain,ESP,2006,0.6576788
Spain,ESP,2007,0.68593395
Spain,ESP,2008,0.70775634
Spain,ESP,2009,0.7612787
Spain,ESP,2010,0.7796002
Spain,ESP,2011,0.7656158
Spain,ESP,2012,0.70764303
Spain,ESP,2013,0.7013597
Spain,ESP,2014,0.64993304
Spain,ESP,2015,0.6110598
Spain,ESP,2016,0.534369
Spain,ESP,2017,0.486741
Spain,ESP,2018,0.5029345
Spain,ESP,2019,0.51085514
Spain,ESP,2020,0.92309725
Spain,ESP,2021,0.6558481
Sri Lanka,LKA,1995,0.027295286
Sri Lanka,LKA,1996,0.04304636
Sri Lanka,LKA,1997,0.04918033
Sri Lanka,LKA,1998,0.07349081
Sri Lanka,LKA,1999,0.06422018
Sri Lanka,LKA,2000,0.1125
Sri Lanka,LKA,2001,0.17804155
Sri Lanka,LKA,2002,0.16284987
Sri Lanka,LKA,2003,0.16367266
Sri Lanka,LKA,2004,0.20318021
Sri Lanka,LKA,2005,0.21857923
Sri Lanka,LKA,2006,0.23035714
Sri Lanka,LKA,2007,0.19838056
Sri Lanka,LKA,2008,0.20091324
Sri Lanka,LKA,2009,0.20089285
Sri Lanka,LKA,2010,0.17125382
Sri Lanka,LKA,2011,0.14018692
Sri Lanka,LKA,2012,0.12624255
Sri Lanka,LKA,2013,0.10980392
Sri Lanka,LKA,2014,0.09037328
Sri Lanka,LKA,2015,0.10845384
Sri Lanka,LKA,2016,0.057045344
Sri Lanka,LKA,2017,0.062086564
Sri Lanka,LKA,2018,0.08011997
Sri Lanka,LKA,2019,0.05903866
Sri Lanka,LKA,2020,0.062992126
Sri Lanka,LKA,2021,0.0030927835
Suriname,SUR,1995,0.60465115
Suriname,SUR,1996,0.3962264
Suriname,SUR,1997,0.27868852
Suriname,SUR,1998,0.27272728
Suriname,SUR,1999,0.2631579
Suriname,SUR,2000,0.2631579
Suriname,SUR,2001,0.25925925
Suriname,SUR,2003,0.20731707
Suriname,SUR,2006,0.001948052
Suriname,SUR,2007,0.0023952096
Suriname,SUR,2008,0.001986755
Suriname,SUR,2009,0.001986755
Suriname,SUR,2010,0.0024390244
Suriname,SUR,2011,0.0013636363
Suriname,SUR,2012,0.00125
Suriname,SUR,2013,0.002811245
Suriname,SUR,2014,0.0031746032
Suriname,SUR,2015,0.003508772
Suriname,SUR,2016,0.003515625
Suriname,SUR,2017,0.00323741
Sweden,SWE,2011,0.6776174
Sweden,SWE,2012,0.6174426
Sweden,SWE,2013,0.7124772
Sweden,SWE,2014,0.89555216
Syria,SYR,1995,0.012269938
Syria,SYR,1996,0.010843374
Syria,SYR,1997,0.011223344
Syria,SYR,1998,0.008681926
Syria,SYR,1999,0.9350649
Syria,SYR,2000,0.6247619
Syria,SYR,2001,0.67472625
Syria,SYR,2002,0.7579857
Syria,SYR,2003,0.86181676
Syria,SYR,2004,0.8634893
Syria,SYR,2005,0.6407169
Syria,SYR,2006,0.34294492
Syria,SYR,2007,0.3068783
Syria,SYR,2008,0.2801105
Syria,SYR,2009,0.26739988
Syria,SYR,2010,0.28364146
Syria,SYR,2011,0.27731755
Tajikistan,TJK,1999,1.8125
Tajikistan,TJK,2000,1.0263158
Tajikistan,TJK,2001,0.4857143
Tanzania,TZA,1995,0.03508772
Tanzania,TZA,1996,0.034920637
Tanzania,TZA,1997,0.037463978
Tanzania,TZA,1998,0.07111111
Tanzania,TZA,1999,0.11170213
Tanzania,TZA,2000,0.09150327
Tanzania,TZA,2001,0.047904193
Tanzania,TZA,2002,0.045454547
Tanzania,TZA,2003,0.04347826
Tanzania,TZA,2004,0.030035336
Tanzania,TZA,2005,0.03898305
Tanzania,TZA,2006,0.035369776
Tanzania,TZA,2007,0.039017342
Tanzania,TZA,2008,0.026666667
Tanzania,TZA,2009,0.02733813
Tanzania,TZA,2010,0.03846154
Tanzania,TZA,2011,0.029655991
Tanzania,TZA,2012,0.032598276
Tanzania,TZA,2013,0.031044215
Tanzania,TZA,2014,0.02425876
Tanzania,TZA,2015,0.029891305
Tanzania,TZA,2016,0.04136253
Tanzania,TZA,2017,0.040784314
Tanzania,TZA,2018,0.09288824
Tanzania,TZA,2019,0.058212057
Tanzania,TZA,2020,0.048986487
Tanzania,TZA,2021,0.113037825
Thailand,THA,1996,0.026090559
Thailand,THA,1997,0.03235536
Thailand,THA,1998,0.046028305
Thailand,THA,1999,0.057796787
Thailand,THA,2000,0.05397223
Thailand,THA,2001,0.060988847
Togo,TGO,2013,0.006116208
Togo,TGO,2014,0.0030496453
Togo,TGO,2015,0.0036630037
Togo,TGO,2016,0.00295858
Togo,TGO,2017,0.0019455253
Tonga,TON,1995,0.13793103
Tonga,TON,1996,0.14814815
Tonga,TON,1997,0.115384616
Tonga,TON,1998,0.2962963
Tonga,TON,1999,0.41935483
Tonga,TON,2000,0.22857143
Tonga,TON,2001,0.1875
Tonga,TON,2002,0.21621622
Tonga,TON,2003,0.275
Tonga,TON,2004,0.24390244
Tonga,TON,2005,0.42857143
Tonga,TON,2006,0.3846154
Tonga,TON,2007,0.41304347
Tonga,TON,2008,0.3
Tonga,TON,2009,0.6345733
Tonga,TON,2010,0.38004246
Tonga,TON,2011,0.4869565
Tonga,TON,2012,0.20675105
Tonga,TON,2013,0.23858921
Tonga,TON,2014,0.30555555
Tonga,TON,2015,0.3494424
Tonga,TON,2016,0.46531302
Tonga,TON,2017,0.3856
Tonga,TON,2018,0.43148148
Tonga,TON,2019,0.39673105
Tonga,TON,2020,0.2777778
Trinidad and Tobago,TTO,1995,0.08461539
Trinidad and Tobago,TTO,1996,0.19172932
Trinidad and Tobago,TTO,1997,0.11111111
Trinidad and Tobago,TTO,1998,0.12874252
Trinidad and Tobago,TTO,1999,0.17597765
Trinidad and Tobago,TTO,2000,0.26065162
Trinidad and Tobago,TTO,2001,0.22193211
Trinidad and Tobago,TTO,2002,0.17447917
Trinidad and Tobago,TTO,2003,0.1589242
Trinidad and Tobago,TTO,2004,0.1309255
Trinidad and Tobago,TTO,2005,0.14254859
Trinidad and Tobago,TTO,2006,0.1583514
Trinidad and Tobago,TTO,2007,0.18262807
Trinidad and Tobago,TTO,2008,0.10297483
Trinidad and Tobago,TTO,2009,0.274463
Trinidad and Tobago,TTO,2010,0.26288658
Trinidad and Tobago,TTO,2011,0.13921113
Trinidad and Tobago,TTO,2012,0.10769231
Trinidad and Tobago,TTO,2013,0.07603686
Trinidad and Tobago,TTO,2014,0.10436893
Trinidad and Tobago,TTO,2015,0.17954545
Trinidad and Tobago,TTO,2016,0.20293398
Trinidad and Tobago,TTO,2017,0.17721519
Trinidad and Tobago,TTO,2018,0.336
Trinidad and Tobago,TTO,2019,0.23393317
Trinidad and Tobago,TTO,2020,0.48
Tunisia,TUN,1995,0.016019417
Tunisia,TUN,1996,0.025997426
Tunisia,TUN,1997,0.03026038
Tunisia,TUN,1998,0.023950826
Tunisia,TUN,1999,0.034768213
Tunisia,TUN,2000,0.03677343
Tunisia,TUN,2001,0.051234454
Tunisia,TUN,2002,0.050947867
Tunisia,TUN,2003,0.073914744
Tunisia,TUN,2004,0.070190065
Tunisia,TUN,2005,0.09360301
Tunisia,TUN,2006,0.09557252
Tunisia,TUN,2007,0.11091393
Tunisia,TUN,2008,0.09929078
Tunisia,TUN,2009,0.09106066
Tunisia,TUN,2010,0.1037302
Tunisia,TUN,2011,0.05081796
Turkey,TUR,1995,0.09092192
Turkey,TUR,1996,0.08134572
Turkey,TUR,1997,0.07179204
Turkey,TUR,1998,0.08850446
Turkey,TUR,1999,0.08617438
Turkey,TUR,2000,0.08783643
Turkey,TUR,2001,0.077529445
Turkey,TUR,2002,0.036434714
Turkey,TUR,2003,0.051645305
Turkey,TUR,2004,0.041067395
Turkey,TUR,2005,0.04202634
Turkey,TUR,2006,0.047737364
Turkey,TUR,2007,0.041842125
Turkey,TUR,2008,0.045179915
Turkey,TUR,2009,0.052108523
Turkey,TUR,2010,0.05206606
Turkey,TUR,2011,0.061031915
Turkey,TUR,2012,0.056501765
Turkey,TUR,2013,0.054663315
Turkey,TUR,2014,0.045615535
Turkey,TUR,2015,0.041440804
Turkey,TUR,2016,0.020403447
Turkey,TUR,2017,0.009813569
Turkey,TUR,2018,0.007538018
Turkey,TUR,2019,0.010841538
Turkey,TUR,2020,0.004844595
Turkey,TUR,2021,0.0038095238
Turkmenistan,TKM,1995,0.06880734
Turkmenistan,TKM,1996,0.29953918
Turkmenistan,TKM,1997,0.29182878
Turkmenistan,TKM,1998,0.26666668
Turks and Caicos Islands,TCA,2008,1.1505681
Turks and Caicos Islands,TCA,2009,1.4643874
Turks and Caicos Islands,TCA,2010,2.1992884
Turks and Caicos Islands,TCA,2011,1.8519773
Turks and Caicos Islands,TCA,2012,2.3195064
Turks and Caicos Islands,TCA,2013,2.6806607
Turks and Caicos Islands,TCA,2014,2.7150838
Turks and Caicos Islands,TCA,2015,2.4093263
Turks and Caicos Islands,TCA,2016,1.8864143
Turks and Caicos Islands,TCA,2017,1.9860711
Turks and Caicos Islands,TCA,2018,2.3174603
Turks and Caicos Islands,TCA,2019,2.2833676
Turks and Caicos Islands,TCA,2020,1.2516718
Turks and Caicos Islands,TCA,2021,0.06666667
Ukraine,UKR,1995,0.64881593
Ukraine,UKR,1996,0.7514271
Ukraine,UKR,1997,0.9506483
Ukraine,UKR,1998,0.93347293
Ukraine,UKR,1999,1.5968809
Ukraine,UKR,2000,0.81791323
Ukraine,UKR,2001,0.29463702
Ukraine,UKR,2002,0.21641153
Ukraine,UKR,2003,0.2115231
Ukraine,UKR,2004,0.18900761
Ukraine,UKR,2005,0.16210085
Ukraine,UKR,2006,0.14670469
Ukraine,UKR,2007,0.13147652
Ukraine,UKR,2008,0.13273606
Ukraine,UKR,2009,0.1555438
Ukraine,UKR,2010,0.1372919
Ukraine,UKR,2011,0.14569227
Ukraine,UKR,2012,0.08899318
Ukraine,UKR,2013,0.05488225
Ukraine,UKR,2014,0.040591568
Ukraine,UKR,2015,0.04803669
Ukraine,UKR,2016,0.030075751
Ukraine,UKR,2017,0.02452565
Ukraine,UKR,2018,0.016874645
Ukraine,UKR,2019,0.020315522
Ukraine,UKR,2020,0.07672716
Ukraine,UKR,2021,0.075257994
United Arab Emirates,ARE,2015,0.14671654
United Arab Emirates,ARE,2016,0.15162873
United Arab Emirates,ARE,2017,0.13757303
United Arab Emirates,ARE,2018,0.14237657
United Arab Emirates,ARE,2019,0.17258012
United Arab Emirates,ARE,2020,0.12826239
United Arab Emirates,ARE,2021,0.11368586
United Kingdom,GBR,1995,0.083705515
United Kingdom,GBR,1996,0.097096264
United Kingdom,GBR,1997,0.09907387
United Kingdom,GBR,1998,0.085828766
United Kingdom,GBR,1999,0.087956816
United Kingdom,GBR,2000,0.08603308
United Kingdom,GBR,2001,0.088313796
United Kingdom,GBR,2002,0.083964676
United Kingdom,GBR,2003,0.08460964
United Kingdom,GBR,2004,0.080886364
United Kingdom,GBR,2005,0.06886836
United Kingdom,GBR,2006,0.06716905
United Kingdom,GBR,2007,0.06180758
United Kingdom,GBR,2008,0.057925817
United Kingdom,GBR,2009,0.058418777
United Kingdom,GBR,2010,0.05143371
United Kingdom,GBR,2011,0.049433913
United Kingdom,GBR,2012,0.05951794
United Kingdom,GBR,2013,0.050741877
United Kingdom,GBR,2014,0.051571243
United Kingdom,GBR,2015,0.046743862
United Kingdom,GBR,2016,0.047406178
United Kingdom,GBR,2017,0.038894366
United Kingdom,GBR,2018,0.041873578
United Kingdom,GBR,2019,0.036506165
United Kingdom,GBR,2020,0.036120962
United Kingdom,GBR,2021,0.015428662
United States,USA,1995,0.8406205
United States,USA,1996,0.78012
United States,USA,1997,0.7276572
United States,USA,1998,0.61215687
United States,USA,1999,0.55673766
United States,USA,2000,0.5290019
United States,USA,2001,0.5124555
United States,USA,2002,0.47848833
United States,USA,2003,0.5061866
United States,USA,2004,0.4669531
United States,USA,2005,0.45274967
United States,USA,2006,2.593346
United States,USA,2007,2.122811
United States,USA,2008,2.0289965
United States,USA,2009,1.9128723
United States,USA,2010,1.7041327
United States,USA,2011,1.32006
United States,USA,2012,1.5629065
United States,USA,2013,1.5028285
United States,USA,2014,1.3655199
United States,USA,2015,1.2740968
United States,USA,2016,1.2937738
United States,USA,2017,1.2580528
United States,USA,2018,1.1233051
United States,USA,2019,1.083004
United States,USA,2020,1.3314595
United States,USA,2021,2.013235
United States Virgin Islands,VIR,1995,2.8348017
United States Virgin Islands,VIR,1996,3.769437
United States Virgin Islands,VIR,1997,4.414758
United States Virgin Islands,VIR,1998,4.0687203
United States Virgin Islands,VIR,1999,3.0599174
United States Virgin Islands,VIR,2000,3.3882785
United States Virgin Islands,VIR,2001,3.7381403
United States Virgin Islands,VIR,2002,3.4942307
United States Virgin Islands,VIR,2003,3.4516728
United States Virgin Islands,VIR,2004,3.6536412
United States Virgin Islands,VIR,2005,3.382155
United States Virgin Islands,VIR,2006,3.502627
United States Virgin Islands,VIR,2007,3.439523
United States Virgin Islands,VIR,2008,3.2421603
United States Virgin Islands,VIR,2009,2.9875667
United States Virgin Islands,VIR,2010,3.4248252
United States Virgin Islands,VIR,2011,3.7372134
United States Virgin Islands,VIR,2012,3.2649434
United States Virgin Islands,VIR,2013,3.5779662
United States Virgin Islands,VIR,2014,3.5756097
United States Virgin Islands,VIR,2015,3.1168225
United States Virgin Islands,VIR,2016,2.8575711
United States Virgin Islands,VIR,2017,2.6523364
United States Virgin Islands,VIR,2018,4.0446196
United States Virgin Islands,VIR,2019,3.0350194
United States Virgin Islands,VIR,2020,1.8450611
United States Virgin Islands,VIR,2021,0.5660047
Uruguay,URY,1995,0.07665677
Uruguay,URY,1996,0.049256507
Uruguay,URY,1997,0.0634715
Uruguay,URY,1998,0.074433655
Uruguay,URY,1999,0.09647854
Uruguay,URY,2000,0.13617887
Uruguay,URY,2001,0.1294926
Uruguay,URY,2002,0.07551669
Uruguay,URY,2003,0.061971832
Uruguay,URY,2004,0.06548975
Uruguay,URY,2005,0.06028761
Uruguay,URY,2006,0.042881645
Uruguay,URY,2007,0.03536794
Uruguay,URY,2008,0.16357069
Uruguay,URY,2009,0.12068126
Uruguay,URY,2010,0.15087123
Uruguay,URY,2011,0.13545677
Uruguay,URY,2012,0.17068645
Uruguay,URY,2013,0.20834887
Uruguay,URY,2014,0.19127516
Uruguay,URY,2015,0.1849982
Uruguay,URY,2016,0.19591703
Uruguay,URY,2017,0.14833969
Uruguay,URY,2018,0.13980974
Uruguay,URY,2019,0.13762668
Vanuatu,VUT,1995,0.8636364
Vanuatu,VUT,1996,1.2391304
Vanuatu,VUT,1997,0.62
Vanuatu,VUT,1998,0.5
Vanuatu,VUT,1999,0.88235295
Vanuatu,VUT,2000,0.82758623
Vanuatu,VUT,2001,1
Vanuatu,VUT,2002,1.0204082
Vanuatu,VUT,2003,1.04
Vanuatu,VUT,2004,0.6229508
Vanuatu,VUT,2005,1.032258
Vanuatu,VUT,2006,1.2647059
Vanuatu,VUT,2007,1.0617284
Vanuatu,VUT,2008,1.1723757
Vanuatu,VUT,2009,1.2393247
Vanuatu,VUT,2010,1.4454732
Vanuatu,VUT,2011,1.6478723
Vanuatu,VUT,2012,1.9685767
Vanuatu,VUT,2013,2.2454545
Vanuatu,VUT,2014,2.0183487
Vanuatu,VUT,2015,2.1888888
Vanuatu,VUT,2016,2.6969507
Vanuatu,VUT,2017,2.047619
Vanuatu,VUT,2018,2.0294118
Vanuatu,VUT,2019,1.1227198
Vanuatu,VUT,2020,2.7454545
Venezuela,VEN,1995,0.2557143
Venezuela,VEN,1996,0.26482213
Venezuela,VEN,1997,0.14619164
Venezuela,VEN,1998,0.1868613
Venezuela,VEN,1999,0.19591141
Venezuela,VEN,2000,0.2835821
Venezuela,VEN,2001,0.3561644
Venezuela,VEN,2002,0.36574075
Venezuela,VEN,2003,0.2908012
Venezuela,VEN,2004,0.27160493
Venezuela,VEN,2005,0.19830029
Venezuela,VEN,2006,0.18048128
Venezuela,VEN,2007,0.18783069
Venezuela,VEN,2008,0.0042918455
Venezuela,VEN,2009,0.008896797
Venezuela,VEN,2010,0.017110266
Venezuela,VEN,2011,0.05042017
Venezuela,VEN,2012,0.07388664
Venezuela,VEN,2013,0.10040568
Venezuela,VEN,2014,0.12835473
Venezuela,VEN,2015,0.117870726
Venezuela,VEN,2016,0.13311148
Venezuela,VEN,2017,0.0046838406
Vietnam,VNM,1996,0.6482051
Vietnam,VNM,1997,0.54039496
Vietnam,VNM,1998,0.55419225
Vietnam,VNM,1999,0.47151116
Vietnam,VNM,2000,0.54736084
Vietnam,VNM,2001,0.4571607
Vietnam,VNM,2013,0.051520623
Vietnam,VNM,2014,0.051549144
Vietnam,VNM,2015,0.05148908
Yemen,YEM,2010,0.009756098
Yemen,YEM,2011,0.41737032
Yemen,YEM,2012,0.46681923
Yemen,YEM,2013,0.33636364
Yemen,YEM,2014,0.19656019
Yemen,YEM,2015,0.08671939
Zimbabwe,ZWE,1995,0.03888481
Zimbabwe,ZWE,1996,0.012682308
Zimbabwe,ZWE,1997,0.042935207
Zimbabwe,ZWE,1998,0.052366566
Zimbabwe,ZWE,1999,0.07091861
Zimbabwe,ZWE,2000,0.052997857
Zimbabwe,ZWE,2001,0.07205029