Entity,Code,Year,Domestic trips (tourists) per 1000 people
Argentina,ARG,2006,524.5098
Argentina,ARG,2012,1262.6702
Argentina,ARG,2013,1266.4117
Argentina,ARG,2014,1173.8727
Argentina,ARG,2015,1051.4121
Argentina,ARG,2016,993.83453
Argentina,ARG,2017,1167.5962
Argentina,ARG,2018,1024.4161
Argentina,ARG,2019,1013.487
Argentina,ARG,2020,432.2317
Argentina,ARG,2021,668.44403
Armenia,ARM,2008,149.8278
Armenia,ARM,2009,147.08363
Armenia,ARM,2010,191.7662
Armenia,ARM,2011,166.95209
Armenia,ARM,2012,176.70706
Armenia,ARM,2013,230.92412
Armenia,ARM,2014,297.58435
Armenia,ARM,2015,302.57785
Armenia,ARM,2016,341.95895
Armenia,ARM,2017,381.14554
Armenia,ARM,2018,384.97293
Armenia,ARM,2019,547.755
Armenia,ARM,2020,372.46802
Armenia,ARM,2021,571.844
Australia,AUS,1999,3881.784
Australia,AUS,2000,3879.0159
Australia,AUS,2001,3874.9187
Australia,AUS,2002,3868.3308
Australia,AUS,2003,3737.2957
Australia,AUS,2004,3729.0227
Australia,AUS,2005,3466.435
Australia,AUS,2006,3594.268
Australia,AUS,2007,3574.7012
Australia,AUS,2008,3388.9976
Australia,AUS,2009,3124.0625
Australia,AUS,2010,3147.1218
Australia,AUS,2011,3215.7668
Australia,AUS,2012,3276.4797
Australia,AUS,2013,3279.5386
Australia,AUS,2014,3599.596
Australia,AUS,2015,3674.3123
Australia,AUS,2016,3750.335
Australia,AUS,2017,4004.988
Australia,AUS,2018,4196.3667
Australia,AUS,2019,4631.7476
Australia,AUS,2020,2824.8481
Australia,AUS,2021,3166.3015
Austria,AUT,2008,1249.8296
Austria,AUT,2009,1339.0964
Austria,AUT,2010,1223.0311
Austria,AUT,2011,1213.7715
Austria,AUT,2012,1300.4113
Austria,AUT,2013,1383.3295
Austria,AUT,2014,1342.8401
Austria,AUT,2015,1282.9736
Austria,AUT,2016,1376.6396
Austria,AUT,2017,1317.8749
Austria,AUT,2018,1403.7639
Austria,AUT,2019,1456.7667
Austria,AUT,2020,1166.0593
Austria,AUT,2021,1205.7719
Azerbaijan,AZE,2018,2066.3828
Azerbaijan,AZE,2019,1981.6743
Azerbaijan,AZE,2020,470.68765
Azerbaijan,AZE,2021,1126.7341
Bahrain,BHR,2016,53.913403
Bahrain,BHR,2017,45.989826
Bahrain,BHR,2018,78.663605
Bahrain,BHR,2019,92.35742
Bahrain,BHR,2020,90.69509
Bahrain,BHR,2021,127.79631
Belarus,BLR,1999,138.5294
Belarus,BLR,2000,167.40622
Belarus,BLR,2001,170.76402
Belarus,BLR,2002,148.48958
Belarus,BLR,2003,163.52269
Belarus,BLR,2004,168.60484
Belarus,BLR,2005,171.31067
Belarus,BLR,2006,174.38504
Belarus,BLR,2007,178.20087
Belarus,BLR,2008,177.1588
Belarus,BLR,2009,167.6623
Belarus,BLR,2010,171.19794
Belarus,BLR,2011,182.13692
Belarus,BLR,2012,195.79617
Belarus,BLR,2013,196.77762
Belarus,BLR,2014,240.5676
Belarus,BLR,2015,229.47012
Belarus,BLR,2016,236.09125
Belarus,BLR,2017,251.54839
Belarus,BLR,2018,271.1547
Belarus,BLR,2019,280.85675
Belarus,BLR,2020,229.92097
Belarus,BLR,2021,302.14532
Belgium,BEL,2009,502.8072
Belgium,BEL,2010,533.3727
Belgium,BEL,2011,558.9763
Belgium,BEL,2012,572.289
Belgium,BEL,2013,582.5316
Belgium,BEL,2014,604.2914
Belgium,BEL,2015,666.05585
Belgium,BEL,2016,682.96466
Belgium,BEL,2017,696.913
Belgium,BEL,2018,737.29553
Belgium,BEL,2019,757.0434
Belgium,BEL,2020,414.47134
Belgium,BEL,2021,665.638
Bhutan,BTN,2019,996.7855
Botswana,BWA,2010,557.4504
Botswana,BWA,2016,1326.2943
Brazil,BRA,2011,963.15924
Bulgaria,BGR,2012,414.91132
Bulgaria,BGR,2013,459.2817
Bulgaria,BGR,2014,430.13278
Bulgaria,BGR,2015,347.50464
Bulgaria,BGR,2016,412.9185
Bulgaria,BGR,2017,655.7669
Bulgaria,BGR,2018,583.2166
Bulgaria,BGR,2019,666.7105
Bulgaria,BGR,2020,429.13345
Bulgaria,BGR,2021,562.1662
Cameroon,CMR,2018,256.49255
Canada,CAN,2006,2684.3528
Canada,CAN,2007,2694.2903
Canada,CAN,2008,2638.4963
Canada,CAN,2009,2720.3137
Canada,CAN,2010,2713.0073
Canada,CAN,2011,3080.7722
Canada,CAN,2012,3124.449
Canada,CAN,2013,3106.475
Canada,CAN,2014,3068.71
Canada,CAN,2015,3072.9998
Canada,CAN,2016,3130.4775
Canada,CAN,2017,3147.0051
Canada,CAN,2018,2577.1387
Canada,CAN,2019,2496.23
Canada,CAN,2020,1446.4734
Canada,CAN,2021,2003.3016
Chad,TCD,2020,0.18023747
Chad,TCD,2021,0.6228265
Chile,CHL,2011,1207.6698
Chile,CHL,2012,1182.4629
Chile,CHL,2013,1229.6454
Chile,CHL,2014,1290.3749
Chile,CHL,2015,1220.6407
Chile,CHL,2016,1248.0729
Chile,CHL,2017,2505.1675
Chile,CHL,2018,2832.5964
Chile,CHL,2019,2823.0063
Chile,CHL,2020,2037.4164
Chile,CHL,2021,2516.89
Croatia,HRV,2008,1370.837
Croatia,HRV,2009,1309.4053
Croatia,HRV,2010,1244.7695
Croatia,HRV,2011,1381.0256
Croatia,HRV,2012,1398.1003
Croatia,HRV,2013,1444.6997
Croatia,HRV,2014,1262.8479
Croatia,HRV,2015,949.51117
Croatia,HRV,2016,692.74963
Croatia,HRV,2017,709.8444
Croatia,HRV,2018,768.4195
Croatia,HRV,2019,897.87537
Croatia,HRV,2020,856.7512
Croatia,HRV,2021,807.3615
Cyprus,CYP,2003,977.65295
Cyprus,CYP,2004,1065.0955
Cyprus,CYP,2005,1099.2507
Cyprus,CYP,2006,1223.1808
Cyprus,CYP,2007,1258.992
Cyprus,CYP,2012,1184.5514
Cyprus,CYP,2013,1117.4219
Cyprus,CYP,2014,1101.9569
Cyprus,CYP,2015,1097.4609
Cyprus,CYP,2016,1147.8525
Cyprus,CYP,2017,1152.6428
Cyprus,CYP,2018,1284.8345
Czechia,CZE,2003,2833.8105
Czechia,CZE,2004,2517.6875
Czechia,CZE,2005,2442.8699
Czechia,CZE,2006,2343.9512
Czechia,CZE,2007,2755.0266
Czechia,CZE,2008,2698.8262
Czechia,CZE,2009,2672.3562
Czechia,CZE,2010,2638.7634
Czechia,CZE,2011,2843.552
Czechia,CZE,2012,2557.4001
Czechia,CZE,2013,2425.1165
Czechia,CZE,2014,2571.2222
Czechia,CZE,2015,2277.124
Czechia,CZE,2016,2568.4905
Czechia,CZE,2017,2757.3955
Czechia,CZE,2018,2579.975
Czechia,CZE,2019,2607.7937
Czechia,CZE,2020,1964.8748
Czechia,CZE,2021,2161.787
Democratic Republic of Congo,COD,2014,7.549096
Democratic Republic of Congo,COD,2015,6.7381244
Denmark,DNK,2012,3822.0269
Denmark,DNK,2013,4193.485
Denmark,DNK,2014,4224.9976
Denmark,DNK,2015,4292.3354
Denmark,DNK,2016,3809.9788
Denmark,DNK,2017,3291.8003
Denmark,DNK,2018,2067.3909
Denmark,DNK,2019,3266.4587
Ecuador,ECU,2010,482.2683
Ecuador,ECU,2011,484.9146
Ecuador,ECU,2012,510.5954
Ecuador,ECU,2013,486.67593
Ecuador,ECU,2014,500.18814
Ecuador,ECU,2015,511.91956
Ecuador,ECU,2016,512.05664
Ecuador,ECU,2017,511.7702
Ecuador,ECU,2018,509.53027
Ecuador,ECU,2019,507.09933
Ecuador,ECU,2020,164.60268
Ecuador,ECU,2021,335.4921
Egypt,EGY,2009,103.027954
Egypt,EGY,2010,103.45845
Egypt,EGY,2011,91.70398
Egypt,EGY,2012,90.96849
Egypt,EGY,2013,103.85755
Egypt,EGY,2014,103.88909
Egypt,EGY,2015,104.13022
Estonia,EST,2006,477.45953
Estonia,EST,2007,660.164
Estonia,EST,2008,600.5925
Estonia,EST,2009,663.8907
Estonia,EST,2010,1446.4509
Estonia,EST,2011,1175.9521
Estonia,EST,2012,1331.3857
Estonia,EST,2013,1315.6448
Estonia,EST,2014,1956.5913
Estonia,EST,2015,2056.8086
Estonia,EST,2016,2472.7798
Estonia,EST,2017,2487.1921
Estonia,EST,2018,3327.1665
Estonia,EST,2019,2626.901
Estonia,EST,2020,1606.6807
Estonia,EST,2021,1706.1738
Eswatini,SWZ,2011,85.943375
Eswatini,SWZ,2012,91.77176
Eswatini,SWZ,2013,96.572655
Eswatini,SWZ,2014,98.59025
Eswatini,SWZ,2015,101.416214
Eswatini,SWZ,2016,121.659935
Eswatini,SWZ,2017,99.01016
Eswatini,SWZ,2018,101.68645
Eswatini,SWZ,2019,109.437256
Eswatini,SWZ,2020,75.38138
Eswatini,SWZ,2021,88.905815
Finland,FIN,2000,4189.94
Finland,FIN,2001,4512.33
Finland,FIN,2002,4991.9355
Finland,FIN,2003,5349.136
Finland,FIN,2004,5562.013
Finland,FIN,2005,5896.0327
Finland,FIN,2006,5363.4
Finland,FIN,2007,5792.167
Finland,FIN,2008,5851.4785
Finland,FIN,2009,5809.3438
Finland,FIN,2010,6438.412
Finland,FIN,2011,6599.825
Finland,FIN,2012,5710.3384
Finland,FIN,2013,5604.102
Finland,FIN,2014,5282.4937
Finland,FIN,2015,5320.9653
Finland,FIN,2016,5421.078
Finland,FIN,2017,5475.5264
Finland,FIN,2018,5279.6997
Finland,FIN,2019,5310.114
Finland,FIN,2020,4221.021
Finland,FIN,2021,5308.905
France,FRA,2005,3482.9736
France,FRA,2006,3455.6948
France,FRA,2007,3454.837
France,FRA,2008,3251.3245
France,FRA,2009,3254.1997
France,FRA,2010,3108.7732
France,FRA,2011,3166.5972
France,FRA,2012,3146.687
France,FRA,2013,3114.2566
France,FRA,2014,3085.967
France,FRA,2015,3003.3647
France,FRA,2016,2937.084
France,FRA,2017,2987.5862
France,FRA,2018,2952.1074
France,FRA,2019,2892.34
France,FRA,2020,2351.7817
France,FRA,2021,2893.8916
Georgia,GEO,2015,1574.0619
Georgia,GEO,2016,1576.9884
Georgia,GEO,2017,1438.0005
Georgia,GEO,2018,1531.4171
Georgia,GEO,2019,1769.9097
Georgia,GEO,2020,1579.4315
Georgia,GEO,2021,2170.5786
Germany,DEU,2012,2020.8948
Germany,DEU,2013,1972.5984
Germany,DEU,2014,1880.0906
Germany,DEU,2015,1999.9092
Germany,DEU,2016,2000.2324
Germany,DEU,2017,1829.6661
Germany,DEU,2018,1922.1273
Germany,DEU,2019,1936.1224
Greece,GRC,2010,472.9112
Greece,GRC,2011,446.0809
Greece,GRC,2012,328.1759
Greece,GRC,2013,450.19897
Greece,GRC,2014,517.5188
Greece,GRC,2015,472.96497
Greece,GRC,2016,453.29553
Greece,GRC,2017,513.6727
Greece,GRC,2018,535.2067
Greece,GRC,2019,489.87964
Greece,GRC,2020,423.12613
Greece,GRC,2021,462.50165
Hungary,HUN,2008,2170.1982
Hungary,HUN,2009,1771.9795
Hungary,HUN,2010,1799.7699
Hungary,HUN,2011,1888.6299
Hungary,HUN,2012,1725.2339
Hungary,HUN,2013,1453.0094
Hungary,HUN,2014,1505.2839
Hungary,HUN,2015,1549.4324
Hungary,HUN,2016,1469.6733
Hungary,HUN,2017,1468.3918
Hungary,HUN,2018,1471.5087
Hungary,HUN,2019,1458.159
Hungary,HUN,2020,914.71564
Hungary,HUN,2021,1048.7069
India,IND,1995,141.70586
India,IND,1996,142.50247
India,IND,1997,159.50452
India,IND,1998,164.66644
India,IND,1999,183.2494
India,IND,2000,207.71991
India,IND,2001,219.16254
India,IND,2002,245.46555
India,IND,2003,276.5651
India,IND,2004,322.34393
India,IND,2005,339.51227
India,IND,2006,394.34607
India,IND,2007,442.6054
India,IND,2008,466.5764
India,IND,2009,546.5659
India,IND,2010,602.6856
India,IND,2011,687.4351
India,IND,2012,819.97687
India,IND,2013,884.90485
India,IND,2014,981.30084
India,IND,2015,1082.478
India,IND,2016,1206.7423
India,IND,2017,1224.0077
India,IND,2018,1354.1151
India,IND,2019,1678.8104
India,IND,2020,436.9963
India,IND,2021,481.42184
Indonesia,IDN,2019,1314.4492
Indonesia,IDN,2020,1317.1141
Indonesia,IDN,2021,1459.4314
Iran,IRN,2010,621.7009
Iran,IRN,2011,748.2156
Ireland,IRL,2006,1726.1699
Ireland,IRL,2007,1821.6261
Ireland,IRL,2008,1872.9254
Ireland,IRL,2009,1853.417
Ireland,IRL,2010,1613.409
Ireland,IRL,2011,1577.5099
Ireland,IRL,2012,1816.3894
Ireland,IRL,2013,1833.365
Ireland,IRL,2014,1945.1924
Ireland,IRL,2015,1955.7355
Ireland,IRL,2016,1984.6088
Ireland,IRL,2017,2017.2428
Ireland,IRL,2018,2258.5554
Ireland,IRL,2019,2373.56
Ireland,IRL,2020,1561.0206
Ireland,IRL,2021,1135.6606
Israel,ISR,2010,1044.5608
Italy,ITA,1997,1036.63
Italy,ITA,1998,1380.9053
Italy,ITA,1999,1339.4137
Italy,ITA,2000,1316.5831
Italy,ITA,2001,1311.0099
Italy,ITA,2002,1397.2052
Italy,ITA,2003,1374.1708
Italy,ITA,2004,1411.5289
Italy,ITA,2005,1520.2438
Italy,ITA,2006,1525.1437
Italy,ITA,2007,1564.7394
Italy,ITA,2008,1708.8446
Italy,ITA,2009,1560.503
Italy,ITA,2010,1347.2701
Italy,ITA,2011,1117.1667
Italy,ITA,2012,1023.32355
Italy,ITA,2013,825.84735
Italy,ITA,2014,831.4602
Italy,ITA,2015,781.8483
Italy,ITA,2016,910.1006
Italy,ITA,2017,894.0567
Italy,ITA,2018,1049.8279
Italy,ITA,2019,908.3522
Italy,ITA,2020,573.6079
Italy,ITA,2021,627.6636
Japan,JPN,2008,2833.422
Japan,JPN,2009,2718.1943
Japan,JPN,2010,2478.6848
Japan,JPN,2011,2449.5564
Japan,JPN,2012,2468.0476
Japan,JPN,2013,2509.545
Japan,JPN,2014,2332.5278
Japan,JPN,2015,2459.5889
Japan,JPN,2016,2564.36
Japan,JPN,2017,2552.674
Japan,JPN,2018,2305.2551
Japan,JPN,2019,2477.3022
Japan,JPN,2020,1283.1116
Japan,JPN,2021,1137.6705
Jordan,JOR,2008,38.89713
Kazakhstan,KAZ,2013,323.42245
Kazakhstan,KAZ,2014,295.24286
Kazakhstan,KAZ,2015,345.7071
Kazakhstan,KAZ,2016,398.31717
Kazakhstan,KAZ,2017,407.59338
Kazakhstan,KAZ,2018,471.7312
Kazakhstan,KAZ,2019,396.07
Kazakhstan,KAZ,2020,337.6319
Kazakhstan,KAZ,2021,374.86063
Latvia,LVA,2009,1692.1667
Latvia,LVA,2010,1667.3511
Latvia,LVA,2011,1671.6627
Latvia,LVA,2012,1848.4297
Latvia,LVA,2013,1553.5387
Latvia,LVA,2014,1620.0573
Latvia,LVA,2015,1492.0045
Latvia,LVA,2016,1556.1367
Latvia,LVA,2017,1504.9663
Latvia,LVA,2018,1334.9645
Latvia,LVA,2019,1304.9476
Latvia,LVA,2020,720.58984
Latvia,LVA,2021,1276.4645
Lithuania,LTU,2004,640.4501
Lithuania,LTU,2005,680.88794
Lithuania,LTU,2006,747.8324
Lithuania,LTU,2007,857.47046
Lithuania,LTU,2008,874.2755
Lithuania,LTU,2009,764.34955
Lithuania,LTU,2010,781.7724
Lithuania,LTU,2011,799.729
Lithuania,LTU,2012,821.32574
Lithuania,LTU,2013,854.9659
Lithuania,LTU,2014,884.49536
Lithuania,LTU,2015,898.5196
Lithuania,LTU,2016,870.58014
Lithuania,LTU,2017,870.38794
Lithuania,LTU,2018,918.2484
Lithuania,LTU,2019,991.8981
Lithuania,LTU,2020,864.35016
Lithuania,LTU,2021,1108.8575
Luxembourg,LUX,2007,131.28365
Luxembourg,LUX,2008,120.742546
Luxembourg,LUX,2009,118.5034
Luxembourg,LUX,2010,96.632645
Luxembourg,LUX,2011,117.71358
Luxembourg,LUX,2012,133.81178
Luxembourg,LUX,2013,184.139
Luxembourg,LUX,2014,187.02513
Luxembourg,LUX,2015,187.91216
Luxembourg,LUX,2016,185.13599
Luxembourg,LUX,2017,184.474
Luxembourg,LUX,2018,199.03935
Luxembourg,LUX,2019,200.00613
Luxembourg,LUX,2020,206.21794
Luxembourg,LUX,2021,151.72133
Madagascar,MDG,2015,0.2816798
Madagascar,MDG,2016,0.23527618
Madagascar,MDG,2017,0.26748654
Madagascar,MDG,2018,0.3352387
Madagascar,MDG,2019,0.39951864
Madagascar,MDG,2020,0.10628807
Malawi,MWI,2019,13540.807
Malaysia,MYS,2008,1062.0184
Malaysia,MYS,2009,1258.9481
Malaysia,MYS,2010,1525.8171
Malaysia,MYS,2011,1766.1305
Malaysia,MYS,2012,1866.6082
Malaysia,MYS,2013,2094.4219
Malaysia,MYS,2014,2343.7866
Malaysia,MYS,2015,2593.0488
Malaysia,MYS,2016,2687.0166
Malaysia,MYS,2017,2861.538
Malaysia,MYS,2018,3134.2373
Malaysia,MYS,2019,3465.215
Malaysia,MYS,2020,1454.3981
Malaysia,MYS,2021,462.9195
Mali,MLI,2003,3.0788758
Mali,MLI,2004,2.8230872
Mali,MLI,2005,3.3382506
Mali,MLI,2006,3.4499106
Mali,MLI,2007,4.0480323
Mali,MLI,2008,3.092545
Mali,MLI,2009,2.9269633
Mali,MLI,2010,2.5757954
Mali,MLI,2011,2.3691165
Mali,MLI,2012,1.8165647
Mali,MLI,2013,1.9995251
Mali,MLI,2014,1.3104051
Mali,MLI,2015,1.7114865
Mali,MLI,2016,1.3903663
Mali,MLI,2017,1.242792
Mali,MLI,2018,1.2290372
Mali,MLI,2019,1.1182729
Mali,MLI,2020,1.0601186
Mali,MLI,2021,1.9538927
Malta,MLT,2012,476.84177
Malta,MLT,2013,434.25494
Malta,MLT,2014,447.9795
Malta,MLT,2015,446.79523
Malta,MLT,2016,515.26886
Malta,MLT,2017,544.309
Malta,MLT,2018,498.3828
Malta,MLT,2019,470.5686
Moldova,MDA,2009,6.4008603
Moldova,MDA,2010,7.3405747
Moldova,MDA,2011,7.788303
Moldova,MDA,2012,7.9835835
Moldova,MDA,2013,7.463709
Moldova,MDA,2014,7.9680367
Moldova,MDA,2015,7.566997
Moldova,MDA,2016,7.7516375
Moldova,MDA,2017,8.174777
Moldova,MDA,2018,8.911978
Moldova,MDA,2019,8.683079
Moldova,MDA,2020,2.9174857
Moldova,MDA,2021,6.010108
Morocco,MAR,2009,527.04376
Morocco,MAR,2010,705.7784
Morocco,MAR,2014,689.0791
Namibia,NAM,2015,1638.4042
Netherlands,NLD,2012,1706.2552
Netherlands,NLD,2013,1531.9536
Netherlands,NLD,2014,1461.4772
Netherlands,NLD,2015,1417.5133
Netherlands,NLD,2016,1430.9896
Netherlands,NLD,2017,1411.5599
Netherlands,NLD,2018,1356.933
Netherlands,NLD,2019,1409.6431
Netherlands,NLD,2020,1191.5413
Netherlands,NLD,2021,1775.8279
New Zealand,NZL,2007,6467.14
New Zealand,NZL,2008,3536.067
New Zealand,NZL,2009,3876.7437
New Zealand,NZL,2010,3651.8745
New Zealand,NZL,2011,4035.554
New Zealand,NZL,2012,3754.7297
Nigeria,NGA,2013,20.638012
Nigeria,NGA,2014,12.933508
Nigeria,NGA,2015,41.424866
Nigeria,NGA,2016,33.325924
Nigeria,NGA,2017,33.147987
Nigeria,NGA,2018,32.97585
Nigeria,NGA,2019,32.827606
Nigeria,NGA,2020,8.006628
Nigeria,NGA,2021,8.064617
Norway,NOR,2009,3010.8538
Norway,NOR,2010,3120.816
Norway,NOR,2011,2858.5474
Norway,NOR,2012,2645.9148
Norway,NOR,2013,2964.1777
Norway,NOR,2014,3007.0498
Norway,NOR,2015,2652.9966
Norway,NOR,2016,2642.941
Norway,NOR,2017,2857.47
Norway,NOR,2018,3570.9438
Norway,NOR,2019,2750.4143
Norway,NOR,2020,3081.8784
Norway,NOR,2021,3784.9197
Palestine,PSE,2017,9.125807
Palestine,PSE,2018,9.905216
Palestine,PSE,2019,11.996476
Palestine,PSE,2020,3.3270862
Paraguay,PRY,2007,149.01216
Paraguay,PRY,2008,110.18298
Paraguay,PRY,2018,230.84312
Paraguay,PRY,2019,201.69894
Peru,PER,2007,846.9468
Peru,PER,2013,1200.7134
Poland,POL,2005,930.63257
Poland,POL,2006,998.77606
Poland,POL,2007,905.9789
Poland,POL,2008,905.955
Poland,POL,2009,798.8528
Poland,POL,2010,878.2985
Poland,POL,2011,766.4254
Poland,POL,2012,1053.6979
Poland,POL,2013,1099.5315
Poland,POL,2014,992.694
Poland,POL,2015,1034.9349
Poland,POL,2016,1128.9286
Poland,POL,2017,1191.1925
Poland,POL,2018,1238.2708
Poland,POL,2019,1298.9172
Poland,POL,2020,1004.4663
Poland,POL,2021,1208.0592
Portugal,PRT,2012,1204.1339
Portugal,PRT,2013,1564.4266
Portugal,PRT,2014,1562.4911
Portugal,PRT,2015,1664.5706
Portugal,PRT,2016,1765.3575
Portugal,PRT,2017,1842.6338
Portugal,PRT,2018,1904.1417
Portugal,PRT,2019,2076.1091
Portugal,PRT,2020,1333.1475
Portugal,PRT,2021,1604.0647
Romania,ROU,2003,403.51334
Romania,ROU,2004,494.14514
Romania,ROU,2005,414.1803
Romania,ROU,2006,319.85605
Romania,ROU,2007,448.0283
Romania,ROU,2008,471.70737
Romania,ROU,2009,569.2768
Romania,ROU,2010,530.9509
Romania,ROU,2011,592.77106
Romania,ROU,2012,786.2597
Romania,ROU,2013,815.13763
Romania,ROU,2014,792.1649
Romania,ROU,2015,813.5204
Romania,ROU,2016,758.4168
Romania,ROU,2017,834.7695
Romania,ROU,2018,839.5566
Romania,ROU,2019,863.69684
Romania,ROU,2020,570.31055
Romania,ROU,2021,830.11884
Saudi Arabia,SAU,2004,1491.0951
Saudi Arabia,SAU,2005,1239.2996
Saudi Arabia,SAU,2006,1066.8612
Saudi Arabia,SAU,2007,1081.3988
Saudi Arabia,SAU,2008,1048.7528
Saudi Arabia,SAU,2009,1123.9371
Saudi Arabia,SAU,2010,774.5156
Saudi Arabia,SAU,2011,867.4797
Saudi Arabia,SAU,2012,681.54034
Saudi Arabia,SAU,2013,755.4422
Saudi Arabia,SAU,2014,1154.8744
Saudi Arabia,SAU,2015,1418.3276
Saudi Arabia,SAU,2016,1347.7267
Saudi Arabia,SAU,2017,1281.5736
Saudi Arabia,SAU,2018,1235.2173
Saudi Arabia,SAU,2019,1334.3153
Saudi Arabia,SAU,2020,1169.7329
Saudi Arabia,SAU,2021,1775.9192
Senegal,SEN,2014,22.04675
Senegal,SEN,2015,27.583918
Senegal,SEN,2016,32.878334
Senegal,SEN,2017,36.15302
Slovenia,SVN,2000,1159.5801
Slovenia,SVN,2001,969.9928
Slovenia,SVN,2002,867.03644
Slovenia,SVN,2003,808.7813
Slovenia,SVN,2004,1015.1593
Slovenia,SVN,2005,967.1884
Slovenia,SVN,2006,1362.749
Slovenia,SVN,2007,868.4134
Slovenia,SVN,2008,948.36035
Slovenia,SVN,2009,1155.6636
Slovenia,SVN,2010,965.8318
Slovenia,SVN,2011,989.6115
Slovenia,SVN,2012,997.8907
Slovenia,SVN,2013,977.1402
Slovenia,SVN,2014,909.91327
Slovenia,SVN,2015,737.674
Slovenia,SVN,2016,822.9586
Slovenia,SVN,2017,863.9933
Slovenia,SVN,2018,951.1233
Slovenia,SVN,2019,824.45734
Slovenia,SVN,2020,596.4164
Slovenia,SVN,2021,1532.0316
South Africa,ZAF,2007,719.5362
South Africa,ZAF,2008,649.8461
South Africa,ZAF,2009,591.97845
South Africa,ZAF,2010,562.4803
South Africa,ZAF,2011,503.4769
South Africa,ZAF,2012,478.6524
South Africa,ZAF,2013,467.7615
South Africa,ZAF,2014,511.60657
South Africa,ZAF,2015,438.46695
South Africa,ZAF,2016,430.681
South Africa,ZAF,2017,303.66583
South Africa,ZAF,2018,306.94302
South Africa,ZAF,2019,490.64285
South Africa,ZAF,2020,289.10617
South Africa,ZAF,2021,249.19073
South Korea,KOR,2009,2323.4739
South Korea,KOR,2010,1888.307
South Korea,KOR,2011,1456.6234
South Korea,KOR,2012,1859.3837
South Korea,KOR,2013,1989.4316
South Korea,KOR,2014,1948.6711
South Korea,KOR,2015,1956.6072
South Korea,KOR,2016,1969.753
South Korea,KOR,2017,2189.4856
South Korea,KOR,2018,3158.1616
South Korea,KOR,2019,3134.44
South Korea,KOR,2020,1706.0571
South Korea,KOR,2021,1693.7058
Spain,ESP,1999,2847.7952
Spain,ESP,2000,3593.4155
Spain,ESP,2001,3675.3901
Spain,ESP,2002,3562.2747
Spain,ESP,2003,3652.6616
Spain,ESP,2004,3546.3877
Spain,ESP,2005,3594.003
Spain,ESP,2006,3488.4849
Spain,ESP,2007,3244.0967
Spain,ESP,2008,3428.897
Spain,ESP,2009,3342.738
Spain,ESP,2010,3123.658
Spain,ESP,2011,3154.506
Spain,ESP,2012,3173.2554
Spain,ESP,2013,3101.213
Spain,ESP,2014,3004.7642
Spain,ESP,2015,3243.2615
Spain,ESP,2016,3419.984
Spain,ESP,2017,3605.7957
Spain,ESP,2018,3596.5088
Spain,ESP,2019,3521.0728
Spain,ESP,2020,1902.9087
Spain,ESP,2021,2697.2053
Sweden,SWE,2009,4200.222
Sweden,SWE,2010,4761.386
Sweden,SWE,2011,4727.388
Sweden,SWE,2012,4651.431
Sweden,SWE,2013,5070.6113
Sweden,SWE,2017,3710.011
Sweden,SWE,2018,3511.6067
Sweden,SWE,2019,3592.8398
Sweden,SWE,2020,4805.782
Sweden,SWE,2021,495.3619
Switzerland,CHE,1998,1447.7595
Switzerland,CHE,2003,1240.9407
Switzerland,CHE,2008,1168.0627
Switzerland,CHE,2009,870.13837
Switzerland,CHE,2010,841.68066
Switzerland,CHE,2011,730.5029
Switzerland,CHE,2012,832.0683
Switzerland,CHE,2013,893.5051
Switzerland,CHE,2014,797.0403
Switzerland,CHE,2015,790.29333
Switzerland,CHE,2016,761.62366
Switzerland,CHE,2017,803.9814
Switzerland,CHE,2018,782.31885
Switzerland,CHE,2019,762.7461
Switzerland,CHE,2020,833.69904
Switzerland,CHE,2021,877.9934
Taiwan,TWN,2006,1838.1661
Taiwan,TWN,2007,1446.454
Taiwan,TWN,2008,1325.0531
Taiwan,TWN,2009,1231.4656
Taiwan,TWN,2010,1610.7465
Taiwan,TWN,2011,1993.5552
Taiwan,TWN,2012,1718.21
Taiwan,TWN,2013,1736.0662
Taiwan,TWN,2014,1874.6501
Taiwan,TWN,2015,2156.3333
Taiwan,TWN,2016,2275.363
Taiwan,TWN,2017,2364.3328
Taiwan,TWN,2018,2307.4927
Taiwan,TWN,2019,2392.069
Taiwan,TWN,2020,2016.5844
Taiwan,TWN,2021,1484.2474
Tajikistan,TJK,2012,3.016446
Tajikistan,TJK,2013,3.4412358
Tajikistan,TJK,2014,2.882414
Tajikistan,TJK,2015,4.6925964
Tajikistan,TJK,2016,14.326113
Tajikistan,TJK,2017,16.357574
Tajikistan,TJK,2018,18.84285
Tanzania,TZA,2021,194.01358
Thailand,THA,2013,1352.8729
Thailand,THA,2014,1406.4419
Thailand,THA,2015,1519.9075
Thailand,THA,2016,1636.7775
Thailand,THA,2017,1769.7344
Thailand,THA,2018,1839.8993
Thailand,THA,2019,1844.9463
Thailand,THA,2020,1039.2769
Trinidad and Tobago,TTO,2009,425.35062
Trinidad and Tobago,TTO,2010,507.6945
Trinidad and Tobago,TTO,2011,384.50134
Trinidad and Tobago,TTO,2013,435.19574
Turkey,TUR,2009,843.0246
Turkey,TUR,2010,934.1167
Turkey,TUR,2011,887.83307
Turkey,TUR,2012,862.43634
Turkey,TUR,2013,893.9079
Turkey,TUR,2014,907.5935
Turkey,TUR,2015,894.5941
Turkey,TUR,2016,844.8594
Turkey,TUR,2017,940.1774
Turkey,TUR,2018,948.23883
Turkey,TUR,2019,936.75635
Turkey,TUR,2020,509.26227
Turkey,TUR,2021,622.51544
Uganda,UGA,2019,26.915596
United Arab Emirates,ARE,2014,377.54825
United Arab Emirates,ARE,2015,737.0267
United Arab Emirates,ARE,2016,795.7292
United Arab Emirates,ARE,2017,602.7593
United Arab Emirates,ARE,2018,862.347
United Arab Emirates,ARE,2019,917.64136
United Arab Emirates,ARE,2020,943.33264
United Arab Emirates,ARE,2021,1088.7173
United Kingdom,GBR,2009,2024.4722
United Kingdom,GBR,2010,1903.026
United Kingdom,GBR,2011,2001.0631
United Kingdom,GBR,2012,1974.965
United Kingdom,GBR,2013,1911.3625
United Kingdom,GBR,2014,1763.715
United Kingdom,GBR,2015,1907.6613
United Kingdom,GBR,2016,1819.4293
United Kingdom,GBR,2017,1826.6306
United Kingdom,GBR,2018,1784.5951
United Kingdom,GBR,2019,1838.6113
Uruguay,URY,2017,1723.1581
Uruguay,URY,2018,1508.297
Uruguay,URY,2019,1714.4963
Venezuela,VEN,2006,403.3269
Venezuela,VEN,2007,389.46277
Venezuela,VEN,2008,505.22958
Venezuela,VEN,2009,446.34448
Venezuela,VEN,2010,429.4964
Venezuela,VEN,2011,454.76794
Venezuela,VEN,2012,414.2797
Venezuela,VEN,2013,528.65436
Venezuela,VEN,2014,493.15643
Venezuela,VEN,2015,359.48575
Venezuela,VEN,2016,408.30847
Venezuela,VEN,2017,413.8279
Vietnam,VNM,2016,313.5519
Vietnam,VNM,2017,379.65375
Vietnam,VNM,2018,406.68253
Vietnam,VNM,2019,454.1814
Vietnam,VNM,2020,296.9518
Vietnam,VNM,2021,194.93573
Zimbabwe,ZWE,1999,1743.4459
Zimbabwe,ZWE,2000,1590.5797
Zimbabwe,ZWE,2001,1420.286
Zimbabwe,ZWE,2002,1069.5354
Zimbabwe,ZWE,2003,955.1306
Zimbabwe,ZWE,2004,976.9848
Zimbabwe,ZWE,2005,943.4952
Zimbabwe,ZWE,2006,979.1176
Zimbabwe,ZWE,2007,963.8919
Zimbabwe,ZWE,2008,950.4912
Zimbabwe,ZWE,2009,954.3517
Zimbabwe,ZWE,2010,489.26096
Zimbabwe,ZWE,2011,706.75183
Zimbabwe,ZWE,2012,713.5894
Zimbabwe,ZWE,2013,574.45654
Zimbabwe,ZWE,2014,576.6556
Zimbabwe,ZWE,2015,672.8395
Zimbabwe,ZWE,2016,656.97046
Zimbabwe,ZWE,2017,617.3099
Zimbabwe,ZWE,2018,584.6989
Zimbabwe,ZWE,2019,791.7494
Zimbabwe,ZWE,2020,303.58023
Zimbabwe,ZWE,2021,429.79892